#
# There is insufficient memory for the Java Runtime Environment to continue.
# Native memory allocation (mmap) failed to map 167772160 bytes. Error detail: G1 virtual space
# Possible reasons:
#   The system is out of physical RAM or swap space
#   This process is running with CompressedOops enabled, and the Java Heap may be blocking the growth of the native heap
# Possible solutions:
#   Reduce memory load on the system
#   Increase physical memory or swap space
#   Check if swap backing store is full
#   Decrease Java heap size (-Xmx/-Xms)
#   Decrease number of Java threads
#   Decrease Java thread stack sizes (-Xss)
#   Set larger code cache with -XX:ReservedCodeCacheSize=
#   JVM is running with Zero Based Compressed Oops mode in which the Java heap is
#     placed in the first 32GB address space. The Java Heap base address is the
#     maximum limit for the native heap growth. Please use -XX:HeapBaseMinAddress
#     to set the Java Heap base and to place the Java Heap above 32GB virtual address.
# This output file may be truncated or incomplete.
#
#  Out of Memory Error (os_windows.cpp:3825), pid=14516, tid=27928
#
# JRE version: OpenJDK Runtime Environment (17.0.11) (build 17.0.11+0--11852314)
# Java VM: OpenJDK 64-Bit Server VM (17.0.11+0--11852314, mixed mode, tiered, compressed oops, compressed class ptrs, g1 gc, windows-amd64)
# No core dump will be written. Minidumps are not enabled by default on client versions of Windows
#

---------------  S U M M A R Y ------------

Command Line: --add-opens=java.base/java.lang=ALL-UNNAMED --add-opens=java.base/java.lang.invoke=ALL-UNNAMED --add-opens=java.base/java.util=ALL-UNNAMED --add-opens=java.prefs/java.util.prefs=ALL-UNNAMED --add-exports=jdk.compiler/com.sun.tools.javac.api=ALL-UNNAMED --add-exports=jdk.compiler/com.sun.tools.javac.util=ALL-UNNAMED --add-opens=java.base/java.util=ALL-UNNAMED --add-opens=java.prefs/java.util.prefs=ALL-UNNAMED --add-opens=java.base/java.nio.charset=ALL-UNNAMED --add-opens=java.base/java.net=ALL-UNNAMED --add-opens=java.base/java.util.concurrent.atomic=ALL-UNNAMED --add-opens=java.xml/javax.xml.namespace=ALL-UNNAMED -XX:MaxMetaspaceSize=4G -XX:ReservedCodeCacheSize=512m -XX:+HeapDumpOnOutOfMemoryError -Xmx8G -Dfile.encoding=windows-1256 -Duser.country=US -Duser.language=en -Duser.variant -javaagent:C:\Users\HP PROBOOK\.gradle\wrapper\dists\gradle-8.14-all\c2qonpi39x1mddn7hk5gh9iqj\gradle-8.14\lib\agents\gradle-instrumentation-agent-8.14.jar org.gradle.launcher.daemon.bootstrap.GradleDaemon 8.14

Host: AMD Ryzen 7 5825U with Radeon Graphics         , 16 cores, 7G,  Windows 11 , 64 bit Build 22000 (10.0.22000.2538)
Time: Fri May 15 19:13:22 2026 Jordan Standard Time elapsed time: 53.320072 seconds (0d 0h 0m 53s)

---------------  T H R E A D  ---------------

Current thread (0x0000028c79605a10):  VMThread "VM Thread" [stack: 0x000000f9dd400000,0x000000f9dd500000] [id=27928]

Stack: [0x000000f9dd400000,0x000000f9dd500000]
Native frames: (J=compiled Java code, j=interpreted, Vv=VM code, C=native code)
V  [jvm.dll+0x687bb9]
V  [jvm.dll+0x84142a]
V  [jvm.dll+0x8430ae]
V  [jvm.dll+0x843713]
V  [jvm.dll+0x24a35f]
V  [jvm.dll+0x684989]
V  [jvm.dll+0x67923a]
V  [jvm.dll+0x30af0b]
V  [jvm.dll+0x3123b6]
V  [jvm.dll+0x361dfe]
V  [jvm.dll+0x36202f]
V  [jvm.dll+0x2e0d38]
V  [jvm.dll+0x2df144]
V  [jvm.dll+0x2de74c]
V  [jvm.dll+0x32305b]
V  [jvm.dll+0x847e0b]
V  [jvm.dll+0x848b42]
V  [jvm.dll+0x84905d]
V  [jvm.dll+0x849434]
V  [jvm.dll+0x849500]
V  [jvm.dll+0x7efa4a]
V  [jvm.dll+0x686a35]
C  [ucrtbase.dll+0x26c0c]
C  [KERNEL32.DLL+0x153e0]
C  [ntdll.dll+0x485b]

VM_Operation (0x000000f9deceff40): G1CollectForAllocation, mode: safepoint, requested by thread 0x0000028c0010aaa0


---------------  P R O C E S S  ---------------

Threads class SMR info:
_java_thread_list=0x0000028c08e98d20, length=227, elements={
0x0000028c3f462cc0, 0x0000028c796080c0, 0x0000028c79608e50, 0x0000028c7963b850,
0x0000028c7963e290, 0x0000028c7963ecc0, 0x0000028c7965d820, 0x0000028c79663eb0,
0x0000028c7967faa0, 0x0000028c79682ba0, 0x0000028c797c9590, 0x0000028c7996a830,
0x0000028c7f6bf7a0, 0x0000028c7f79ecd0, 0x0000028c7f7a09e0, 0x0000028c7f79b170,
0x0000028c7f79b650, 0x0000028c0010a080, 0x0000028c0010aaa0, 0x0000028c0010afb0,
0x0000028c0010d320, 0x0000028c0010b4c0, 0x0000028c0010ce10, 0x0000028c0010a590,
0x0000028c0010c900, 0x0000028c0010d830, 0x0000028c0010bee0, 0x0000028c0010c3f0,
0x0000028c00e94900, 0x0000028c00e939d0, 0x0000028c00e93ee0, 0x0000028c00e95830,
0x0000028c00e934c0, 0x0000028c00e96760, 0x0000028c00e95320, 0x0000028c00d10910,
0x0000028c00d13bb0, 0x0000028c00d0f9e0, 0x0000028c00d10e20, 0x0000028c00d11330,
0x0000028c00d10400, 0x0000028c00d0f4d0, 0x0000028c00d136a0, 0x0000028c00d145d0,
0x0000028c00d14ff0, 0x0000028c00d0fef0, 0x0000028c00d11d50, 0x0000028c00d11840,
0x0000028c00d0e090, 0x0000028c00d12260, 0x0000028c00d12770, 0x0000028c00d13190,
0x0000028c00d14ae0, 0x0000028c00d12c80, 0x0000028c00d140c0, 0x0000028c00d15500,
0x0000028c00d15a10, 0x0000028c00d0e5a0, 0x0000028c00d0eab0, 0x0000028c00d0efc0,
0x0000028c7f7b7d40, 0x0000028c7f7b8c70, 0x0000028c7f7bbf10, 0x0000028c7f7b6900,
0x0000028c7f7baad0, 0x0000028c7f7b59d0, 0x0000028c7f7b6e10, 0x0000028c7f7b7320,
0x0000028c7f7b7830, 0x0000028c7f7b4fb0, 0x0000028c7f7bc420, 0x0000028c7f7bc930,
0x0000028c7f7b5ee0, 0x0000028c7f7ba5c0, 0x0000028c7f7b8250, 0x0000028c7f7bafe0,
0x0000028c7f7bb4f0, 0x0000028c7f7b8760, 0x0000028c7f7bba00, 0x0000028c7f7b9690,
0x0000028c7f7b9ba0, 0x0000028c7f7b54c0, 0x0000028c00991490, 0x0000028c00991eb0,
0x0000028c00990050, 0x0000028c009919a0, 0x0000028c00995150, 0x0000028c00993800,
0x0000028c00994730, 0x0000028c00993d10, 0x0000028c00990a70, 0x0000028c0098fb40,
0x0000028c009923c0, 0x0000028c00990f80, 0x0000028c0098e700, 0x0000028c0098ec10,
0x0000028c009932f0, 0x0000028c00992de0, 0x0000028c00990560, 0x0000028c0098f630,
0x0000028c009928d0, 0x0000028c00994220, 0x0000028c00994c40, 0x0000028c0098dce0,
0x0000028c00995660, 0x0000028c0098f120, 0x0000028c0098e1f0, 0x0000028c021a53c0,
0x0000028c021a3050, 0x0000028c021a8150, 0x0000028c021a5de0, 0x0000028c021a62f0,
0x0000028c021a4eb0, 0x0000028c021a6800, 0x0000028c021a9080, 0x0000028c021a58d0,
0x0000028c021a6d10, 0x0000028c021a7220, 0x0000028c021a7730, 0x0000028c021a7c40,
0x0000028c021a49a0, 0x0000028c021a8660, 0x0000028c021a8b70, 0x0000028c021a3560,
0x0000028c021a9590, 0x0000028c021a9aa0, 0x0000028c021a9fb0, 0x0000028c021a2b40,
0x0000028c021aa4c0, 0x0000028c021a3a70, 0x0000028c021a3f80, 0x0000028c021a4490,
0x0000028c0328c100, 0x0000028c0328c610, 0x0000028c0328b1d0, 0x0000028c032907e0,
0x0000028c0328b6e0, 0x0000028c03290cf0, 0x0000028c0328bbf0, 0x0000028c03291c20,
0x0000028c0328fdc0, 0x0000028c0328e470, 0x0000028c0328cb20, 0x0000028c0328d030,
0x0000028c03292130, 0x0000028c0328f8b0, 0x0000028c03291200, 0x0000028c0328acc0,
0x0000028c0328df60, 0x0000028c0328ee90, 0x0000028c0328f3a0, 0x0000028c032902d0,
0x0000028c03292640, 0x0000028c03291710, 0x0000028c0122b000, 0x0000028c01225f00,
0x0000028c01226410, 0x0000028c01228270, 0x0000028c01229bc0, 0x0000028c01227850,
0x0000028c01227340, 0x0000028c01228c90, 0x0000028c01226920, 0x0000028c01228780,
0x0000028c01226e30, 0x0000028c0122a5e0, 0x0000028c01224fd0, 0x0000028c012254e0,
0x0000028c01227d60, 0x0000028c0122aaf0, 0x0000028c012291a0, 0x0000028c01224ac0,
0x0000028c012296b0, 0x0000028c0122b510, 0x0000028c0122a0d0, 0x0000028c012240a0,
0x0000028c0122ba20, 0x0000028c012259f0, 0x0000028c012245b0, 0x0000028c0328da50,
0x0000028c02626230, 0x0000028c02628090, 0x0000028c02625d20, 0x0000028c026239b0,
0x0000028c026285a0, 0x0000028c026234a0, 0x0000028c02626740, 0x0000028c02623ec0,
0x0000028c02626c50, 0x0000028c02627160, 0x0000028c026243d0, 0x0000028c02627670,
0x0000028c02628ab0, 0x0000028c02627b80, 0x0000028c02628fc0, 0x0000028c02622a80,
0x0000028c026294d0, 0x0000028c02622f90, 0x0000028c0282c650, 0x0000028c03ac4090,
0x0000028c03ac45a0, 0x0000028c03ac03d0, 0x0000028c03abe570, 0x0000028c03abfec0,
0x0000028c03ac3b80, 0x0000028c03ac08e0, 0x0000028c03ac0df0, 0x0000028c03ac4fc0,
0x0000028c03ac1300, 0x0000028c03ac1810, 0x0000028c03ac3670, 0x0000028c03ac1d20,
0x0000028c03ac54d0, 0x0000028c03abe060, 0x0000028c03ac2740, 0x0000028c03ac2c50,
0x0000028c03ac3160, 0x0000028c03ac59e0, 0x0000028c03abea80, 0x0000028c02595dc0,
0x0000028c02597c20, 0x0000028c025967e0, 0x0000028c025958b0, 0x0000028c025962d0,
0x0000028c02598b50, 0x0000028c02599570, 0x0000028c0259a4a0
}

Java Threads: ( => current thread )
  0x0000028c3f462cc0 JavaThread "main" [_thread_blocked, id=11684, stack(0x000000f9dce00000,0x000000f9dcf00000)]
  0x0000028c796080c0 JavaThread "Reference Handler" daemon [_thread_blocked, id=6048, stack(0x000000f9dd500000,0x000000f9dd600000)]
  0x0000028c79608e50 JavaThread "Finalizer" daemon [_thread_blocked, id=13624, stack(0x000000f9dd600000,0x000000f9dd700000)]
  0x0000028c7963b850 JavaThread "Signal Dispatcher" daemon [_thread_blocked, id=10044, stack(0x000000f9dd700000,0x000000f9dd800000)]
  0x0000028c7963e290 JavaThread "Attach Listener" daemon [_thread_blocked, id=4088, stack(0x000000f9dd800000,0x000000f9dd900000)]
  0x0000028c7963ecc0 JavaThread "Service Thread" daemon [_thread_blocked, id=15120, stack(0x000000f9dd900000,0x000000f9dda00000)]
  0x0000028c7965d820 JavaThread "Monitor Deflation Thread" daemon [_thread_blocked, id=23964, stack(0x000000f9dda00000,0x000000f9ddb00000)]
  0x0000028c79663eb0 JavaThread "C2 CompilerThread0" daemon [_thread_blocked, id=15392, stack(0x000000f9ddb00000,0x000000f9ddc00000)]
  0x0000028c7967faa0 JavaThread "C1 CompilerThread0" daemon [_thread_blocked, id=6200, stack(0x000000f9ddc00000,0x000000f9ddd00000)]
  0x0000028c79682ba0 JavaThread "Sweeper thread" daemon [_thread_blocked, id=15064, stack(0x000000f9ddd00000,0x000000f9dde00000)]
  0x0000028c797c9590 JavaThread "Common-Cleaner" daemon [_thread_blocked, id=21676, stack(0x000000f9dde00000,0x000000f9ddf00000)]
  0x0000028c7996a830 JavaThread "Notification Thread" daemon [_thread_blocked, id=4988, stack(0x000000f9ddf00000,0x000000f9de000000)]
  0x0000028c7f6bf7a0 JavaThread "Daemon health stats" [_thread_blocked, id=10544, stack(0x000000f9de600000,0x000000f9de700000)]
  0x0000028c7f79ecd0 JavaThread "Incoming local TCP Connector on port 57452" [_thread_in_native, id=11284, stack(0x000000f9de700000,0x000000f9de800000)]
  0x0000028c7f7a09e0 JavaThread "Daemon periodic checks" [_thread_blocked, id=7652, stack(0x000000f9de800000,0x000000f9de900000)]
  0x0000028c7f79b170 JavaThread "Daemon" [_thread_blocked, id=26364, stack(0x000000f9de900000,0x000000f9dea00000)]
  0x0000028c7f79b650 JavaThread "Handler for socket connection from /127.0.0.1:57452 to /127.0.0.1:57453" [_thread_in_native, id=3316, stack(0x000000f9dea00000,0x000000f9deb00000)]
  0x0000028c0010a080 JavaThread "Cancel handler" [_thread_blocked, id=12788, stack(0x000000f9deb00000,0x000000f9dec00000)]
  0x0000028c0010aaa0 JavaThread "Daemon worker" [_thread_blocked, id=21128, stack(0x000000f9dec00000,0x000000f9ded00000)]
  0x0000028c0010afb0 JavaThread "Asynchronous log dispatcher for DefaultDaemonConnection: socket connection from /127.0.0.1:57452 to /127.0.0.1:57453" [_thread_blocked, id=13328, stack(0x000000f9ded00000,0x000000f9dee00000)]
  0x0000028c0010d320 JavaThread "Stdin handler" [_thread_blocked, id=12140, stack(0x000000f9dee00000,0x000000f9def00000)]
  0x0000028c0010b4c0 JavaThread "Daemon client event forwarder" [_thread_blocked, id=10016, stack(0x000000f9def00000,0x000000f9df000000)]
  0x0000028c0010ce10 JavaThread "Cache worker for journal cache (C:\Users\HP PROBOOK\.gradle\caches\journal-1)" [_thread_blocked, id=11096, stack(0x000000f9df900000,0x000000f9dfa00000)]
  0x0000028c0010a590 JavaThread "File lock request listener" [_thread_in_native, id=11448, stack(0x000000f9dfa00000,0x000000f9dfb00000)]
  0x0000028c0010c900 JavaThread "Cache worker for file hash cache (C:\Users\HP PROBOOK\.gradle\caches\8.14\fileHashes)" [_thread_blocked, id=19052, stack(0x000000f9dfb00000,0x000000f9dfc00000)]
  0x0000028c0010d830 JavaThread "Cache worker for file hash cache (C:\Users\HP PROBOOK\Desktop\smartcalm\android\.gradle\8.14\fileHashes)" [_thread_blocked, id=396, stack(0x000000f9dfc00000,0x000000f9dfd00000)]
  0x0000028c0010bee0 JavaThread "Cache worker for Build Output Cleanup Cache (C:\Users\HP PROBOOK\Desktop\smartcalm\android\.gradle\buildOutputCleanup)" [_thread_blocked, id=268, stack(0x000000f9dfd00000,0x000000f9dfe00000)]
  0x0000028c0010c3f0 JavaThread "File watcher server" daemon [_thread_in_native, id=23264, stack(0x000000f9dfe00000,0x000000f9dff00000)]
  0x0000028c00e94900 JavaThread "File watcher consumer" daemon [_thread_blocked, id=12600, stack(0x000000f9dff00000,0x000000f9e0000000)]
  0x0000028c00e939d0 JavaThread "File lock release action executor" [_thread_blocked, id=24552, stack(0x000000f9e0000000,0x000000f9e0100000)]
  0x0000028c00e93ee0 JavaThread "Cache worker for checksums cache (C:\Users\HP PROBOOK\Desktop\smartcalm\android\.gradle\8.14\checksums)" [_thread_blocked, id=7820, stack(0x000000f9e0100000,0x000000f9e0200000)]
  0x0000028c00e95830 JavaThread "Cache worker for file content cache (C:\Users\HP PROBOOK\.gradle\caches\8.14\fileContent)" [_thread_blocked, id=16820, stack(0x000000f9e0200000,0x000000f9e0300000)]
  0x0000028c00e934c0 JavaThread "Cache worker for cache directory md-supplier (C:\Users\HP PROBOOK\.gradle\caches\8.14\md-supplier)" [_thread_blocked, id=12988, stack(0x000000f9e0300000,0x000000f9e0400000)]
  0x0000028c00e96760 JavaThread "Cache worker for cache directory md-rule (C:\Users\HP PROBOOK\.gradle\caches\8.14\md-rule)" [_thread_blocked, id=24296, stack(0x000000f9e0400000,0x000000f9e0500000)]
  0x0000028c00e95320 JavaThread "Cache worker for Build Output Cleanup Cache (C:\src\flutter\packages\flutter_tools\gradle\.gradle\buildOutputCleanup)" [_thread_blocked, id=24656, stack(0x000000f9e0500000,0x000000f9e0600000)]
  0x0000028c00d10910 JavaThread "Unconstrained build operations" [_thread_blocked, id=5600, stack(0x000000f9e0600000,0x000000f9e0700000)]
  0x0000028c00d13bb0 JavaThread "Unconstrained build operations Thread 2" [_thread_blocked, id=2836, stack(0x000000f9e0700000,0x000000f9e0800000)]
  0x0000028c00d0f9e0 JavaThread "Unconstrained build operations Thread 3" [_thread_blocked, id=2360, stack(0x000000f9e0800000,0x000000f9e0900000)]
  0x0000028c00d10e20 JavaThread "Unconstrained build operations Thread 4" [_thread_blocked, id=28460, stack(0x000000f9e0900000,0x000000f9e0a00000)]
  0x0000028c00d11330 JavaThread "Unconstrained build operations Thread 5" [_thread_blocked, id=14532, stack(0x000000f9e0a00000,0x000000f9e0b00000)]
  0x0000028c00d10400 JavaThread "Unconstrained build operations Thread 6" [_thread_blocked, id=9284, stack(0x000000f9e0b00000,0x000000f9e0c00000)]
  0x0000028c00d0f4d0 JavaThread "Unconstrained build operations Thread 7" [_thread_blocked, id=19332, stack(0x000000f9e0c00000,0x000000f9e0d00000)]
  0x0000028c00d136a0 JavaThread "Unconstrained build operations Thread 8" [_thread_blocked, id=9840, stack(0x000000f9e0d00000,0x000000f9e0e00000)]
  0x0000028c00d145d0 JavaThread "Unconstrained build operations Thread 9" [_thread_blocked, id=19188, stack(0x000000f9e0e00000,0x000000f9e0f00000)]
  0x0000028c00d14ff0 JavaThread "Unconstrained build operations Thread 10" [_thread_blocked, id=22696, stack(0x000000f9e0f00000,0x000000f9e1000000)]
  0x0000028c00d0fef0 JavaThread "Unconstrained build operations Thread 11" [_thread_blocked, id=13868, stack(0x000000f9e1000000,0x000000f9e1100000)]
  0x0000028c00d11d50 JavaThread "Unconstrained build operations Thread 12" [_thread_blocked, id=12716, stack(0x000000f9e1100000,0x000000f9e1200000)]
  0x0000028c00d11840 JavaThread "Unconstrained build operations Thread 13" [_thread_blocked, id=10004, stack(0x000000f9e1200000,0x000000f9e1300000)]
  0x0000028c00d0e090 JavaThread "Unconstrained build operations Thread 14" [_thread_blocked, id=20948, stack(0x000000f9e1300000,0x000000f9e1400000)]
  0x0000028c00d12260 JavaThread "Unconstrained build operations Thread 15" [_thread_blocked, id=13204, stack(0x000000f9e1400000,0x000000f9e1500000)]
  0x0000028c00d12770 JavaThread "Unconstrained build operations Thread 16" [_thread_blocked, id=23740, stack(0x000000f9e1500000,0x000000f9e1600000)]
  0x0000028c00d13190 JavaThread "Unconstrained build operations Thread 17" [_thread_blocked, id=7384, stack(0x000000f9e1600000,0x000000f9e1700000)]
  0x0000028c00d14ae0 JavaThread "Unconstrained build operations Thread 18" [_thread_blocked, id=16116, stack(0x000000f9e1700000,0x000000f9e1800000)]
  0x0000028c00d12c80 JavaThread "Unconstrained build operations Thread 19" [_thread_blocked, id=8976, stack(0x000000f9e1800000,0x000000f9e1900000)]
  0x0000028c00d140c0 JavaThread "Unconstrained build operations Thread 20" [_thread_blocked, id=18508, stack(0x000000f9e1900000,0x000000f9e1a00000)]
  0x0000028c00d15500 JavaThread "Unconstrained build operations Thread 21" [_thread_blocked, id=26560, stack(0x000000f9e1a00000,0x000000f9e1b00000)]
  0x0000028c00d15a10 JavaThread "Unconstrained build operations Thread 22" [_thread_blocked, id=12412, stack(0x000000f9e1b00000,0x000000f9e1c00000)]
  0x0000028c00d0e5a0 JavaThread "Unconstrained build operations Thread 23" [_thread_blocked, id=14340, stack(0x000000f9e1c00000,0x000000f9e1d00000)]
  0x0000028c00d0eab0 JavaThread "Unconstrained build operations Thread 24" [_thread_blocked, id=13528, stack(0x000000f9e1d00000,0x000000f9e1e00000)]
  0x0000028c00d0efc0 JavaThread "Unconstrained build operations Thread 25" [_thread_blocked, id=18528, stack(0x000000f9e1e00000,0x000000f9e1f00000)]
  0x0000028c7f7b7d40 JavaThread "Unconstrained build operations Thread 26" [_thread_blocked, id=9184, stack(0x000000f9e1f00000,0x000000f9e2000000)]
  0x0000028c7f7b8c70 JavaThread "Unconstrained build operations Thread 27" [_thread_blocked, id=26924, stack(0x000000f9e2000000,0x000000f9e2100000)]
  0x0000028c7f7bbf10 JavaThread "Unconstrained build operations Thread 28" [_thread_blocked, id=20144, stack(0x000000f9e2100000,0x000000f9e2200000)]
  0x0000028c7f7b6900 JavaThread "Unconstrained build operations Thread 29" [_thread_blocked, id=26780, stack(0x000000f9e2200000,0x000000f9e2300000)]
  0x0000028c7f7baad0 JavaThread "Unconstrained build operations Thread 30" [_thread_blocked, id=17312, stack(0x000000f9e2300000,0x000000f9e2400000)]
  0x0000028c7f7b59d0 JavaThread "Unconstrained build operations Thread 31" [_thread_blocked, id=25956, stack(0x000000f9e2400000,0x000000f9e2500000)]
  0x0000028c7f7b6e10 JavaThread "Unconstrained build operations Thread 32" [_thread_blocked, id=6864, stack(0x000000f9e2500000,0x000000f9e2600000)]
  0x0000028c7f7b7320 JavaThread "Unconstrained build operations Thread 33" [_thread_blocked, id=21144, stack(0x000000f9e2600000,0x000000f9e2700000)]
  0x0000028c7f7b7830 JavaThread "Unconstrained build operations Thread 34" [_thread_blocked, id=28600, stack(0x000000f9e2700000,0x000000f9e2800000)]
  0x0000028c7f7b4fb0 JavaThread "Unconstrained build operations Thread 35" [_thread_blocked, id=3624, stack(0x000000f9e2800000,0x000000f9e2900000)]
  0x0000028c7f7bc420 JavaThread "Unconstrained build operations Thread 36" [_thread_blocked, id=19300, stack(0x000000f9e2900000,0x000000f9e2a00000)]
  0x0000028c7f7bc930 JavaThread "Unconstrained build operations Thread 37" [_thread_blocked, id=24772, stack(0x000000f9e2a00000,0x000000f9e2b00000)]
  0x0000028c7f7b5ee0 JavaThread "Unconstrained build operations Thread 38" [_thread_blocked, id=10500, stack(0x000000f9e2b00000,0x000000f9e2c00000)]
  0x0000028c7f7ba5c0 JavaThread "Unconstrained build operations Thread 39" [_thread_blocked, id=24564, stack(0x000000f9e2c00000,0x000000f9e2d00000)]
  0x0000028c7f7b8250 JavaThread "Unconstrained build operations Thread 40" [_thread_blocked, id=11124, stack(0x000000f9e2d00000,0x000000f9e2e00000)]
  0x0000028c7f7bafe0 JavaThread "Unconstrained build operations Thread 41" [_thread_blocked, id=21160, stack(0x000000f9e2e00000,0x000000f9e2f00000)]
  0x0000028c7f7bb4f0 JavaThread "Unconstrained build operations Thread 42" [_thread_blocked, id=27264, stack(0x000000f9e2f00000,0x000000f9e3000000)]
  0x0000028c7f7b8760 JavaThread "Unconstrained build operations Thread 43" [_thread_blocked, id=17132, stack(0x000000f9e3000000,0x000000f9e3100000)]
  0x0000028c7f7bba00 JavaThread "Unconstrained build operations Thread 44" [_thread_blocked, id=13100, stack(0x000000f9e3100000,0x000000f9e3200000)]
  0x0000028c7f7b9690 JavaThread "Unconstrained build operations Thread 45" [_thread_blocked, id=10536, stack(0x000000f9e3200000,0x000000f9e3300000)]
  0x0000028c7f7b9ba0 JavaThread "Memory manager" [_thread_blocked, id=25376, stack(0x000000f9e3300000,0x000000f9e3400000)]
  0x0000028c7f7b54c0 JavaThread "build event listener" [_thread_blocked, id=2320, stack(0x000000f9e3400000,0x000000f9e3500000)]
  0x0000028c00991490 JavaThread "included builds" [_thread_blocked, id=22988, stack(0x000000f9e3500000,0x000000f9e3600000)]
  0x0000028c00991eb0 JavaThread "Execution worker" [_thread_blocked, id=24192, stack(0x000000f9e3600000,0x000000f9e3700000)]
  0x0000028c00990050 JavaThread "Execution worker Thread 2" [_thread_blocked, id=17124, stack(0x000000f9e3700000,0x000000f9e3800000)]
  0x0000028c009919a0 JavaThread "Execution worker Thread 3" [_thread_blocked, id=26644, stack(0x000000f9e3800000,0x000000f9e3900000)]
  0x0000028c00995150 JavaThread "Execution worker Thread 4" [_thread_blocked, id=25556, stack(0x000000f9e3900000,0x000000f9e3a00000)]
  0x0000028c00993800 JavaThread "Execution worker Thread 5" [_thread_blocked, id=21576, stack(0x000000f9e3a00000,0x000000f9e3b00000)]
  0x0000028c00994730 JavaThread "Execution worker Thread 6" [_thread_blocked, id=18320, stack(0x000000f9e3b00000,0x000000f9e3c00000)]
  0x0000028c00993d10 JavaThread "Execution worker Thread 7" [_thread_blocked, id=24052, stack(0x000000f9e3c00000,0x000000f9e3d00000)]
  0x0000028c00990a70 JavaThread "Execution worker Thread 8" [_thread_blocked, id=24600, stack(0x000000f9e3d00000,0x000000f9e3e00000)]
  0x0000028c0098fb40 JavaThread "Execution worker Thread 9" [_thread_blocked, id=28148, stack(0x000000f9e3e00000,0x000000f9e3f00000)]
  0x0000028c009923c0 JavaThread "Execution worker Thread 10" [_thread_blocked, id=8016, stack(0x000000f9e3f00000,0x000000f9e4000000)]
  0x0000028c00990f80 JavaThread "Execution worker Thread 11" [_thread_blocked, id=28384, stack(0x000000f9e4000000,0x000000f9e4100000)]
  0x0000028c0098e700 JavaThread "Execution worker Thread 12" [_thread_blocked, id=4560, stack(0x000000f9e4100000,0x000000f9e4200000)]
  0x0000028c0098ec10 JavaThread "Execution worker Thread 13" [_thread_blocked, id=21932, stack(0x000000f9e4200000,0x000000f9e4300000)]
  0x0000028c009932f0 JavaThread "Execution worker Thread 14" [_thread_blocked, id=19244, stack(0x000000f9e4300000,0x000000f9e4400000)]
  0x0000028c00992de0 JavaThread "Execution worker Thread 15" [_thread_blocked, id=16332, stack(0x000000f9e4400000,0x000000f9e4500000)]
  0x0000028c00990560 JavaThread "Cache worker for execution history cache (C:\src\flutter\packages\flutter_tools\gradle\.gradle\8.14\executionHistory)" [_thread_blocked, id=20400, stack(0x000000f9e4500000,0x000000f9e4600000)]
  0x0000028c0098f630 JavaThread "Unconstrained build operations Thread 46" [_thread_blocked, id=13060, stack(0x000000f9e4600000,0x000000f9e4700000)]
  0x0000028c009928d0 JavaThread "Unconstrained build operations Thread 47" [_thread_blocked, id=13520, stack(0x000000f9e4700000,0x000000f9e4800000)]
  0x0000028c00994220 JavaThread "Unconstrained build operations Thread 48" [_thread_blocked, id=14420, stack(0x000000f9e4800000,0x000000f9e4900000)]
  0x0000028c00994c40 JavaThread "Unconstrained build operations Thread 49" [_thread_blocked, id=14168, stack(0x000000f9e4900000,0x000000f9e4a00000)]
  0x0000028c0098dce0 JavaThread "Unconstrained build operations Thread 50" [_thread_blocked, id=19892, stack(0x000000f9e4a00000,0x000000f9e4b00000)]
  0x0000028c00995660 JavaThread "Unconstrained build operations Thread 51" [_thread_blocked, id=13776, stack(0x000000f9e4b00000,0x000000f9e4c00000)]
  0x0000028c0098f120 JavaThread "Unconstrained build operations Thread 52" [_thread_blocked, id=9620, stack(0x000000f9e4c00000,0x000000f9e4d00000)]
  0x0000028c0098e1f0 JavaThread "Unconstrained build operations Thread 53" [_thread_blocked, id=3672, stack(0x000000f9e4d00000,0x000000f9e4e00000)]
  0x0000028c021a53c0 JavaThread "Unconstrained build operations Thread 54" [_thread_blocked, id=15272, stack(0x000000f9e4e00000,0x000000f9e4f00000)]
  0x0000028c021a3050 JavaThread "Unconstrained build operations Thread 55" [_thread_blocked, id=15316, stack(0x000000f9e4f00000,0x000000f9e5000000)]
  0x0000028c021a8150 JavaThread "Unconstrained build operations Thread 56" [_thread_blocked, id=17144, stack(0x000000f9e5000000,0x000000f9e5100000)]
  0x0000028c021a5de0 JavaThread "Unconstrained build operations Thread 57" [_thread_blocked, id=24156, stack(0x000000f9e5100000,0x000000f9e5200000)]
  0x0000028c021a62f0 JavaThread "Unconstrained build operations Thread 58" [_thread_blocked, id=22392, stack(0x000000f9e5200000,0x000000f9e5300000)]
  0x0000028c021a4eb0 JavaThread "Unconstrained build operations Thread 59" [_thread_blocked, id=9756, stack(0x000000f9e5300000,0x000000f9e5400000)]
  0x0000028c021a6800 JavaThread "Unconstrained build operations Thread 60" [_thread_blocked, id=8532, stack(0x000000f9e5400000,0x000000f9e5500000)]
  0x0000028c021a9080 JavaThread "Unconstrained build operations Thread 61" [_thread_blocked, id=24028, stack(0x000000f9e5500000,0x000000f9e5600000)]
  0x0000028c021a58d0 JavaThread "Unconstrained build operations Thread 62" [_thread_blocked, id=21252, stack(0x000000f9e5600000,0x000000f9e5700000)]
  0x0000028c021a6d10 JavaThread "Unconstrained build operations Thread 63" [_thread_blocked, id=1988, stack(0x000000f9e5700000,0x000000f9e5800000)]
  0x0000028c021a7220 JavaThread "Unconstrained build operations Thread 64" [_thread_blocked, id=2952, stack(0x000000f9e5800000,0x000000f9e5900000)]
  0x0000028c021a7730 JavaThread "Unconstrained build operations Thread 65" [_thread_blocked, id=8672, stack(0x000000f9e5900000,0x000000f9e5a00000)]
  0x0000028c021a7c40 JavaThread "Unconstrained build operations Thread 66" [_thread_blocked, id=22644, stack(0x000000f9e5a00000,0x000000f9e5b00000)]
  0x0000028c021a49a0 JavaThread "Unconstrained build operations Thread 67" [_thread_blocked, id=24344, stack(0x000000f9e5b00000,0x000000f9e5c00000)]
  0x0000028c021a8660 JavaThread "Unconstrained build operations Thread 68" [_thread_blocked, id=15132, stack(0x000000f9e5c00000,0x000000f9e5d00000)]
  0x0000028c021a8b70 JavaThread "Unconstrained build operations Thread 69" [_thread_blocked, id=20412, stack(0x000000f9e5d00000,0x000000f9e5e00000)]
  0x0000028c021a3560 JavaThread "Unconstrained build operations Thread 70" [_thread_blocked, id=21028, stack(0x000000f9e5e00000,0x000000f9e5f00000)]
  0x0000028c021a9590 JavaThread "Unconstrained build operations Thread 71" [_thread_blocked, id=14568, stack(0x000000f9e5f00000,0x000000f9e6000000)]
  0x0000028c021a9aa0 JavaThread "Unconstrained build operations Thread 72" [_thread_blocked, id=7268, stack(0x000000f9e6000000,0x000000f9e6100000)]
  0x0000028c021a9fb0 JavaThread "Unconstrained build operations Thread 73" [_thread_blocked, id=18748, stack(0x000000f9e6100000,0x000000f9e6200000)]
  0x0000028c021a2b40 JavaThread "Unconstrained build operations Thread 74" [_thread_blocked, id=12112, stack(0x000000f9e6200000,0x000000f9e6300000)]
  0x0000028c021aa4c0 JavaThread "Unconstrained build operations Thread 75" [_thread_blocked, id=14940, stack(0x000000f9e6300000,0x000000f9e6400000)]
  0x0000028c021a3a70 JavaThread "Unconstrained build operations Thread 76" [_thread_blocked, id=23444, stack(0x000000f9e6400000,0x000000f9e6500000)]
  0x0000028c021a3f80 JavaThread "Unconstrained build operations Thread 77" [_thread_blocked, id=8936, stack(0x000000f9e6500000,0x000000f9e6600000)]
  0x0000028c021a4490 JavaThread "Unconstrained build operations Thread 78" [_thread_blocked, id=3696, stack(0x000000f9e6600000,0x000000f9e6700000)]
  0x0000028c0328c100 JavaThread "Unconstrained build operations Thread 79" [_thread_blocked, id=13564, stack(0x000000f9e6700000,0x000000f9e6800000)]
  0x0000028c0328c610 JavaThread "Unconstrained build operations Thread 80" [_thread_blocked, id=6148, stack(0x000000f9e6800000,0x000000f9e6900000)]
  0x0000028c0328b1d0 JavaThread "Unconstrained build operations Thread 81" [_thread_blocked, id=16796, stack(0x000000f9e6900000,0x000000f9e6a00000)]
  0x0000028c032907e0 JavaThread "Unconstrained build operations Thread 82" [_thread_blocked, id=3356, stack(0x000000f9e6a00000,0x000000f9e6b00000)]
  0x0000028c0328b6e0 JavaThread "Unconstrained build operations Thread 83" [_thread_blocked, id=14544, stack(0x000000f9e6b00000,0x000000f9e6c00000)]
  0x0000028c03290cf0 JavaThread "Unconstrained build operations Thread 84" [_thread_blocked, id=23068, stack(0x000000f9e6c00000,0x000000f9e6d00000)]
  0x0000028c0328bbf0 JavaThread "Unconstrained build operations Thread 85" [_thread_blocked, id=15920, stack(0x000000f9e6d00000,0x000000f9e6e00000)]
  0x0000028c03291c20 JavaThread "Unconstrained build operations Thread 86" [_thread_blocked, id=28636, stack(0x000000f9e6e00000,0x000000f9e6f00000)]
  0x0000028c0328fdc0 JavaThread "Unconstrained build operations Thread 87" [_thread_blocked, id=17912, stack(0x000000f9e6f00000,0x000000f9e7000000)]
  0x0000028c0328e470 JavaThread "Unconstrained build operations Thread 88" [_thread_blocked, id=11056, stack(0x000000f9e7000000,0x000000f9e7100000)]
  0x0000028c0328cb20 JavaThread "Unconstrained build operations Thread 89" [_thread_blocked, id=22972, stack(0x000000f9e7100000,0x000000f9e7200000)]
  0x0000028c0328d030 JavaThread "Unconstrained build operations Thread 90" [_thread_blocked, id=5428, stack(0x000000f9e7200000,0x000000f9e7300000)]
  0x0000028c03292130 JavaThread "Unconstrained build operations Thread 91" [_thread_blocked, id=7416, stack(0x000000f9e7300000,0x000000f9e7400000)]
  0x0000028c0328f8b0 JavaThread "Unconstrained build operations Thread 92" [_thread_blocked, id=25048, stack(0x000000f9e7400000,0x000000f9e7500000)]
  0x0000028c03291200 JavaThread "WorkerExecutor Queue" [_thread_blocked, id=11444, stack(0x000000f9e7500000,0x000000f9e7600000)]
  0x0000028c0328acc0 JavaThread "RMI Scheduler(0)" daemon [_thread_blocked, id=18576, stack(0x000000f9e7600000,0x000000f9e7700000)]
  0x0000028c0328df60 JavaThread "RMI GC Daemon" daemon [_thread_blocked, id=12756, stack(0x000000f9e7800000,0x000000f9e7900000)]
  0x0000028c0328ee90 JavaThread "RMI TCP Accept-0" daemon [_thread_in_native, id=16672, stack(0x000000f9e7900000,0x000000f9e7a00000)]
  0x0000028c0328f3a0 JavaThread "RMI Reaper" [_thread_blocked, id=24688, stack(0x000000f9e7a00000,0x000000f9e7b00000)]
  0x0000028c032902d0 JavaThread "RMI TCP Connection(idle)" daemon [_thread_blocked, id=2084, stack(0x000000f9e7b00000,0x000000f9e7c00000)]
  0x0000028c03292640 JavaThread "Unconstrained build operations Thread 93" [_thread_blocked, id=19572, stack(0x000000f9e7700000,0x000000f9e7800000)]
  0x0000028c03291710 JavaThread "Unconstrained build operations Thread 94" [_thread_blocked, id=11524, stack(0x000000f9e7e00000,0x000000f9e7f00000)]
  0x0000028c0122b000 JavaThread "Unconstrained build operations Thread 95" [_thread_blocked, id=3580, stack(0x000000f9e7f00000,0x000000f9e8000000)]
  0x0000028c01225f00 JavaThread "Unconstrained build operations Thread 96" [_thread_blocked, id=24492, stack(0x000000f9e8000000,0x000000f9e8100000)]
  0x0000028c01226410 JavaThread "Unconstrained build operations Thread 97" [_thread_blocked, id=4936, stack(0x000000f9e8100000,0x000000f9e8200000)]
  0x0000028c01228270 JavaThread "Unconstrained build operations Thread 98" [_thread_blocked, id=6508, stack(0x000000f9e8200000,0x000000f9e8300000)]
  0x0000028c01229bc0 JavaThread "Unconstrained build operations Thread 99" [_thread_blocked, id=13728, stack(0x000000f9e8300000,0x000000f9e8400000)]
  0x0000028c01227850 JavaThread "Unconstrained build operations Thread 100" [_thread_blocked, id=17188, stack(0x000000f9e8400000,0x000000f9e8500000)]
  0x0000028c01227340 JavaThread "Unconstrained build operations Thread 101" [_thread_blocked, id=23376, stack(0x000000f9e8500000,0x000000f9e8600000)]
  0x0000028c01228c90 JavaThread "Unconstrained build operations Thread 102" [_thread_blocked, id=8212, stack(0x000000f9e8600000,0x000000f9e8700000)]
  0x0000028c01226920 JavaThread "Unconstrained build operations Thread 103" [_thread_blocked, id=22648, stack(0x000000f9e8700000,0x000000f9e8800000)]
  0x0000028c01228780 JavaThread "Unconstrained build operations Thread 104" [_thread_blocked, id=10264, stack(0x000000f9e8800000,0x000000f9e8900000)]
  0x0000028c01226e30 JavaThread "Unconstrained build operations Thread 105" [_thread_blocked, id=24144, stack(0x000000f9e8900000,0x000000f9e8a00000)]
  0x0000028c0122a5e0 JavaThread "Unconstrained build operations Thread 106" [_thread_blocked, id=22880, stack(0x000000f9e8a00000,0x000000f9e8b00000)]
  0x0000028c01224fd0 JavaThread "Unconstrained build operations Thread 107" [_thread_blocked, id=6592, stack(0x000000f9e8b00000,0x000000f9e8c00000)]
  0x0000028c012254e0 JavaThread "Unconstrained build operations Thread 108" [_thread_blocked, id=20344, stack(0x000000f9e8c00000,0x000000f9e8d00000)]
  0x0000028c01227d60 JavaThread "Unconstrained build operations Thread 109" [_thread_blocked, id=12472, stack(0x000000f9e8d00000,0x000000f9e8e00000)]
  0x0000028c0122aaf0 JavaThread "Unconstrained build operations Thread 110" [_thread_blocked, id=2772, stack(0x000000f9e8e00000,0x000000f9e8f00000)]
  0x0000028c012291a0 JavaThread "Unconstrained build operations Thread 111" [_thread_blocked, id=4992, stack(0x000000f9e8f00000,0x000000f9e9000000)]
  0x0000028c01224ac0 JavaThread "Unconstrained build operations Thread 112" [_thread_blocked, id=11768, stack(0x000000f9e9000000,0x000000f9e9100000)]
  0x0000028c012296b0 JavaThread "Unconstrained build operations Thread 113" [_thread_blocked, id=12800, stack(0x000000f9e9100000,0x000000f9e9200000)]
  0x0000028c0122b510 JavaThread "Unconstrained build operations Thread 114" [_thread_blocked, id=27596, stack(0x000000f9e9200000,0x000000f9e9300000)]
  0x0000028c0122a0d0 JavaThread "Unconstrained build operations Thread 115" [_thread_blocked, id=15772, stack(0x000000f9e9300000,0x000000f9e9400000)]
  0x0000028c012240a0 JavaThread "Unconstrained build operations Thread 116" [_thread_blocked, id=21840, stack(0x000000f9e9400000,0x000000f9e9500000)]
  0x0000028c0122ba20 JavaThread "Unconstrained build operations Thread 117" [_thread_blocked, id=6788, stack(0x000000f9e9500000,0x000000f9e9600000)]
  0x0000028c012259f0 JavaThread "Unconstrained build operations Thread 118" [_thread_blocked, id=7480, stack(0x000000f9e9600000,0x000000f9e9700000)]
  0x0000028c012245b0 JavaThread "Unconstrained build operations Thread 119" [_thread_blocked, id=24316, stack(0x000000f9e9700000,0x000000f9e9800000)]
  0x0000028c0328da50 JavaThread "Unconstrained build operations Thread 120" [_thread_blocked, id=16844, stack(0x000000f9e9800000,0x000000f9e9900000)]
  0x0000028c02626230 JavaThread "Unconstrained build operations Thread 121" [_thread_blocked, id=19232, stack(0x000000f9e9900000,0x000000f9e9a00000)]
  0x0000028c02628090 JavaThread "Unconstrained build operations Thread 122" [_thread_blocked, id=6408, stack(0x000000f9e9a00000,0x000000f9e9b00000)]
  0x0000028c02625d20 JavaThread "Unconstrained build operations Thread 123" [_thread_blocked, id=24372, stack(0x000000f9e9b00000,0x000000f9e9c00000)]
  0x0000028c026239b0 JavaThread "Unconstrained build operations Thread 124" [_thread_blocked, id=25680, stack(0x000000f9e9c00000,0x000000f9e9d00000)]
  0x0000028c026285a0 JavaThread "Unconstrained build operations Thread 125" [_thread_blocked, id=1936, stack(0x000000f9e9d00000,0x000000f9e9e00000)]
  0x0000028c026234a0 JavaThread "Unconstrained build operations Thread 126" [_thread_blocked, id=24280, stack(0x000000f9e9e00000,0x000000f9e9f00000)]
  0x0000028c02626740 JavaThread "Unconstrained build operations Thread 127" [_thread_blocked, id=5680, stack(0x000000f9e9f00000,0x000000f9ea000000)]
  0x0000028c02623ec0 JavaThread "Unconstrained build operations Thread 128" [_thread_blocked, id=26224, stack(0x000000f9ea000000,0x000000f9ea100000)]
  0x0000028c02626c50 JavaThread "Unconstrained build operations Thread 129" [_thread_blocked, id=19304, stack(0x000000f9ea100000,0x000000f9ea200000)]
  0x0000028c02627160 JavaThread "Unconstrained build operations Thread 130" [_thread_blocked, id=14512, stack(0x000000f9ea200000,0x000000f9ea300000)]
  0x0000028c026243d0 JavaThread "Unconstrained build operations Thread 131" [_thread_blocked, id=2160, stack(0x000000f9ea300000,0x000000f9ea400000)]
  0x0000028c02627670 JavaThread "Unconstrained build operations Thread 132" [_thread_blocked, id=2728, stack(0x000000f9ea400000,0x000000f9ea500000)]
  0x0000028c02628ab0 JavaThread "Unconstrained build operations Thread 133" [_thread_blocked, id=22824, stack(0x000000f9ea500000,0x000000f9ea600000)]
  0x0000028c02627b80 JavaThread "Unconstrained build operations Thread 134" [_thread_blocked, id=28248, stack(0x000000f9ea600000,0x000000f9ea700000)]
  0x0000028c02628fc0 JavaThread "Unconstrained build operations Thread 135" [_thread_blocked, id=20768, stack(0x000000f9ea700000,0x000000f9ea800000)]
  0x0000028c02622a80 JavaThread "Unconstrained build operations Thread 136" [_thread_blocked, id=23584, stack(0x000000f9ea800000,0x000000f9ea900000)]
  0x0000028c026294d0 JavaThread "Unconstrained build operations Thread 137" [_thread_blocked, id=5796, stack(0x000000f9ea900000,0x000000f9eaa00000)]
  0x0000028c02622f90 JavaThread "build event listener" [_thread_blocked, id=4296, stack(0x000000f9eaa00000,0x000000f9eab00000)]
  0x0000028c0282c650 JavaThread "C1 CompilerThread1" daemon [_thread_blocked, id=2888, stack(0x000000f9eab00000,0x000000f9eac00000)]
  0x0000028c03ac4090 JavaThread "jar transforms" [_thread_blocked, id=4196, stack(0x000000f9eac00000,0x000000f9ead00000)]
  0x0000028c03ac45a0 JavaThread "Unconstrained build operations Thread 138" [_thread_blocked, id=15980, stack(0x000000f9ead00000,0x000000f9eae00000)]
  0x0000028c03ac03d0 JavaThread "Unconstrained build operations Thread 139" [_thread_blocked, id=27796, stack(0x000000f9eae00000,0x000000f9eaf00000)]
  0x0000028c03abe570 JavaThread "Unconstrained build operations Thread 140" [_thread_blocked, id=1240, stack(0x000000f9eaf00000,0x000000f9eb000000)]
  0x0000028c03abfec0 JavaThread "Unconstrained build operations Thread 141" [_thread_blocked, id=24000, stack(0x000000f9eb000000,0x000000f9eb100000)]
  0x0000028c03ac3b80 JavaThread "Unconstrained build operations Thread 142" [_thread_blocked, id=21384, stack(0x000000f9eb100000,0x000000f9eb200000)]
  0x0000028c03ac08e0 JavaThread "Unconstrained build operations Thread 143" [_thread_blocked, id=25480, stack(0x000000f9eb200000,0x000000f9eb300000)]
  0x0000028c03ac0df0 JavaThread "Unconstrained build operations Thread 144" [_thread_blocked, id=12000, stack(0x000000f9eb300000,0x000000f9eb400000)]
  0x0000028c03ac4fc0 JavaThread "Unconstrained build operations Thread 145" [_thread_blocked, id=13220, stack(0x000000f9eb400000,0x000000f9eb500000)]
  0x0000028c03ac1300 JavaThread "Unconstrained build operations Thread 146" [_thread_blocked, id=27196, stack(0x000000f9eb500000,0x000000f9eb600000)]
  0x0000028c03ac1810 JavaThread "Unconstrained build operations Thread 147" [_thread_blocked, id=22672, stack(0x000000f9eb600000,0x000000f9eb700000)]
  0x0000028c03ac3670 JavaThread "Unconstrained build operations Thread 148" [_thread_blocked, id=20864, stack(0x000000f9eb700000,0x000000f9eb800000)]
  0x0000028c03ac1d20 JavaThread "Unconstrained build operations Thread 149" [_thread_blocked, id=11672, stack(0x000000f9eb800000,0x000000f9eb900000)]
  0x0000028c03ac54d0 JavaThread "Unconstrained build operations Thread 150" [_thread_blocked, id=6116, stack(0x000000f9eb900000,0x000000f9eba00000)]
  0x0000028c03abe060 JavaThread "Unconstrained build operations Thread 151" [_thread_blocked, id=15720, stack(0x000000f9eba00000,0x000000f9ebb00000)]
  0x0000028c03ac2740 JavaThread "Unconstrained build operations Thread 152" [_thread_blocked, id=13196, stack(0x000000f9ebb00000,0x000000f9ebc00000)]
  0x0000028c03ac2c50 JavaThread "Unconstrained build operations Thread 153" [_thread_blocked, id=11728, stack(0x000000f9ebc00000,0x000000f9ebd00000)]
  0x0000028c03ac3160 JavaThread "Unconstrained build operations Thread 154" [_thread_blocked, id=16840, stack(0x000000f9ebd00000,0x000000f9ebe00000)]
  0x0000028c03ac59e0 JavaThread "Unconstrained build operations Thread 155" [_thread_blocked, id=13216, stack(0x000000f9ebe00000,0x000000f9ebf00000)]
  0x0000028c03abea80 JavaThread "Unconstrained build operations Thread 156" [_thread_blocked, id=11240, stack(0x000000f9ebf00000,0x000000f9ec000000)]
  0x0000028c02595dc0 JavaThread "Unconstrained build operations Thread 157" [_thread_blocked, id=7844, stack(0x000000f9ec000000,0x000000f9ec100000)]
  0x0000028c02597c20 JavaThread "Unconstrained build operations Thread 158" [_thread_blocked, id=25544, stack(0x000000f9ec100000,0x000000f9ec200000)]
  0x0000028c025967e0 JavaThread "Unconstrained build operations Thread 159" [_thread_blocked, id=21192, stack(0x000000f9ec200000,0x000000f9ec300000)]
  0x0000028c025958b0 JavaThread "Unconstrained build operations Thread 160" [_thread_blocked, id=18144, stack(0x000000f9ec300000,0x000000f9ec400000)]
  0x0000028c025962d0 JavaThread "jar transforms Thread 2" [_thread_blocked, id=24984, stack(0x000000f9ec400000,0x000000f9ec500000)]
  0x0000028c02598b50 JavaThread "Problems report writer" [_thread_blocked, id=10504, stack(0x000000f9ec500000,0x000000f9ec600000)]
  0x0000028c02599570 JavaThread "jar transforms Thread 3" [_thread_blocked, id=15748, stack(0x000000f9ec600000,0x000000f9ec700000)]
  0x0000028c0259a4a0 JavaThread "jar transforms Thread 4" [_thread_blocked, id=4316, stack(0x000000f9ec700000,0x000000f9ec800000)]

Other Threads:
=>0x0000028c79605a10 VMThread "VM Thread" [stack: 0x000000f9dd400000,0x000000f9dd500000] [id=27928]
  0x0000028c3f4637f0 WatcherThread [stack: 0x000000f9de000000,0x000000f9de100000] [id=3636]
  0x0000028c3f510fd0 GCTaskThread "GC Thread#0" [stack: 0x000000f9dcf00000,0x000000f9dd000000] [id=20584]
  0x0000028c7e0f3270 GCTaskThread "GC Thread#1" [stack: 0x000000f9de100000,0x000000f9de200000] [id=18476]
  0x0000028c7e2344b0 GCTaskThread "GC Thread#2" [stack: 0x000000f9de200000,0x000000f9de300000] [id=16128]
  0x0000028c7e48bad0 GCTaskThread "GC Thread#3" [stack: 0x000000f9de300000,0x000000f9de400000] [id=27576]
  0x0000028c7ec05880 GCTaskThread "GC Thread#4" [stack: 0x000000f9de400000,0x000000f9de500000] [id=27216]
  0x0000028c7f1b4780 GCTaskThread "GC Thread#5" [stack: 0x000000f9de500000,0x000000f9de600000] [id=26000]
  0x0000028c002ce030 GCTaskThread "GC Thread#6" [stack: 0x000000f9df000000,0x000000f9df100000] [id=25060]
  0x0000028c7f77a040 GCTaskThread "GC Thread#7" [stack: 0x000000f9df100000,0x000000f9df200000] [id=22020]
  0x0000028c7f79c910 GCTaskThread "GC Thread#8" [stack: 0x000000f9df200000,0x000000f9df300000] [id=28508]
  0x0000028c003c29f0 GCTaskThread "GC Thread#9" [stack: 0x000000f9df300000,0x000000f9df400000] [id=28572]
  0x0000028c0014f0c0 GCTaskThread "GC Thread#10" [stack: 0x000000f9df400000,0x000000f9df500000] [id=20444]
  0x0000028c0014f640 GCTaskThread "GC Thread#11" [stack: 0x000000f9df500000,0x000000f9df600000] [id=2200]
  0x0000028c0014f900 GCTaskThread "GC Thread#12" [stack: 0x000000f9df600000,0x000000f9df700000] [id=1680]
  0x0000028c3f51e5c0 ConcurrentGCThread "G1 Main Marker" [stack: 0x000000f9dd000000,0x000000f9dd100000] [id=13596]
  0x0000028c764c4090 ConcurrentGCThread "G1 Conc#0" [stack: 0x000000f9dd100000,0x000000f9dd200000] [id=18696]
  0x0000028c00150400 ConcurrentGCThread "G1 Conc#1" [stack: 0x000000f9df700000,0x000000f9df800000] [id=4772]
  0x0000028c0014fbc0 ConcurrentGCThread "G1 Conc#2" [stack: 0x000000f9df800000,0x000000f9df900000] [id=25992]
  0x0000028c765544a0 ConcurrentGCThread "G1 Refine#0" [stack: 0x000000f9dd200000,0x000000f9dd300000] [id=27612]
  0x0000028c76556df0 ConcurrentGCThread "G1 Service" [stack: 0x000000f9dd300000,0x000000f9dd400000] [id=20532]

Threads with active compile tasks:
C2 CompilerThread0    53530 15425 %     4       org.gradle.internal.instantiation.generator.AbstractClassGenerator::inspectType @ 107 (602 bytes)

VM state: at safepoint (normal execution)

VM Mutex/Monitor currently owned by a thread:  ([mutex/lock_event])
[0x0000028c3f45eb20] Threads_lock - owner thread: 0x0000028c79605a10
[0x0000028c3f45db60] Heap_lock - owner thread: 0x0000028c0010aaa0

Heap address: 0x0000000600000000, size: 8192 MB, Compressed Oops mode: Zero based, Oop shift amount: 3

CDS archive(s) not mapped
Compressed class space mapped at: 0x0000000800000000-0x0000000840000000, reserved size: 1073741824
Narrow klass base: 0x0000000800000000, Narrow klass shift: 0, Narrow klass range: 0x40000000

GC Precious Log:
 CPUs: 16 total, 16 available
 Memory: 7489M
 Large Page Support: Disabled
 NUMA Support: Disabled
 Compressed Oops: Enabled (Zero based)
 Heap Region Size: 4M
 Heap Min Capacity: 8M
 Heap Initial Capacity: 120M
 Heap Max Capacity: 8G
 Pre-touch: Disabled
 Parallel Workers: 13
 Concurrent Workers: 3
 Concurrent Refinement Workers: 13
 Periodic GC: Disabled

Heap:
 garbage-first heap   total 286720K, used 158338K [0x0000000600000000, 0x0000000800000000)
  region size 4096K, 3 young (12288K), 3 survivors (12288K)
 Metaspace       used 126325K, committed 127424K, reserved 1179648K
  class space    used 17521K, committed 18112K, reserved 1048576K

Heap Regions: E=young(eden), S=young(survivor), O=old, HS=humongous(starts), HC=humongous(continues), CS=collection set, F=free, OA=open archive, CA=closed archive, TAMS=top-at-mark-start (previous, next)
|   0|0x0000000600000000, 0x0000000600400000, 0x0000000600400000|100%|HS|  |TAMS 0x0000000600400000, 0x0000000600400000| Complete 
|   1|0x0000000600400000, 0x0000000600800000, 0x0000000600800000|100%| O|  |TAMS 0x0000000600800000, 0x0000000600800000| Untracked 
|   2|0x0000000600800000, 0x0000000600c00000, 0x0000000600c00000|100%| O|  |TAMS 0x0000000600c00000, 0x0000000600c00000| Untracked 
|   3|0x0000000600c00000, 0x0000000601000000, 0x0000000601000000|100%| O|  |TAMS 0x0000000601000000, 0x0000000601000000| Untracked 
|   4|0x0000000601000000, 0x0000000601400000, 0x0000000601400000|100%| O|  |TAMS 0x0000000601400000, 0x0000000601400000| Untracked 
|   5|0x0000000601400000, 0x0000000601800000, 0x0000000601800000|100%| O|  |TAMS 0x0000000601800000, 0x0000000601800000| Untracked 
|   6|0x0000000601800000, 0x0000000601c00000, 0x0000000601c00000|100%| O|  |TAMS 0x0000000601c00000, 0x0000000601c00000| Untracked 
|   7|0x0000000601c00000, 0x0000000602000000, 0x0000000602000000|100%| O|  |TAMS 0x0000000602000000, 0x0000000602000000| Untracked 
|   8|0x0000000602000000, 0x0000000602400000, 0x0000000602400000|100%| O|  |TAMS 0x0000000602400000, 0x0000000602400000| Untracked 
|   9|0x0000000602400000, 0x0000000602800000, 0x0000000602800000|100%|HS|  |TAMS 0x0000000602800000, 0x0000000602800000| Complete 
|  10|0x0000000602800000, 0x0000000602c00000, 0x0000000602c00000|100%| O|  |TAMS 0x0000000602c00000, 0x0000000602c00000| Untracked 
|  11|0x0000000602c00000, 0x0000000603000000, 0x0000000603000000|100%| O|  |TAMS 0x0000000603000000, 0x0000000603000000| Untracked 
|  12|0x0000000603000000, 0x0000000603400000, 0x0000000603400000|100%|HS|  |TAMS 0x0000000603400000, 0x0000000603400000| Complete 
|  13|0x0000000603400000, 0x0000000603800000, 0x0000000603800000|100%| O|  |TAMS 0x0000000603800000, 0x0000000603800000| Untracked 
|  14|0x0000000603800000, 0x0000000603c00000, 0x0000000603c00000|100%| O|  |TAMS 0x0000000603c00000, 0x0000000603c00000| Untracked 
|  15|0x0000000603c00000, 0x0000000604000000, 0x0000000604000000|100%| O|  |TAMS 0x0000000604000000, 0x0000000604000000| Untracked 
|  16|0x0000000604000000, 0x0000000604400000, 0x0000000604400000|100%| O|  |TAMS 0x0000000604400000, 0x0000000604400000| Untracked 
|  17|0x0000000604400000, 0x0000000604800000, 0x0000000604800000|100%| O|  |TAMS 0x0000000604800000, 0x0000000604800000| Untracked 
|  18|0x0000000604800000, 0x0000000604c00000, 0x0000000604c00000|100%| O|  |TAMS 0x0000000604c00000, 0x0000000604c00000| Untracked 
|  19|0x0000000604c00000, 0x0000000605000000, 0x0000000605000000|100%| O|  |TAMS 0x0000000605000000, 0x0000000605000000| Untracked 
|  20|0x0000000605000000, 0x0000000605400000, 0x0000000605400000|100%| O|  |TAMS 0x0000000605400000, 0x0000000605400000| Untracked 
|  21|0x0000000605400000, 0x0000000605800000, 0x0000000605800000|100%| O|  |TAMS 0x0000000605800000, 0x0000000605800000| Untracked 
|  22|0x0000000605800000, 0x0000000605c00000, 0x0000000605c00000|100%| O|  |TAMS 0x0000000605c00000, 0x0000000605c00000| Untracked 
|  23|0x0000000605c00000, 0x0000000606000000, 0x0000000606000000|100%| O|  |TAMS 0x0000000606000000, 0x0000000606000000| Untracked 
|  24|0x0000000606000000, 0x0000000606400000, 0x0000000606400000|100%| O|  |TAMS 0x0000000606400000, 0x0000000606400000| Untracked 
|  25|0x0000000606400000, 0x0000000606800000, 0x0000000606800000|100%| O|  |TAMS 0x0000000606800000, 0x0000000606800000| Untracked 
|  26|0x0000000606800000, 0x0000000606c00000, 0x0000000606c00000|100%| O|  |TAMS 0x0000000606c00000, 0x0000000606c00000| Untracked 
|  27|0x0000000606c00000, 0x0000000607000000, 0x0000000607000000|100%| O|  |TAMS 0x0000000607000000, 0x0000000607000000| Untracked 
|  28|0x0000000607000000, 0x0000000607400000, 0x0000000607400000|100%| O|  |TAMS 0x0000000607400000, 0x0000000607400000| Untracked 
|  29|0x0000000607400000, 0x0000000607800000, 0x0000000607800000|100%| O|  |TAMS 0x0000000607800000, 0x0000000607800000| Untracked 
|  30|0x0000000607800000, 0x0000000607c00000, 0x0000000607c00000|100%|HS|  |TAMS 0x0000000607c00000, 0x0000000607c00000| Complete 
|  31|0x0000000607c00000, 0x0000000608000000, 0x0000000608000000|100%| O|  |TAMS 0x0000000608000000, 0x0000000608000000| Untracked 
|  32|0x0000000608000000, 0x0000000608400000, 0x0000000608400000|100%| O|  |TAMS 0x00000006082c4000, 0x0000000608400000| Untracked 
|  33|0x0000000608400000, 0x0000000608800000, 0x0000000608800000|100%| O|  |TAMS 0x0000000608400000, 0x0000000608800000| Untracked 
|  34|0x0000000608800000, 0x0000000608c00000, 0x0000000608c00000|100%| O|  |TAMS 0x0000000608800000, 0x0000000608c00000| Untracked 
|  35|0x0000000608c00000, 0x0000000608ea0800, 0x0000000609000000| 65%| O|  |TAMS 0x0000000608c00000, 0x0000000608cd4000| Untracked 
|  36|0x0000000609000000, 0x0000000609000000, 0x0000000609400000|  0%| F|  |TAMS 0x0000000609000000, 0x0000000609000000| Untracked 
|  37|0x0000000609400000, 0x0000000609400000, 0x0000000609800000|  0%| F|  |TAMS 0x0000000609400000, 0x0000000609400000| Untracked 
|  38|0x0000000609800000, 0x0000000609800000, 0x0000000609c00000|  0%| F|  |TAMS 0x0000000609800000, 0x0000000609800000| Untracked 
|  39|0x0000000609c00000, 0x0000000609c00000, 0x000000060a000000|  0%| F|  |TAMS 0x0000000609c00000, 0x0000000609c00000| Untracked 
|  40|0x000000060a000000, 0x000000060a000000, 0x000000060a400000|  0%| F|  |TAMS 0x000000060a000000, 0x000000060a000000| Untracked 
|  41|0x000000060a400000, 0x000000060a400000, 0x000000060a800000|  0%| F|  |TAMS 0x000000060a400000, 0x000000060a400000| Untracked 
|  42|0x000000060a800000, 0x000000060a800000, 0x000000060ac00000|  0%| F|  |TAMS 0x000000060a800000, 0x000000060a800000| Untracked 
|  43|0x000000060ac00000, 0x000000060ac00000, 0x000000060b000000|  0%| F|  |TAMS 0x000000060ac00000, 0x000000060ac00000| Untracked 
|  44|0x000000060b000000, 0x000000060b000000, 0x000000060b400000|  0%| F|  |TAMS 0x000000060b000000, 0x000000060b000000| Untracked 
|  45|0x000000060b400000, 0x000000060b400000, 0x000000060b800000|  0%| F|  |TAMS 0x000000060b400000, 0x000000060b400000| Untracked 
|  46|0x000000060b800000, 0x000000060bc00000, 0x000000060bc00000|100%| S|CS|TAMS 0x000000060b800000, 0x000000060b800000| Complete 
|  47|0x000000060bc00000, 0x000000060c000000, 0x000000060c000000|100%| S|CS|TAMS 0x000000060bc00000, 0x000000060bc00000| Complete 
|  48|0x000000060c000000, 0x000000060c400000, 0x000000060c400000|100%| S|CS|TAMS 0x000000060c000000, 0x000000060c000000| Complete 
|  49|0x000000060c400000, 0x000000060c400000, 0x000000060c800000|  0%| F|  |TAMS 0x000000060c400000, 0x000000060c400000| Untracked 
|  50|0x000000060c800000, 0x000000060c800000, 0x000000060cc00000|  0%| F|  |TAMS 0x000000060c800000, 0x000000060c800000| Untracked 
|  51|0x000000060cc00000, 0x000000060cc00000, 0x000000060d000000|  0%| F|  |TAMS 0x000000060cc00000, 0x000000060cc00000| Untracked 
|  52|0x000000060d000000, 0x000000060d000000, 0x000000060d400000|  0%| F|  |TAMS 0x000000060d000000, 0x000000060d000000| Untracked 
|  53|0x000000060d400000, 0x000000060d400000, 0x000000060d800000|  0%| F|  |TAMS 0x000000060d400000, 0x000000060d400000| Untracked 
|  54|0x000000060d800000, 0x000000060d800000, 0x000000060dc00000|  0%| F|  |TAMS 0x000000060d800000, 0x000000060d800000| Untracked 
|  55|0x000000060dc00000, 0x000000060dc00000, 0x000000060e000000|  0%| F|  |TAMS 0x000000060dc00000, 0x000000060dc00000| Untracked 
|  56|0x000000060e000000, 0x000000060e000000, 0x000000060e400000|  0%| F|  |TAMS 0x000000060e000000, 0x000000060e000000| Untracked 
|  57|0x000000060e400000, 0x000000060e400000, 0x000000060e800000|  0%| F|  |TAMS 0x000000060e400000, 0x000000060e400000| Untracked 
|  58|0x000000060e800000, 0x000000060e800000, 0x000000060ec00000|  0%| F|  |TAMS 0x000000060e800000, 0x000000060e800000| Untracked 
|  59|0x000000060ec00000, 0x000000060ec00000, 0x000000060f000000|  0%| F|  |TAMS 0x000000060ec00000, 0x000000060ec00000| Untracked 
|  60|0x000000060f000000, 0x000000060f000000, 0x000000060f400000|  0%| F|  |TAMS 0x000000060f000000, 0x000000060f000000| Untracked 
|  61|0x000000060f400000, 0x000000060f400000, 0x000000060f800000|  0%| F|  |TAMS 0x000000060f400000, 0x000000060f400000| Untracked 
|  62|0x000000060f800000, 0x000000060f800000, 0x000000060fc00000|  0%| F|  |TAMS 0x000000060f800000, 0x000000060f800000| Untracked 
|  63|0x000000060fc00000, 0x000000060fc00000, 0x0000000610000000|  0%| F|  |TAMS 0x000000060fc00000, 0x000000060fc00000| Untracked 
|  64|0x0000000610000000, 0x0000000610000000, 0x0000000610400000|  0%| F|  |TAMS 0x0000000610000000, 0x0000000610000000| Untracked 
|  65|0x0000000610400000, 0x0000000610400000, 0x0000000610800000|  0%| F|  |TAMS 0x0000000610400000, 0x0000000610400000| Untracked 
|  66|0x0000000610800000, 0x0000000610800000, 0x0000000610c00000|  0%| F|  |TAMS 0x0000000610800000, 0x0000000610800000| Untracked 
|  67|0x0000000610c00000, 0x0000000610c00000, 0x0000000611000000|  0%| F|  |TAMS 0x0000000610c00000, 0x0000000610c00000| Untracked 
|  68|0x0000000611000000, 0x0000000611000000, 0x0000000611400000|  0%| F|  |TAMS 0x0000000611000000, 0x0000000611000000| Untracked 
|  69|0x0000000611400000, 0x0000000611400000, 0x0000000611800000|  0%| F|  |TAMS 0x0000000611400000, 0x0000000611400000| Untracked 

Card table byte_map: [0x0000028c643f0000,0x0000028c653f0000] _byte_map_base: 0x0000028c613f0000

Marking Bits (Prev, Next): (CMBitMap*) 0x0000028c3f511500, (CMBitMap*) 0x0000028c3f511540
 Prev Bits: [0x0000028c663f0000, 0x0000028c6e3f0000)
 Next Bits: [0x0000028c6e3f0000, 0x0000028c763f0000)

Polling page: 0x0000028c3ec20000

Metaspace:

Usage:
  Non-class:    106.25 MB used.
      Class:     17.11 MB used.
       Both:    123.37 MB used.

Virtual space:
  Non-class space:      128.00 MB reserved,     106.75 MB ( 83%) committed,  2 nodes.
      Class space:        1.00 GB reserved,      17.69 MB (  2%) committed,  1 nodes.
             Both:        1.12 GB reserved,     124.44 MB ( 11%) committed. 

Chunk freelists:
   Non-Class:  4.88 MB
       Class:  14.36 MB
        Both:  19.23 MB

MaxMetaspaceSize: 4.00 GB
CompressedClassSpaceSize: 1.00 GB
Initial GC threshold: 21.00 MB
Current GC threshold: 201.50 MB
CDS: off
MetaspaceReclaimPolicy: balanced
 - commit_granule_bytes: 65536.
 - commit_granule_words: 8192.
 - virtual_space_node_default_size: 8388608.
 - enlarge_chunks_in_place: 1.
 - new_chunks_are_fully_committed: 0.
 - uncommit_free_chunks: 1.
 - use_allocation_guard: 0.
 - handle_deallocations: 1.


Internal statistics:

num_allocs_failed_limit: 9.
num_arena_births: 1582.
num_arena_deaths: 0.
num_vsnodes_births: 3.
num_vsnodes_deaths: 0.
num_space_committed: 1991.
num_space_uncommitted: 0.
num_chunks_returned_to_freelist: 9.
num_chunks_taken_from_freelist: 6855.
num_chunk_merges: 6.
num_chunk_splits: 4400.
num_chunks_enlarged: 2785.
num_inconsistent_stats: 0.

CodeHeap 'non-profiled nmethods': size=258432Kb used=7537Kb max_used=7537Kb free=250894Kb
 bounds [0x0000028c52ce0000, 0x0000028c53440000, 0x0000028c62940000]
CodeHeap 'profiled nmethods': size=258368Kb used=29206Kb max_used=29206Kb free=229161Kb
 bounds [0x0000028c42940000, 0x0000028c445d0000, 0x0000028c52590000]
CodeHeap 'non-nmethods': size=7488Kb used=3039Kb max_used=3091Kb free=4448Kb
 bounds [0x0000028c52590000, 0x0000028c528b0000, 0x0000028c52ce0000]
 total_blobs=14656 nmethods=13632 adapters=934
 compilation: enabled
              stopped_count=0, restarted_count=0
 full_count=0

Compilation events (20 events):
Event: 53.206 Thread 0x0000028c7967faa0 nmethod 15669 0x0000028c445ba710 code [0x0000028c445ba8c0, 0x0000028c445bac88]
Event: 53.206 Thread 0x0000028c7967faa0 15674       3       com.sun.xml.bind.v2.model.impl.ModelBuilder::getClassInfo (448 bytes)
Event: 53.206 Thread 0x0000028c0282c650 nmethod 15668 0x0000028c445bad90 code [0x0000028c445bb040, 0x0000028c445bc198]
Event: 53.206 Thread 0x0000028c0282c650 15670       3       com.sun.xml.bind.v2.model.impl.RuntimeTypeInfoSetImpl::getTypeInfo (9 bytes)
Event: 53.206 Thread 0x0000028c0282c650 nmethod 15670 0x0000028c445bc610 code [0x0000028c445bc7c0, 0x0000028c445bca08]
Event: 53.206 Thread 0x0000028c0282c650 15671       3       com.sun.xml.bind.v2.model.impl.TypeInfoSetImpl::getTypeInfo (81 bytes)
Event: 53.207 Thread 0x0000028c0282c650 nmethod 15671 0x0000028c445bcb10 code [0x0000028c445bcdc0, 0x0000028c445bdeb8]
Event: 53.207 Thread 0x0000028c0282c650 15672       3       com.sun.xml.bind.v2.model.impl.RuntimeModelBuilder::getClassInfo (11 bytes)
Event: 53.207 Thread 0x0000028c0282c650 nmethod 15672 0x0000028c445be310 code [0x0000028c445be4c0, 0x0000028c445be868]
Event: 53.207 Thread 0x0000028c0282c650 15673       3       com.sun.xml.bind.v2.model.impl.RuntimeModelBuilder::getClassInfo (11 bytes)
Event: 53.207 Thread 0x0000028c0282c650 nmethod 15673 0x0000028c445be990 code [0x0000028c445beb40, 0x0000028c445bed88]
Event: 53.207 Thread 0x0000028c0282c650 15675       3       com.sun.xml.bind.v2.model.annotation.RuntimeInlineAnnotationReader::getMethodAnnotation (11 bytes)
Event: 53.208 Thread 0x0000028c0282c650 nmethod 15675 0x0000028c445bee90 code [0x0000028c445bf0e0, 0x0000028c445bfa18]
Event: 53.208 Thread 0x0000028c0282c650 15676       3       com.sun.xml.bind.v2.model.annotation.RuntimeInlineAnnotationReader::getMethodAnnotation (10 bytes)
Event: 53.208 Thread 0x0000028c7967faa0 nmethod 15674 0x0000028c445bfd90 code [0x0000028c445c02e0, 0x0000028c445c3638]
Event: 53.209 Thread 0x0000028c0282c650 nmethod 15676 0x0000028c445c4690 code [0x0000028c445c48c0, 0x0000028c445c5098]
Event: 53.237 Thread 0x0000028c0282c650 15677       3       com.sun.xml.bind.v2.model.impl.TypeRefImpl::calcRef (47 bytes)
Event: 53.237 Thread 0x0000028c7967faa0 15678       1       com.sun.xml.bind.v2.model.impl.ElementPropertyInfoImpl::isValueList (5 bytes)
Event: 53.237 Thread 0x0000028c7967faa0 nmethod 15678 0x0000028c5343c310 code [0x0000028c5343c4a0, 0x0000028c5343c578]
Event: 53.237 Thread 0x0000028c0282c650 nmethod 15677 0x0000028c445c5390 code [0x0000028c445c5540, 0x0000028c445c57a8]

GC Heap History (20 events):
Event: 43.536 GC heap after
{Heap after GC invocations=46 (full 0):
 garbage-first heap   total 221184K, used 109328K [0x0000000600000000, 0x0000000800000000)
  region size 4096K, 3 young (12288K), 3 survivors (12288K)
 Metaspace       used 106058K, committed 106880K, reserved 1179648K
  class space    used 14557K, committed 14976K, reserved 1048576K
}
Event: 44.676 GC heap before
{Heap before GC invocations=46 (full 0):
 garbage-first heap   total 221184K, used 170768K [0x0000000600000000, 0x0000000800000000)
  region size 4096K, 18 young (73728K), 3 survivors (12288K)
 Metaspace       used 110767K, committed 111616K, reserved 1179648K
  class space    used 15359K, committed 15808K, reserved 1048576K
}
Event: 44.686 GC heap after
{Heap after GC invocations=47 (full 0):
 garbage-first heap   total 221184K, used 111142K [0x0000000600000000, 0x0000000800000000)
  region size 4096K, 2 young (8192K), 2 survivors (8192K)
 Metaspace       used 110767K, committed 111616K, reserved 1179648K
  class space    used 15359K, committed 15808K, reserved 1048576K
}
Event: 46.435 GC heap before
{Heap before GC invocations=48 (full 0):
 garbage-first heap   total 221184K, used 176678K [0x0000000600000000, 0x0000000800000000)
  region size 4096K, 18 young (73728K), 2 survivors (8192K)
 Metaspace       used 115044K, committed 115968K, reserved 1179648K
  class space    used 15989K, committed 16448K, reserved 1048576K
}
Event: 46.446 GC heap after
{Heap after GC invocations=49 (full 0):
 garbage-first heap   total 221184K, used 113908K [0x0000000600000000, 0x0000000800000000)
  region size 4096K, 3 young (12288K), 3 survivors (12288K)
 Metaspace       used 115044K, committed 115968K, reserved 1179648K
  class space    used 15989K, committed 16448K, reserved 1048576K
}
Event: 48.916 GC heap before
{Heap before GC invocations=49 (full 0):
 garbage-first heap   total 221184K, used 171252K [0x0000000600000000, 0x0000000800000000)
  region size 4096K, 18 young (73728K), 3 survivors (12288K)
 Metaspace       used 118472K, committed 119296K, reserved 1179648K
  class space    used 16351K, committed 16768K, reserved 1048576K
}
Event: 48.927 GC heap after
{Heap after GC invocations=50 (full 0):
 garbage-first heap   total 221184K, used 118135K [0x0000000600000000, 0x0000000800000000)
  region size 4096K, 3 young (12288K), 3 survivors (12288K)
 Metaspace       used 118472K, committed 119296K, reserved 1179648K
  class space    used 16351K, committed 16768K, reserved 1048576K
}
Event: 49.257 GC heap before
{Heap before GC invocations=51 (full 0):
 garbage-first heap   total 221184K, used 175479K [0x0000000600000000, 0x0000000800000000)
  region size 4096K, 17 young (69632K), 3 survivors (12288K)
 Metaspace       used 118637K, committed 119552K, reserved 1179648K
  class space    used 16351K, committed 16768K, reserved 1048576K
}
Event: 49.268 GC heap after
{Heap after GC invocations=52 (full 0):
 garbage-first heap   total 221184K, used 121326K [0x0000000600000000, 0x0000000800000000)
  region size 4096K, 2 young (8192K), 2 survivors (8192K)
 Metaspace       used 118637K, committed 119552K, reserved 1179648K
  class space    used 16351K, committed 16768K, reserved 1048576K
}
Event: 49.480 GC heap before
{Heap before GC invocations=52 (full 0):
 garbage-first heap   total 221184K, used 178670K [0x0000000600000000, 0x0000000800000000)
  region size 4096K, 16 young (65536K), 2 survivors (8192K)
 Metaspace       used 118638K, committed 119552K, reserved 1179648K
  class space    used 16351K, committed 16768K, reserved 1048576K
}
Event: 49.489 GC heap after
{Heap after GC invocations=53 (full 0):
 garbage-first heap   total 221184K, used 122979K [0x0000000600000000, 0x0000000800000000)
  region size 4096K, 2 young (8192K), 2 survivors (8192K)
 Metaspace       used 118638K, committed 119552K, reserved 1179648K
  class space    used 16351K, committed 16768K, reserved 1048576K
}
Event: 50.080 GC heap before
{Heap before GC invocations=54 (full 0):
 garbage-first heap   total 233472K, used 151651K [0x0000000600000000, 0x0000000800000000)
  region size 4096K, 11 young (45056K), 2 survivors (8192K)
 Metaspace       used 120447K, committed 121472K, reserved 1179648K
  class space    used 16594K, committed 17088K, reserved 1048576K
}
Event: 50.087 GC heap after
{Heap after GC invocations=55 (full 0):
 garbage-first heap   total 233472K, used 129568K [0x0000000600000000, 0x0000000800000000)
  region size 4096K, 2 young (8192K), 2 survivors (8192K)
 Metaspace       used 120447K, committed 121472K, reserved 1179648K
  class space    used 16594K, committed 17088K, reserved 1048576K
}
Event: 50.915 GC heap before
{Heap before GC invocations=56 (full 0):
 garbage-first heap   total 233472K, used 195104K [0x0000000600000000, 0x0000000800000000)
  region size 4096K, 17 young (69632K), 2 survivors (8192K)
 Metaspace       used 121918K, committed 122816K, reserved 1179648K
  class space    used 16838K, committed 17280K, reserved 1048576K
}
Event: 50.927 GC heap after
{Heap after GC invocations=57 (full 0):
 garbage-first heap   total 233472K, used 145483K [0x0000000600000000, 0x0000000800000000)
  region size 4096K, 3 young (12288K), 3 survivors (12288K)
 Metaspace       used 121918K, committed 122816K, reserved 1179648K
  class space    used 16838K, committed 17280K, reserved 1048576K
}
Event: 51.557 GC heap before
{Heap before GC invocations=57 (full 0):
 garbage-first heap   total 233472K, used 190539K [0x0000000600000000, 0x0000000800000000)
  region size 4096K, 14 young (57344K), 3 survivors (12288K)
 Metaspace       used 122756K, committed 123712K, reserved 1179648K
  class space    used 16959K, committed 17472K, reserved 1048576K
}
Event: 51.568 GC heap after
{Heap after GC invocations=58 (full 0):
 garbage-first heap   total 233472K, used 147462K [0x0000000600000000, 0x0000000800000000)
  region size 4096K, 1 young (4096K), 1 survivors (4096K)
 Metaspace       used 122756K, committed 123712K, reserved 1179648K
  class space    used 16959K, committed 17472K, reserved 1048576K
}
Event: 51.784 GC heap before
{Heap before GC invocations=59 (full 0):
 garbage-first heap   total 286720K, used 184326K [0x0000000600000000, 0x0000000800000000)
  region size 4096K, 11 young (45056K), 1 survivors (4096K)
 Metaspace       used 122760K, committed 123776K, reserved 1179648K
  class space    used 16960K, committed 17472K, reserved 1048576K
}
Event: 51.790 GC heap after
{Heap after GC invocations=60 (full 0):
 garbage-first heap   total 286720K, used 148075K [0x0000000600000000, 0x0000000800000000)
  region size 4096K, 1 young (4096K), 1 survivors (4096K)
 Metaspace       used 122760K, committed 123776K, reserved 1179648K
  class space    used 16960K, committed 17472K, reserved 1048576K
}
Event: 53.299 GC heap before
{Heap before GC invocations=60 (full 0):
 garbage-first heap   total 286720K, used 225899K [0x0000000600000000, 0x0000000800000000)
  region size 4096K, 21 young (86016K), 1 survivors (4096K)
 Metaspace       used 126325K, committed 127424K, reserved 1179648K
  class space    used 17521K, committed 18112K, reserved 1048576K
}

Dll operation events (3 events):
Event: 0.013 Loaded shared library C:\Program Files\Android\Android Studio\jbr\bin\java.dll
Event: 0.157 Loaded shared library C:\Program Files\Android\Android Studio\jbr\bin\zip.dll
Event: 0.661 Loaded shared library C:\Program Files\Android\Android Studio\jbr\bin\verify.dll

Deoptimization events (20 events):
Event: 53.080 Thread 0x0000028c0010aaa0 Uncommon trap: trap_request=0xffffffde fr.pc=0x0000028c531ae7ac relative=0x00000000000009ec
Event: 53.080 Thread 0x0000028c0010aaa0 Uncommon trap: reason=class_check action=maybe_recompile pc=0x0000028c531ae7ac method=java.util.HashMap.removeNode(ILjava/lang/Object;Ljava/lang/Object;ZZ)Ljava/util/HashMap$Node; @ 143 c2
Event: 53.080 Thread 0x0000028c0010aaa0 DEOPT PACKING pc=0x0000028c531ae7ac sp=0x000000f9decf6fe0
Event: 53.080 Thread 0x0000028c0010aaa0 DEOPT UNPACKING pc=0x0000028c525e69a3 sp=0x000000f9decf6f58 mode 2
Event: 53.080 Thread 0x0000028c0010aaa0 Uncommon trap: trap_request=0xffffffde fr.pc=0x0000028c531ae7ac relative=0x00000000000009ec
Event: 53.080 Thread 0x0000028c0010aaa0 Uncommon trap: reason=class_check action=maybe_recompile pc=0x0000028c531ae7ac method=java.util.HashMap.removeNode(ILjava/lang/Object;Ljava/lang/Object;ZZ)Ljava/util/HashMap$Node; @ 143 c2
Event: 53.080 Thread 0x0000028c0010aaa0 DEOPT PACKING pc=0x0000028c531ae7ac sp=0x000000f9decf6fe0
Event: 53.080 Thread 0x0000028c0010aaa0 DEOPT UNPACKING pc=0x0000028c525e69a3 sp=0x000000f9decf6f58 mode 2
Event: 53.080 Thread 0x0000028c0010aaa0 Uncommon trap: trap_request=0xffffffde fr.pc=0x0000028c531ae7ac relative=0x00000000000009ec
Event: 53.080 Thread 0x0000028c0010aaa0 Uncommon trap: reason=class_check action=maybe_recompile pc=0x0000028c531ae7ac method=java.util.HashMap.removeNode(ILjava/lang/Object;Ljava/lang/Object;ZZ)Ljava/util/HashMap$Node; @ 143 c2
Event: 53.080 Thread 0x0000028c0010aaa0 DEOPT PACKING pc=0x0000028c531ae7ac sp=0x000000f9decf6fe0
Event: 53.080 Thread 0x0000028c0010aaa0 DEOPT UNPACKING pc=0x0000028c525e69a3 sp=0x000000f9decf6f58 mode 2
Event: 53.085 Thread 0x0000028c0010aaa0 Uncommon trap: trap_request=0xfffffff4 fr.pc=0x0000028c52e2f31c relative=0x0000000000007cfc
Event: 53.085 Thread 0x0000028c0010aaa0 Uncommon trap: reason=null_check action=make_not_entrant pc=0x0000028c52e2f31c method=java.lang.Class.createAnnotationData(I)Ljava/lang/Class$AnnotationData; @ 14 c2
Event: 53.085 Thread 0x0000028c0010aaa0 DEOPT PACKING pc=0x0000028c52e2f31c sp=0x000000f9decf6500
Event: 53.085 Thread 0x0000028c0010aaa0 DEOPT UNPACKING pc=0x0000028c525e69a3 sp=0x000000f9decf64e0 mode 2
Event: 53.100 Thread 0x0000028c0010aaa0 Uncommon trap: trap_request=0xffffffde fr.pc=0x0000028c531ae7ac relative=0x00000000000009ec
Event: 53.100 Thread 0x0000028c0010aaa0 Uncommon trap: reason=class_check action=maybe_recompile pc=0x0000028c531ae7ac method=java.util.HashMap.removeNode(ILjava/lang/Object;Ljava/lang/Object;ZZ)Ljava/util/HashMap$Node; @ 143 c2
Event: 53.100 Thread 0x0000028c0010aaa0 DEOPT PACKING pc=0x0000028c531ae7ac sp=0x000000f9decf6380
Event: 53.100 Thread 0x0000028c0010aaa0 DEOPT UNPACKING pc=0x0000028c525e69a3 sp=0x000000f9decf62f8 mode 2

Classes unloaded (0 events):
No events

Classes redefined (0 events):
No events

Internal exceptions (20 events):
Event: 52.260 Thread 0x0000028c0010aaa0 Exception <a 'java/lang/ClassNotFoundException'{0x000000060f2bee20}: org/gradle/api/tasks/compile/AbstractCompileCustomizer> (0x000000060f2bee20) 
thrown [s\src\hotspot\share\classfile\systemDictionary.cpp, line 256]
Event: 52.262 Thread 0x0000028c0010aaa0 Exception <a 'java/lang/ClassNotFoundException'{0x000000060f2eb5a0}: org/gradle/api/tasks/compile/JavaCompileCustomizer> (0x000000060f2eb5a0) 
thrown [s\src\hotspot\share\classfile\systemDictionary.cpp, line 256]
Event: 52.264 Thread 0x0000028c0010aaa0 Exception <a 'java/lang/ClassNotFoundException'{0x000000060f313108}: org/gradle/api/tasks/compile/JavaCompile_DecoratedCustomizer> (0x000000060f313108) 
thrown [s\src\hotspot\share\classfile\systemDictionary.cpp, line 256]
Event: 52.274 Thread 0x0000028c0010aaa0 Exception <a 'java/lang/ClassNotFoundException'{0x000000060f3c9840}: org/gradle/api/tasks/compile/CompileOptions_DecoratedBeanInfo> (0x000000060f3c9840) 
thrown [s\src\hotspot\share\classfile\systemDictionary.cpp, line 256]
Event: 52.275 Thread 0x0000028c0010aaa0 Exception <a 'java/lang/ClassNotFoundException'{0x000000060f3d8190}: org/gradle/api/tasks/compile/CompileOptionsBeanInfo> (0x000000060f3d8190) 
thrown [s\src\hotspot\share\classfile\systemDictionary.cpp, line 256]
Event: 52.276 Thread 0x0000028c0010aaa0 Exception <a 'java/lang/ClassNotFoundException'{0x000000060f3e6ad8}: org/gradle/api/tasks/compile/AbstractOptionsBeanInfo> (0x000000060f3e6ad8) 
thrown [s\src\hotspot\share\classfile\systemDictionary.cpp, line 256]
Event: 52.276 Thread 0x0000028c0010aaa0 Exception <a 'java/lang/ClassNotFoundException'{0x000000060f3f5450}: org/gradle/api/tasks/compile/AbstractOptionsCustomizer> (0x000000060f3f5450) 
thrown [s\src\hotspot\share\classfile\systemDictionary.cpp, line 256]
Event: 52.277 Thread 0x0000028c0010aaa0 Exception <a 'java/lang/ClassNotFoundException'{0x000000060ec06bd8}: org/gradle/api/tasks/compile/CompileOptionsCustomizer> (0x000000060ec06bd8) 
thrown [s\src\hotspot\share\classfile\systemDictionary.cpp, line 256]
Event: 52.279 Thread 0x0000028c0010aaa0 Exception <a 'java/lang/ClassNotFoundException'{0x000000060ec501b0}: org/gradle/api/tasks/compile/CompileOptions_DecoratedCustomizer> (0x000000060ec501b0) 
thrown [s\src\hotspot\share\classfile\systemDictionary.cpp, line 256]
Event: 52.285 Thread 0x0000028c0010aaa0 Exception <a 'java/lang/ClassNotFoundException'{0x000000060edcc980}: java/util/ArrayListBeanInfo> (0x000000060edcc980) 
thrown [s\src\hotspot\share\classfile\systemDictionary.cpp, line 256]
Event: 52.285 Thread 0x0000028c0010aaa0 Exception <a 'java/lang/ClassNotFoundException'{0x000000060edd3498}: java/util/AbstractListBeanInfo> (0x000000060edd3498) 
thrown [s\src\hotspot\share\classfile\systemDictionary.cpp, line 256]
Event: 52.285 Thread 0x0000028c0010aaa0 Exception <a 'java/lang/ClassNotFoundException'{0x000000060edda008}: java/util/AbstractListCustomizer> (0x000000060edda008) 
thrown [s\src\hotspot\share\classfile\systemDictionary.cpp, line 256]
Event: 52.286 Thread 0x0000028c0010aaa0 Exception <a 'java/lang/ClassNotFoundException'{0x000000060edeba88}: java/util/ArrayListCustomizer> (0x000000060edeba88) 
thrown [s\src\hotspot\share\classfile\systemDictionary.cpp, line 256]
Event: 52.479 Thread 0x0000028c0010aaa0 Exception <a 'java/lang/IncompatibleClassChangeError'{0x000000060e08c780}: Found class java.lang.Object, but interface was expected> (0x000000060e08c780) 
thrown [s\src\hotspot\share\interpreter\linkResolver.cpp, line 838]
Event: 52.600 Thread 0x0000028c0010aaa0 Exception <a 'sun/nio/fs/WindowsException'{0x000000060de49280}> (0x000000060de49280) 
thrown [s\src\hotspot\share\prims\jni.cpp, line 531]
Event: 52.600 Thread 0x0000028c0010aaa0 Exception <a 'sun/nio/fs/WindowsException'{0x000000060de4a830}> (0x000000060de4a830) 
thrown [s\src\hotspot\share\prims\jni.cpp, line 531]
Event: 52.600 Thread 0x0000028c0010aaa0 Exception <a 'sun/nio/fs/WindowsException'{0x000000060de4be30}> (0x000000060de4be30) 
thrown [s\src\hotspot\share\prims\jni.cpp, line 531]
Event: 52.600 Thread 0x0000028c0010aaa0 Exception <a 'sun/nio/fs/WindowsException'{0x000000060de4d430}> (0x000000060de4d430) 
thrown [s\src\hotspot\share\prims\jni.cpp, line 531]
Event: 52.901 Thread 0x0000028c0010aaa0 Exception <a 'java/lang/NullPointerException'{0x000000060d13f800}> (0x000000060d13f800) 
thrown [s\src\hotspot\share\interpreter\linkResolver.cpp, line 1447]
Event: 53.085 Thread 0x0000028c0010aaa0 Implicit null exception at 0x0000028c52e27898 to 0x0000028c52e2f304

VM Operations (20 events):
Event: 50.171 Executing VM operation: G1PauseRemark done
Event: 50.200 Executing VM operation: G1PauseCleanup
Event: 50.200 Executing VM operation: G1PauseCleanup done
Event: 50.413 Executing VM operation: HandshakeAllThreads
Event: 50.413 Executing VM operation: HandshakeAllThreads done
Event: 50.915 Executing VM operation: G1CollectForAllocation
Event: 50.928 Executing VM operation: G1CollectForAllocation done
Event: 51.220 Executing VM operation: ICBufferFull
Event: 51.221 Executing VM operation: ICBufferFull done
Event: 51.557 Executing VM operation: G1CollectForAllocation
Event: 51.571 Executing VM operation: G1CollectForAllocation done
Event: 51.695 Executing VM operation: G1PauseRemark
Event: 51.701 Executing VM operation: G1PauseRemark done
Event: 51.748 Executing VM operation: G1PauseCleanup
Event: 51.749 Executing VM operation: G1PauseCleanup done
Event: 51.784 Executing VM operation: G1CollectForAllocation
Event: 51.790 Executing VM operation: G1CollectForAllocation done
Event: 52.798 Executing VM operation: Cleanup
Event: 52.798 Executing VM operation: Cleanup done
Event: 53.299 Executing VM operation: G1CollectForAllocation

Events (20 events):
Event: 52.934 loading class java/awt/image/WritableRenderedImage done
Event: 52.935 loading class java/awt/image/BufferedImage done
Event: 52.941 loading class java/awt/datatransfer/Transferable
Event: 52.942 loading class java/awt/datatransfer/Transferable done
Event: 52.945 loading class javax/xml/transform/Result
Event: 52.945 loading class javax/xml/transform/Result done
Event: 52.947 loading class javax/xml/datatype/XMLGregorianCalendar
Event: 52.947 loading class javax/xml/datatype/XMLGregorianCalendar done
Event: 52.955 loading class javax/xml/namespace/NamespaceContext
Event: 52.955 loading class javax/xml/namespace/NamespaceContext done
Event: 52.956 loading class javax/xml/datatype/Duration
Event: 52.956 loading class javax/xml/datatype/Duration done
Event: 53.037 loading class java/lang/Short$ShortCache
Event: 53.037 loading class java/lang/Short$ShortCache done
Event: 53.078 loading class jdk/internal/ValueBased
Event: 53.078 loading class jdk/internal/ValueBased done
Event: 53.110 loading class java/lang/Package$1PackageInfoProxy
Event: 53.110 loading class java/lang/Package$1PackageInfoProxy done
Event: 53.284 loading class java/lang/InstantiationError
Event: 53.285 loading class java/lang/InstantiationError done


Dynamic libraries:
0x00007ff7f3210000 - 0x00007ff7f321a000 	C:\Program Files\Android\Android Studio\jbr\bin\java.exe
0x00007ffcd1720000 - 0x00007ffcd1929000 	C:\Windows\SYSTEM32\ntdll.dll
0x00007ffcd0c90000 - 0x00007ffcd0d4d000 	C:\Windows\System32\KERNEL32.DLL
0x00007ffccf040000 - 0x00007ffccf3c4000 	C:\Windows\System32\KERNELBASE.dll
0x00007ffccee60000 - 0x00007ffccef71000 	C:\Windows\System32\ucrtbase.dll
0x00007ffcb67d0000 - 0x00007ffcb67e7000 	C:\Program Files\Android\Android Studio\jbr\bin\jli.dll
0x00007ffc67a10000 - 0x00007ffc67a2b000 	C:\Program Files\Android\Android Studio\jbr\bin\VCRUNTIME140.dll
0x00007ffcd0ae0000 - 0x00007ffcd0c8d000 	C:\Windows\System32\USER32.dll
0x00007ffccf540000 - 0x00007ffccf566000 	C:\Windows\System32\win32u.dll
0x00007ffcb4c50000 - 0x00007ffcb4ef5000 	C:\Windows\WinSxS\amd64_microsoft.windows.common-controls_6595b64144ccf1df_6.0.22000.120_none_9d947278b86cc467\COMCTL32.dll
0x00007ffcd1590000 - 0x00007ffcd15ba000 	C:\Windows\System32\GDI32.dll
0x00007ffcd15c0000 - 0x00007ffcd1663000 	C:\Windows\System32\msvcrt.dll
0x00007ffccebb0000 - 0x00007ffccecce000 	C:\Windows\System32\gdi32full.dll
0x00007ffccecd0000 - 0x00007ffcced6d000 	C:\Windows\System32\msvcp_win.dll
0x00007ffcd0dd0000 - 0x00007ffcd0e01000 	C:\Windows\System32\IMM32.DLL
0x00007ffcb47c0000 - 0x00007ffcb47cc000 	C:\Program Files\Android\Android Studio\jbr\bin\vcruntime140_1.dll
0x00007ffbfe650000 - 0x00007ffbfe6dd000 	C:\Program Files\Android\Android Studio\jbr\bin\msvcp140.dll
0x00007ffbeae30000 - 0x00007ffbebab3000 	C:\Program Files\Android\Android Studio\jbr\bin\server\jvm.dll
0x00007ffccfb00000 - 0x00007ffccfbae000 	C:\Windows\System32\ADVAPI32.dll
0x00007ffcd0ef0000 - 0x00007ffcd0f8e000 	C:\Windows\System32\sechost.dll
0x00007ffcd0ff0000 - 0x00007ffcd1111000 	C:\Windows\System32\RPCRT4.dll
0x00007ffcaef90000 - 0x00007ffcaef99000 	C:\Windows\SYSTEM32\WSOCK32.dll
0x00007ffcce8e0000 - 0x00007ffcce92d000 	C:\Windows\SYSTEM32\POWRPROF.dll
0x00007ffcd1670000 - 0x00007ffcd16df000 	C:\Windows\System32\WS2_32.dll
0x00007ffcc7440000 - 0x00007ffcc7473000 	C:\Windows\SYSTEM32\WINMM.dll
0x00007ffcc53e0000 - 0x00007ffcc53ea000 	C:\Windows\SYSTEM32\VERSION.dll
0x00007ffcce8c0000 - 0x00007ffcce8d3000 	C:\Windows\SYSTEM32\UMPDC.dll
0x00007ffccdbe0000 - 0x00007ffccdbf8000 	C:\Windows\SYSTEM32\kernel.appcore.dll
0x00007ffca59e0000 - 0x00007ffca59ea000 	C:\Program Files\Android\Android Studio\jbr\bin\jimage.dll
0x00007ffccc6e0000 - 0x00007ffccc901000 	C:\Windows\SYSTEM32\DBGHELP.DLL
0x00007ffcb1530000 - 0x00007ffcb1561000 	C:\Windows\SYSTEM32\dbgcore.DLL
0x00007ffcced70000 - 0x00007ffccedef000 	C:\Windows\System32\bcryptPrimitives.dll
0x00007ffc8fb30000 - 0x00007ffc8fb3e000 	C:\Program Files\Android\Android Studio\jbr\bin\instrument.dll
0x00007ffc668d0000 - 0x00007ffc668f5000 	C:\Program Files\Android\Android Studio\jbr\bin\java.dll
0x00007ffc66b90000 - 0x00007ffc66ba8000 	C:\Program Files\Android\Android Studio\jbr\bin\zip.dll
0x00007ffccfbc0000 - 0x00007ffcd0385000 	C:\Windows\System32\SHELL32.dll
0x00007ffcccc40000 - 0x00007ffccd4a2000 	C:\Windows\SYSTEM32\windows.storage.dll
0x00007ffcd05f0000 - 0x00007ffcd0966000 	C:\Windows\System32\combase.dll
0x00007ffcccad0000 - 0x00007ffcccc37000 	C:\Windows\SYSTEM32\wintypes.dll
0x00007ffccf570000 - 0x00007ffccf65a000 	C:\Windows\System32\SHCORE.dll
0x00007ffcd0d50000 - 0x00007ffcd0dad000 	C:\Windows\System32\shlwapi.dll
0x00007ffcceae0000 - 0x00007ffcceb05000 	C:\Windows\SYSTEM32\profapi.dll
0x00007ffc66ac0000 - 0x00007ffc66ad9000 	C:\Program Files\Android\Android Studio\jbr\bin\net.dll
0x00007ffcc86e0000 - 0x00007ffcc87f4000 	C:\Windows\SYSTEM32\WINHTTP.dll
0x00007ffcce080000 - 0x00007ffcce0e7000 	C:\Windows\system32\mswsock.dll
0x00007ffc66280000 - 0x00007ffc66296000 	C:\Program Files\Android\Android Studio\jbr\bin\nio.dll
0x00007ffca3f20000 - 0x00007ffca3f30000 	C:\Program Files\Android\Android Studio\jbr\bin\verify.dll
0x00007ffc66a90000 - 0x00007ffc66ab7000 	C:\Users\HP PROBOOK\.gradle\native\1def1411415f61bf3af743bc5b6707747c0891f09f0c88961ee8f79bc544acac\windows-amd64\native-platform.dll
0x00007ffc5f450000 - 0x00007ffc5f4c8000 	C:\Users\HP PROBOOK\.gradle\native\0.2.7\x86_64-windows-gnu\gradle-fileevents.dll
0x00007ffc99700000 - 0x00007ffc99709000 	C:\Program Files\Android\Android Studio\jbr\bin\management.dll
0x00007ffc907d0000 - 0x00007ffc907db000 	C:\Program Files\Android\Android Studio\jbr\bin\management_ext.dll
0x00007ffcd12e0000 - 0x00007ffcd12e8000 	C:\Windows\System32\PSAPI.DLL
0x00007ffccd6f0000 - 0x00007ffccd71d000 	C:\Windows\SYSTEM32\IPHLPAPI.DLL
0x00007ffccf660000 - 0x00007ffccf669000 	C:\Windows\System32\NSI.dll
0x00007ffcc8300000 - 0x00007ffcc8319000 	C:\Windows\SYSTEM32\dhcpcsvc6.DLL
0x00007ffcc8b10000 - 0x00007ffcc8b2e000 	C:\Windows\SYSTEM32\dhcpcsvc.DLL
0x00007ffccd720000 - 0x00007ffccd807000 	C:\Windows\SYSTEM32\DNSAPI.dll
0x00007ffc90760000 - 0x00007ffc90769000 	C:\Program Files\Android\Android Studio\jbr\bin\extnet.dll
0x00007ffcce350000 - 0x00007ffcce368000 	C:\Windows\SYSTEM32\CRYPTSP.dll
0x00007ffccdb40000 - 0x00007ffccdb75000 	C:\Windows\system32\rsaenh.dll
0x00007ffcce120000 - 0x00007ffcce14c000 	C:\Windows\SYSTEM32\USERENV.dll
0x00007ffcce500000 - 0x00007ffcce527000 	C:\Windows\SYSTEM32\bcrypt.dll
0x00007ffcce270000 - 0x00007ffcce27c000 	C:\Windows\SYSTEM32\CRYPTBASE.dll
0x00007ffc98ee0000 - 0x00007ffc98ee8000 	C:\Windows\system32\wshunix.dll
0x00007ffca5910000 - 0x00007ffca5927000 	C:\Windows\system32\napinsp.dll
0x00007ffca58b0000 - 0x00007ffca58cb000 	C:\Windows\system32\pnrpnsp.dll
0x00007ffca5830000 - 0x00007ffca5842000 	C:\Windows\System32\winrnr.dll
0x00007ffcc6270000 - 0x00007ffcc6285000 	C:\Windows\system32\wshbth.dll
0x00007ffca6a30000 - 0x00007ffca6a4f000 	C:\Windows\system32\nlansp_c.dll
0x00007ffcc6c90000 - 0x00007ffcc6c9a000 	C:\Windows\System32\rasadhlp.dll
0x00007ffcc62d0000 - 0x00007ffcc6351000 	C:\Windows\System32\fwpuclnt.dll
0x00007ffc8e5e0000 - 0x00007ffc8e5e7000 	C:\Program Files\Android\Android Studio\jbr\bin\rmi.dll

dbghelp: loaded successfully - version: 4.0.5 - missing functions: none
symbol engine: initialized successfully - sym options: 0x614 - pdb path: .;C:\Program Files\Android\Android Studio\jbr\bin;C:\Windows\SYSTEM32;C:\Windows\WinSxS\amd64_microsoft.windows.common-controls_6595b64144ccf1df_6.0.22000.120_none_9d947278b86cc467;C:\Program Files\Android\Android Studio\jbr\bin\server;C:\Users\HP PROBOOK\.gradle\native\1def1411415f61bf3af743bc5b6707747c0891f09f0c88961ee8f79bc544acac\windows-amd64;C:\Users\HP PROBOOK\.gradle\native\0.2.7\x86_64-windows-gnu

VM Arguments:
jvm_args: --add-opens=java.base/java.lang=ALL-UNNAMED --add-opens=java.base/java.lang.invoke=ALL-UNNAMED --add-opens=java.base/java.util=ALL-UNNAMED --add-opens=java.prefs/java.util.prefs=ALL-UNNAMED --add-exports=jdk.compiler/com.sun.tools.javac.api=ALL-UNNAMED --add-exports=jdk.compiler/com.sun.tools.javac.util=ALL-UNNAMED --add-opens=java.base/java.util=ALL-UNNAMED --add-opens=java.prefs/java.util.prefs=ALL-UNNAMED --add-opens=java.base/java.nio.charset=ALL-UNNAMED --add-opens=java.base/java.net=ALL-UNNAMED --add-opens=java.base/java.util.concurrent.atomic=ALL-UNNAMED --add-opens=java.xml/javax.xml.namespace=ALL-UNNAMED -XX:MaxMetaspaceSize=4G -XX:ReservedCodeCacheSize=512m -XX:+HeapDumpOnOutOfMemoryError -Xmx8G -Dfile.encoding=windows-1256 -Duser.country=US -Duser.language=en -Duser.variant -javaagent:C:\Users\HP PROBOOK\.gradle\wrapper\dists\gradle-8.14-all\c2qonpi39x1mddn7hk5gh9iqj\gradle-8.14\lib\agents\gradle-instrumentation-agent-8.14.jar 
java_command: org.gradle.launcher.daemon.bootstrap.GradleDaemon 8.14
java_class_path (initial): C:\Users\HP PROBOOK\.gradle\wrapper\dists\gradle-8.14-all\c2qonpi39x1mddn7hk5gh9iqj\gradle-8.14\lib\gradle-daemon-main-8.14.jar
Launcher Type: SUN_STANDARD

[Global flags]
     intx CICompilerCount                          = 12                                        {product} {ergonomic}
     uint ConcGCThreads                            = 3                                         {product} {ergonomic}
     uint G1ConcRefinementThreads                  = 13                                        {product} {ergonomic}
   size_t G1HeapRegionSize                         = 4194304                                   {product} {ergonomic}
    uintx GCDrainStackTargetSize                   = 64                                        {product} {ergonomic}
     bool HeapDumpOnOutOfMemoryError               = true                                   {manageable} {command line}
   size_t InitialHeapSize                          = 125829120                                 {product} {ergonomic}
   size_t MarkStackSize                            = 4194304                                   {product} {ergonomic}
   size_t MaxHeapSize                              = 8589934592                                {product} {command line}
   size_t MaxMetaspaceSize                         = 4294967296                                {product} {command line}
   size_t MaxNewSize                               = 5150605312                                {product} {ergonomic}
   size_t MinHeapDeltaBytes                        = 4194304                                   {product} {ergonomic}
   size_t MinHeapSize                              = 8388608                                   {product} {ergonomic}
    uintx NonNMethodCodeHeapSize                   = 7602480                                {pd product} {ergonomic}
    uintx NonProfiledCodeHeapSize                  = 264634216                              {pd product} {ergonomic}
    uintx ProfiledCodeHeapSize                     = 264634216                              {pd product} {ergonomic}
    uintx ReservedCodeCacheSize                    = 536870912                              {pd product} {command line}
     bool SegmentedCodeCache                       = true                                      {product} {ergonomic}
   size_t SoftMaxHeapSize                          = 8589934592                             {manageable} {ergonomic}
   double SweeperThreshold                         = 0.234375                                  {product} {ergonomic}
     bool UseCompressedClassPointers               = true                           {product lp64_product} {ergonomic}
     bool UseCompressedOops                        = true                           {product lp64_product} {ergonomic}
     bool UseG1GC                                  = true                                      {product} {ergonomic}
     bool UseLargePagesIndividualAllocation        = false                                  {pd product} {ergonomic}

Logging:
Log output configuration:
 #0: stdout all=warning uptime,level,tags
 #1: stderr all=off uptime,level,tags

Environment Variables:
JAVA_HOME=C:\Program Files\Android\Android Studio\jbr
CLASSPATH=C:\Users\HP PROBOOK\Desktop\smartcalm\android\\gradle\wrapper\gradle-wrapper.jar
PATH=C:\Program Files\Android\Android Studio\jbr\bin;C:\Users\HP PROBOOK\AppData\Local\Programs\Microsoft VS Code;C:\OracelDB\bin;C:\Program Files\Java\jdk-21.0.10\bin;C:\Windows\system32;C:\Windows;C:\Windows\System32\Wbem;C:\Windows\System32\WindowsPowerShell\v1.0\;C:\Windows\System32\OpenSSH\;C:\Program Files\Git\cmd;C:\Program Files\Git\mingw64\bin;C:\Program Files\Git\usr\bin;C:\Program Files\dotnet\;C:\Program Files\MATLAB\R2024b\bin;c:\Users\HP PROBOOK\Desktop\cursor\resources\app\bin;C:\Users\HP PROBOOK\AppData\Local\Programs\Eclipse Adoptium\jdk-25.0.2.10-hotspot\bin;C:\Users\HP PROBOOK\AppData\Local\Microsoft\WindowsApps;C:\src\flutter\bin;C:\Program Files\Android\Android Studio\bin;C:\Users\HP PROBOOK\AppData\Local\Programs\Microsoft VS Code\bin;C:\Users\HP PROBOOK\AppData\Local\Muse Hub\lib;C:\Users\HP PROBOOK\AppData\Local\Packages\PythonSoftwareFoundation.Python.3.13_qbz5n2kfra8p0\LocalCache\local-packages\Python313\Scripts;C:\Users\HP PROBOOK\Downloads\Redis-x64-3.2.100;C:\Users\HP PROBOOK\Desktop\cursor\resources\app\bin;C:\Users\HP PROBOOK\AppData\Local\Programs\cursor\resources\app\bin;C:\Users\HP PROBOOK\AppData\Local\Programs\Eclipse Adoptium\jdk-25.0.2.10-hotspot\bin;C:\Users\HP PROBOOK\AppData\Local\Microsoft\WindowsApps;C:\src\flutter\bin;C:\Program Files\Android\Android Studio\bin;C:\Users\HP PROBOOK\AppData\Local\Programs\Microsoft VS Code\bin;C:\Users\HP PROBOOK\AppData\Local\Muse Hub\lib;C:\Users\HP PROBOOK\AppData\Local\Packages\PythonSoftwareFoundation.Python.3.13_qbz5n2kfra8p0\LocalCache\local-packages\Python313\Scripts;C:\Users\HP PROBOOK\Downloads\Redis-x64-3.2.100;C:\Users\HP PROBOOK\Desktop\cursor\resources\app\bin;C:\Users\HP PROBOOK\AppData\Local\Programs\cursor\resources\app\bin;C:\Program Files\Java\latest\jdk-21\bin;;C:\src\flutter\bin\mingit\cmd;C:\src\flutter\bin\mingit\cmd
USERNAME=HP PROBOOK
OS=Windows_NT
PROCESSOR_IDENTIFIER=AMD64 Family 25 Model 80 Stepping 0, AuthenticAMD
TMP=C:\Users\HPPROB~1\AppData\Local\Temp
TEMP=C:\Users\HPPROB~1\AppData\Local\Temp



Periodic native trim disabled

JNI global refs:
JNI global refs: 36, weak refs: 18

JNI global refs memory usage: 843, weak refs: 841

Process memory usage:
Resident Set Size: 549528K (7% of 7668804K total physical memory with 78584K free physical memory)

OOME stack traces (most recent first):
Classloader memory used:
Loader org.gradle.internal.classloader.VisitableURLClassLoader                         : 5795K
Loader org.gradle.internal.classloader.VisitableURLClassLoader$InstrumentingVisitableURLClassLoader: 4934K
Loader bootstrap                                                                       : 3146K
Loader org.gradle.initialization.MixInLegacyTypesClassLoader                           : 1634K
Loader jdk.internal.reflect.DelegatingClassLoader                                      : 126K
Loader jdk.internal.loader.ClassLoaders$PlatformClassLoader                            : 70716B
Loader org.gradle.groovy.scripts.internal.DefaultScriptCompilationHandler$ScriptClassLoader: 31309B
Loader jdk.internal.loader.ClassLoaders$AppClassLoader                                 : 29445B
Loader org.gradle.internal.classloader.VisitableURLClassLoader                         : 23545B
Loader org.codehaus.groovy.runtime.callsite.CallSiteClassLoader                        : 3142B

Classes loaded by more than one classloader:
Class Program                                                                         : loaded 11 times (x 70B)
Class Build_gradle$1                                                                  : loaded 4 times (x 73B)
Class Build_gradle                                                                    : loaded 4 times (x 128B)
Class Build_gradle$2                                                                  : loaded 3 times (x 72B)
Class Settings_gradle                                                                 : loaded 3 times (x 126B)
Class com.google.common.collect.Iterators$MergingIterator                             : loaded 2 times (x 79B)
Class org.jetbrains.kotlin.gradle.plugin.diagnostics.KotlinGradleProjectCheckerContext: loaded 2 times (x 70B)
Class org.jetbrains.kotlin.gradle.plugin.diagnostics.ToolingDiagnosticRenderingOptions$Companion: loaded 2 times (x 69B)
Class org.jetbrains.kotlin.gradle.dsl.KotlinVersion                                   : loaded 2 times (x 77B)
Class org.jetbrains.kotlin.gradle.tasks.configuration.KaptGenerateStubsConfig$Companion: loaded 2 times (x 69B)
Class org.jetbrains.kotlin.gradle.internal.KotlinTestDependencyManagementKt$configureKotlinTestDependency$1: loaded 2 times (x 77B)
Class org.jetbrains.kotlin.gradle.internal.properties.NativePropertiesLoader$kotlinNativeVersion$1: loaded 2 times (x 73B)
Class org.objectweb.asm.ModuleVisitor                                                 : loaded 2 times (x 79B)
Class org.jetbrains.kotlin.gradle.internal.KotlinTestDependencyManagementKt$configureKotlinTestDependency$2: loaded 2 times (x 73B)
Class org.jetbrains.kotlin.gradle.dsl.KotlinJvmCompilerOptionsDefault_Decorated       : loaded 2 times (x 169B)
Class org.jetbrains.kotlin.gradle.plugin.diagnostics.checkers.AndroidSourceSetLayoutV1SourceSetsNotFoundChecker: loaded 2 times (x 72B)
Class org.jetbrains.kotlin.gradle.dsl.KotlinTargetContainerWithWasmPresetFunctions    : loaded 2 times (x 68B)
Class org.jetbrains.kotlin.gradle.plugin.KotlinAndroidPluginWrapper                   : loaded 2 times (x 84B)
Class org.jetbrains.kotlin.gradle.plugin.internal.DefaultProjectIsolationStartParameterAccessor: loaded 2 times (x 75B)
Class org.jetbrains.kotlin.gradle.plugin.internal.ConfigurationCacheStartParameterAccessor$Factory: loaded 2 times (x 68B)
Class org.jetbrains.kotlin.gradle.plugin.mpp.compilationImpl.KotlinCreateResourcesTaskSideEffectKt: loaded 2 times (x 69B)
Class [Lcom.google.common.collect.AbstractMapEntry;                                   : loaded 2 times (x 67B)
Class com.google.common.collect.ImmutableRangeSet$AsSet                               : loaded 2 times (x 234B)
Class org.jetbrains.kotlin.gradle.plugin.diagnostics.checkers.ComposePluginSuggestApplyChecker$runChecks$1: loaded 2 times (x 86B)
Class com.google.common.collect.SingletonImmutableList                                : loaded 2 times (x 167B)
Class org.jetbrains.kotlin.gradle.artifacts.KotlinNativeKlibArtifactKt                : loaded 2 times (x 69B)
Class org.jetbrains.kotlin.gradle.plugin.KotlinGradleBuildServices$detectKotlinPluginLoadedInMultipleProjects$onRegister$1$1: loaded 2 times (x 73B)
Class org.jetbrains.kotlin.statistics.MetricValueValidationFailed                     : loaded 2 times (x 80B)
Class com.google.common.cache.CacheLoader$SupplierToCacheLoader                       : loaded 2 times (x 73B)
Class org.gradle.internal.classpath.ClassPath                                         : loaded 2 times (x 68B)
Class org.jetbrains.kotlin.gradle.plugin.mpp.compilationImpl.factory.KotlinCompilationImplFactory$PostConfigure: loaded 2 times (x 68B)
Class org.jetbrains.kotlin.gradle.targets.js.dsl.KotlinWasmTargetDsl                  : loaded 2 times (x 68B)
Class org.jetbrains.kotlin.gradle.dsl.KotlinJvmProjectExtension                       : loaded 2 times (x 145B)
Class com.google.common.cache.RemovalListener                                         : loaded 2 times (x 68B)
Class org.gradle.api.internal.classpath.DefaultModuleRegistry                         : loaded 2 times (x 84B)
Class org.jetbrains.kotlin.gradle.dsl.KotlinCommonCompilerOptionsDefault              : loaded 2 times (x 94B)
Class org.jetbrains.kotlin.gradle.utils.FutureKt$future$2$1                           : loaded 2 times (x 93B)
Class org.jetbrains.kotlin.gradle.plugin.mpp.compilationImpl.DefaultKotlinCompilationFriendPathsResolver$DefaultFriendArtifactResolver: loaded 2 times (x 72B)
Class Settings_gradle$1$1                                                             : loaded 2 times (x 72B)
Class com.google.common.collect.ImmutableEnumSet                                      : loaded 2 times (x 144B)
Class org.jetbrains.kotlin.gradle.artifacts.KotlinJvmJarArtifactKt$KotlinJvmJarArtifact$1: loaded 2 times (x 72B)
Class org.jetbrains.kotlin.gradle.plugin.mpp.ApplyUserDefinedAttributesKt$UserDefinedAttributesSetupAction$1: loaded 2 times (x 93B)
Class com.google.common.collect.ListMultimap                                          : loaded 2 times (x 68B)
Class org.jetbrains.kotlin.gradle.plugin.mpp.compilationImpl.factory.KotlinCompilationImplFactory$PostConfigure$Companion: loaded 2 times (x 69B)
Class org.jetbrains.kotlin.gradle.plugin.mpp.compilationImpl.DefaultKotlinCompilationPostConfigureKt: loaded 2 times (x 69B)
Class org.jetbrains.kotlin.gradle.internal.properties.NativePropertiesLoader          : loaded 2 times (x 83B)
Class com.google.common.collect.AbstractMultimap                                      : loaded 2 times (x 121B)
Class org.jetbrains.kotlin.tooling.core.Extras$Key$Companion                          : loaded 2 times (x 69B)
Class org.jetbrains.kotlin.gradle.plugin.SubpluginEnvironment$Companion               : loaded 2 times (x 69B)
Class com.google.common.cache.CacheBuilder$OneWeigher                                 : loaded 2 times (x 80B)
Class org.gradle.api.Action                                                           : loaded 2 times (x 68B)
Class org.jetbrains.kotlin.gradle.tasks.KotlinJavaToolchain                           : loaded 2 times (x 68B)
Class org.jetbrains.kotlin.gradle.utils.PersistentCachesKt                            : loaded 2 times (x 69B)
Class org.jetbrains.kotlin.gradle.utils.StoredPropertyStorage                         : loaded 2 times (x 70B)
Class org.jetbrains.kotlin.gradle.utils.Completable                                   : loaded 2 times (x 70B)
Class org.jetbrains.kotlin.gradle.plugin.KotlinPluginLifecycleCoroutineContextElement : loaded 2 times (x 82B)
Class org.jetbrains.kotlin.gradle.report.BuildReportMode$Companion                    : loaded 2 times (x 69B)
Class com.google.common.collect.Lists$StringAsImmutableList                           : loaded 2 times (x 167B)
Class com.google.common.collect.ImmutableEntry                                        : loaded 2 times (x 80B)
Class org.jetbrains.kotlin.gradle.plugin.KotlinTargetPreset                           : loaded 2 times (x 68B)
Class org.jetbrains.kotlin.gradle.plugin.sources.DefaultLanguageSettingsBuilder       : loaded 2 times (x 98B)
Class org.jetbrains.kotlin.gradle.plugin.diagnostics.checkers.PreHmppDependenciesUsageChecker$runChecks$1: loaded 2 times (x 86B)
Class com.google.common.cache.LocalCache$StrongEntry                                  : loaded 2 times (x 106B)
Class org.jetbrains.kotlin.tooling.core.ExtrasUtilsKt                                 : loaded 2 times (x 69B)
Class org.objectweb.asm.FieldWriter                                                   : loaded 2 times (x 76B)
Class org.jetbrains.kotlin.gradle.plugin.KotlinPlatformType$DisambiguationRule        : loaded 2 times (x 74B)
Class com.google.common.base.CharMatcher                                              : loaded 2 times (x 109B)
Class org.jetbrains.kotlin.konan.target.KonanTarget$Companion$predefinedTargets$2     : loaded 2 times (x 76B)
Class org.jetbrains.kotlin.gradle.plugin.mpp.compilationImpl.factory.DefaultKotlinCompilationTaskNamesContainerFactory: loaded 2 times (x 72B)
Class org.jetbrains.kotlin.gradle.targets.jvm.KotlinJvmTarget                         : loaded 2 times (x 164B)
Class org.jetbrains.kotlin.gradle.plugin.diagnostics.KotlinToolingDiagnostics$JsEnvironmentNotChosenExplicitly: loaded 2 times (x 71B)
Class org.jetbrains.kotlin.gradle.internal.KotlinTestDependencyManagementKt           : loaded 2 times (x 69B)
Class com.google.common.base.CharMatcher$IsNot                                        : loaded 2 times (x 109B)
Class org.jetbrains.kotlin.compilerRunner.CompilerSystemPropertiesService             : loaded 2 times (x 78B)
Class com.google.common.collect.RegularImmutableSortedSet                             : loaded 2 times (x 234B)
Class org.jetbrains.kotlin.gradle.plugin.BuildFinishedListenerService                 : loaded 2 times (x 78B)
Class org.jetbrains.kotlin.gradle.tasks.configuration.BaseKotlinCompileConfig$registerBuildToolsApiTransformations$1: loaded 2 times (x 73B)
Class org.jetbrains.kotlin.gradle.tasks.configuration.BaseKotlinCompileConfig$registerBuildToolsApiTransformations$2: loaded 2 times (x 73B)
Class [Lorg.jetbrains.kotlin.gradle.plugin.KotlinSourceSet;                           : loaded 2 times (x 67B)
Class org.jetbrains.kotlin.tooling.core.Extras                                        : loaded 2 times (x 68B)
Class org.jetbrains.kotlin.gradle.plugin.KotlinCompilationOutput                      : loaded 2 times (x 68B)
Class com.google.common.collect.SetMultimap                                           : loaded 2 times (x 68B)
Class org.jetbrains.kotlin.gradle.internal.properties.PropertiesBuildService$property$1: loaded 2 times (x 77B)
Class org.jetbrains.kotlin.gradle.plugin.mpp.InternalKotlinTarget$DefaultImpls        : loaded 2 times (x 69B)
Class org.jetbrains.kotlin.gradle.internal.properties.PropertiesBuildService$property$2: loaded 2 times (x 77B)
Class org.jetbrains.kotlin.gradle.plugin.DefaultKotlinBasePlugin                      : loaded 2 times (x 80B)
Class org.jetbrains.kotlin.gradle.plugin.mpp.KotlinCompilationsKt$addSourcesToKotlinCompileTask$1: loaded 2 times (x 73B)
Class org.jetbrains.kotlin.buildtools.api.jvm.ClassSnapshotGranularity                : loaded 2 times (x 77B)
Class org.jetbrains.kotlin.gradle.targets.native.KotilnNativeConfigureBinariesSideEffectKt$special$$inlined$KotlinTargetSideEffect$1: loaded 2 times (x 72B)
Class [Lcom.google.common.cache.Weigher;                                              : loaded 2 times (x 67B)
Class com.google.common.collect.Iterators$ArrayItr                                    : loaded 2 times (x 95B)
Class org.jetbrains.kotlin.gradle.plugin.mpp.compilationImpl.factory.KotlinCompilationImplFactory$KotlinCompilationDependencyConfigurationsFactory: loaded 2 times (x 68B)
Class com.google.common.cache.LocalCache$Segment                                      : loaded 2 times (x 152B)
Class org.gradle.api.internal.DefaultClassPathProvider                                : loaded 2 times (x 74B)
Class org.jetbrains.kotlin.gradle.plugin.diagnostics.checkers.OverriddenKotlinNativeHomeChecker$StdlibExistenceCheckerValueSource: loaded 2 times (x 76B)
Class org.gradle.internal.installation.GradleInstallation$1                           : loaded 2 times (x 73B)
Class org.jetbrains.kotlin.gradle.plugin.diagnostics.checkers.WasmSourceSetsNotFoundChecker$wasmSourceSetRegex$2: loaded 2 times (x 76B)
Class org.jetbrains.kotlin.statistics.metrics.NumberAnonymizationPolicy$SAFE          : loaded 2 times (x 83B)
Class com.google.common.cache.LocalCache$AbstractReferenceEntry                       : loaded 2 times (x 105B)
Class org.jetbrains.kotlin.gradle.internal.Kapt3KotlinGradleSubpluginKt               : loaded 2 times (x 69B)
Class org.jetbrains.kotlin.gradle.utils.CompletableFuture                             : loaded 2 times (x 68B)
Class org.jetbrains.kotlin.gradle.plugin.VariantImplementationFactoriesConfigurator$Inject: loaded 2 times (x 94B)
Class org.objectweb.asm.Type                                                          : loaded 2 times (x 70B)
Class com.google.common.util.concurrent.AbstractFuture$Failure                        : loaded 2 times (x 70B)
Class org.jetbrains.kotlin.gradle.plugin.diagnostics.KotlinToolingDiagnosticsCollectorKt: loaded 2 times (x 69B)
Class org.jetbrains.kotlin.gradle.dsl.DefaultToolchainSupport_Decorated               : loaded 2 times (x 122B)
Class org.jetbrains.kotlin.gradle.targets.js.npm.NpmDependencyWithExternalsExtension  : loaded 2 times (x 68B)
Class org.jetbrains.kotlin.gradle.dsl.DefaultToolchainSupport$wireToolchainToTasks$1$1: loaded 2 times (x 73B)
Class org.jetbrains.kotlin.gradle.plugin.statistics.NonSynchronizedMetricsContainer   : loaded 2 times (x 80B)
Class org.jetbrains.kotlin.gradle.plugin.StatisticsBuildFlowManager                   : loaded 2 times (x 70B)
Class org.jetbrains.kotlin.gradle.plugin.statistics.BuildFusService                   : loaded 2 times (x 82B)
Class com.google.common.base.CharMatcher$BitSetMatcher                                : loaded 2 times (x 110B)
Class org.jetbrains.kotlin.gradle.plugin.mpp.compilationImpl.factory.KotlinCompilationImplFactory$KotlinCompilationOutputFactory: loaded 2 times (x 68B)
Class com.google.common.collect.ImmutableMap$IteratorBasedImmutableMap                : loaded 2 times (x 124B)
Class org.jetbrains.kotlin.gradle.plugin.diagnostics.checkers.ComposePluginSuggestApplyChecker: loaded 2 times (x 72B)
Class org.jetbrains.kotlin.statistics.metrics.NumberOverridePolicy$SUM                : loaded 2 times (x 83B)
Class org.jetbrains.kotlin.statistics.metrics.BooleanAnonymizationPolicy              : loaded 2 times (x 83B)
Class com.google.common.collect.ImmutableMap                                          : loaded 2 times (x 118B)
Class org.jetbrains.kotlin.gradle.plugin.mpp.compilationImpl.KotlinCreateLifecycleTasksSideEffectKt: loaded 2 times (x 69B)
Class [Lorg.jetbrains.kotlin.statistics.ValueAnonymizer;                              : loaded 2 times (x 67B)
Class com.google.common.collect.AbstractMapBasedMultimap$Itr                          : loaded 2 times (x 81B)
Class org.jetbrains.kotlin.gradle.targets.js.npm.DevNpmDependencyExtension            : loaded 2 times (x 68B)
Class com.google.common.base.Converter                                                : loaded 2 times (x 88B)
Class org.jetbrains.kotlin.gradle.plugin.mpp.AbstractKotlinCompilation                : loaded 2 times (x 189B)
Class org.jetbrains.kotlin.gradle.plugin.statistics.KotlinBuildStatsConfiguration$Companion: loaded 2 times (x 69B)
Class com.google.common.collect.ImmutableSet$EmptySetBuilderImpl                      : loaded 2 times (x 74B)
Class org.jetbrains.kotlin.gradle.targets.KotlinTargetSideEffect                      : loaded 2 times (x 68B)
Class org.jetbrains.kotlin.gradle.dsl.KotlinTopLevelExtensionConfig                   : loaded 2 times (x 68B)
Class org.jetbrains.kotlin.gradle.plugin.diagnostics.TransformActionUsingKotlinToolingDiagnostics: loaded 2 times (x 68B)
Class [Lorg.jetbrains.kotlin.gradle.dsl.JvmTarget;                                    : loaded 2 times (x 67B)
Class org.jetbrains.kotlin.gradle.internal.properties.PropertiesBuildService$localProperties$2: loaded 2 times (x 77B)
Class com.google.common.base.Equivalence                                              : loaded 2 times (x 80B)
Class com.google.common.primitives.Ints                                               : loaded 2 times (x 69B)
Class com.google.common.cache.LocalCache$EntryFactory$1                               : loaded 2 times (x 81B)
Class org.jetbrains.kotlin.gradle.plugin.KotlinPluginWrapperKt$kotlinPluginVersionFromResources$1$1: loaded 2 times (x 69B)
Class com.google.common.cache.LocalCache$EntryFactory$2                               : loaded 2 times (x 81B)
Class com.google.common.cache.LocalCache$EntryFactory$3                               : loaded 2 times (x 81B)
Class org.jetbrains.kotlin.gradle.plugin.ProjectLocalConfigurations                   : loaded 2 times (x 69B)
Class com.google.common.cache.LocalCache$EntryFactory$4                               : loaded 2 times (x 81B)
Class org.jetbrains.kotlin.gradle.plugin.KotlinSourceSet$Companion                    : loaded 2 times (x 69B)
Class com.google.common.cache.LocalCache$EntryFactory$5                               : loaded 2 times (x 81B)
Class com.google.common.cache.LocalCache$EntryFactory$6                               : loaded 2 times (x 81B)
Class com.google.common.cache.LocalCache$EntryFactory$7                               : loaded 2 times (x 81B)
Class org.jetbrains.kotlin.gradle.plugin.PropertiesProvider$PropertyNames             : loaded 2 times (x 69B)
Class com.google.common.cache.LocalCache$EntryFactory$8                               : loaded 2 times (x 81B)
Class org.jetbrains.kotlin.gradle.artifacts.KotlinTargetArtifact$Companion            : loaded 2 times (x 69B)
Class com.google.common.base.Predicate                                                : loaded 2 times (x 68B)
Class org.jetbrains.kotlin.gradle.tasks.KotlinCompile                                 : loaded 2 times (x 502B)
Class org.jetbrains.kotlin.gradle.dsl.KotlinSingleJavaTargetExtension                 : loaded 2 times (x 122B)
Class org.jetbrains.kotlin.gradle.plugin.mpp.compilationImpl.KotlinCompilationImpl    : loaded 2 times (x 138B)
Class com.google.common.cache.LocalCache$StrongValueReference                         : loaded 2 times (x 88B)
Class org.gradle.internal.classloader.FilteringClassLoader                            : loaded 2 times (x 103B)
Class org.jetbrains.kotlin.gradle.plugin.mpp.KotlinTargetSoftwareComponentImplKt$KotlinTargetSoftwareComponent$1: loaded 2 times (x 93B)
Class org.jetbrains.kotlin.gradle.plugin.mpp.KotlinTargetComponentWithPublication     : loaded 2 times (x 68B)
Class com.google.common.collect.RegularImmutableSet                                   : loaded 2 times (x 147B)
Class org.jetbrains.kotlin.gradle.plugin.internal.BuildIdService                      : loaded 2 times (x 74B)
Class org.jetbrains.kotlin.gradle.internal.properties.PropertiesBuildService$GradleProperty: loaded 2 times (x 68B)
Class org.jetbrains.kotlin.gradle.utils.GradleUtilsKt$registerClassLoaderScopedBuildService$1: loaded 2 times (x 72B)
Class [Lorg.jetbrains.kotlin.gradle.report.BuildReportMode;                           : loaded 2 times (x 67B)
Class org.jetbrains.kotlin.gradle.plugin.KotlinTarget$DefaultImpls                    : loaded 2 times (x 69B)
Class [Lcom.google.common.cache.LocalCache$Strength;                                  : loaded 2 times (x 67B)
Class org.gradle.internal.classpath.DefaultClassPath$ImmutableUniqueList$Builder      : loaded 2 times (x 73B)
Class com.google.common.collect.AbstractRangeSet                                      : loaded 2 times (x 112B)
Class org.jetbrains.kotlin.gradle.model.builder.KotlinModelBuilder                    : loaded 2 times (x 74B)
Class [Lorg.jetbrains.kotlin.gradle.plugin.KotlinCompilation;                         : loaded 2 times (x 67B)
Class org.jetbrains.kotlin.gradle.plugin.KotlinGradleBuildServices$Parameters         : loaded 2 times (x 68B)
Class com.google.common.collect.Maps$8                                                : loaded 2 times (x 80B)
Class org.jetbrains.kotlin.gradle.plugin.PropertiesProvider$Companion                 : loaded 2 times (x 69B)
Class com.google.common.base.PatternCompiler                                          : loaded 2 times (x 68B)
Class org.jetbrains.kotlin.gradle.plugin.KotlinGradleBuildServices$Companion          : loaded 2 times (x 69B)
Class org.jetbrains.kotlin.gradle.utils.ReportUtilsKt                                 : loaded 2 times (x 69B)
Class org.jetbrains.kotlin.gradle.logging.GradleLoggingUtilsKt                        : loaded 2 times (x 69B)
Class [Lcom.google.common.cache.CacheBuilder$NullListener;                            : loaded 2 times (x 67B)
Class com.google.common.base.CharMatcher$InRange                                      : loaded 2 times (x 109B)
Class com.google.common.collect.Maps$KeySet                                           : loaded 2 times (x 135B)
Class org.jetbrains.kotlin.gradle.plugin.diagnostics.ToolingDiagnostic$Severity       : loaded 2 times (x 77B)
Class com.google.common.collect.Sets$SetView                                          : loaded 2 times (x 136B)
Class org.jetbrains.kotlin.statistics.metrics.BooleanOverridePolicy$OVERRIDE          : loaded 2 times (x 83B)
Class org.jetbrains.kotlin.gradle.plugin.mpp.compilationImpl.factory.KotlinCompilationImplFactory$create$1: loaded 2 times (x 73B)
Class org.jetbrains.kotlin.statistics.metrics.StringOverridePolicy$OVERRIDE           : loaded 2 times (x 83B)
Class com.google.common.collect.Lists                                                 : loaded 2 times (x 69B)
Class com.google.common.collect.BiMap                                                 : loaded 2 times (x 68B)
Class org.jetbrains.kotlin.gradle.internal.StdlibDependencyManagementKt$configureStdlibVersionAlignment$1$1: loaded 2 times (x 73B)
Class org.objectweb.asm.AnnotationWriter                                              : loaded 2 times (x 77B)
Class org.jetbrains.kotlin.gradle.plugin.diagnostics.checkers.OverriddenKotlinNativeHomeChecker$StdlibExistenceCheckerValueSource$Params$Inject: loaded 2 times (x 104B)
Class com.google.common.math.IntMath$1                                                : loaded 2 times (x 69B)
Class org.jetbrains.kotlin.gradle.plugin.diagnostics.checkers.InternalGradlePropertiesUsageChecker: loaded 2 times (x 72B)
Class org.jetbrains.kotlin.statistics.metrics.StringOverridePolicy                    : loaded 2 times (x 83B)
Class org.gradle.internal.classloader.ClassLoaderVisitor                              : loaded 2 times (x 74B)
Class [Lorg.jetbrains.kotlin.tooling.core.HasMutableExtras;                           : loaded 2 times (x 67B)
Class org.jetbrains.kotlin.gradle.dsl.PlatformSourceSetConventionsChecker$nativeTargetPresets$1$1: loaded 2 times (x 77B)
Class org.jetbrains.kotlin.gradle.plugin.BuildEventsListenerRegistryHolder_Decorated  : loaded 2 times (x 117B)
Class org.jetbrains.kotlin.gradle.plugin.statistics.DefaultKotlinBuildStatsBeanService: loaded 2 times (x 90B)
Class org.objectweb.asm.Label                                                         : loaded 2 times (x 71B)
Class org.jetbrains.kotlin.gradle.plugin.diagnostics.CheckKotlinGradlePluginConfigurationErrors: loaded 2 times (x 317B)
Class org.jetbrains.kotlin.gradle.plugin.KotlinPluginLifecycleKt$await$1              : loaded 2 times (x 86B)
Class org.jetbrains.kotlin.gradle.artifacts.KotlinJvmJarArtifactKt                    : loaded 2 times (x 69B)
Class com.google.common.cache.CacheBuilder$NullListener                               : loaded 2 times (x 80B)
Class org.jetbrains.kotlin.gradle.tasks.DefaultKotlinJavaToolchain                    : loaded 2 times (x 75B)
Class org.jetbrains.kotlin.gradle.plugin.KotlinPluginLifecycleImpl$executeCurrentStageAndScheduleNext$3: loaded 2 times (x 73B)
Class org.jetbrains.kotlin.tooling.core.Extras$Type$Companion                         : loaded 2 times (x 69B)
Class org.jetbrains.kotlin.gradle.plugin.KotlinPluginLifecycleImpl$start$3            : loaded 2 times (x 77B)
Class org.jetbrains.kotlin.gradle.internal.properties.NativePropertiesLoader$downloadFromMaven$1: loaded 2 times (x 73B)
Class org.jetbrains.kotlin.gradle.plugin.KotlinPluginLifecycle$ProjectConfigurationResult: loaded 2 times (x 69B)
Class org.jetbrains.kotlin.gradle.plugin.internal.CompatibilityConventionRegistrarKt  : loaded 2 times (x 69B)
Class com.google.common.math.MathPreconditions                                        : loaded 2 times (x 69B)
Class org.jetbrains.kotlin.gradle.internal.ClassLoadersCachingBuildService            : loaded 2 times (x 74B)
Class [Lorg.jetbrains.kotlin.konan.target.Family;                                     : loaded 2 times (x 67B)
Class org.jetbrains.kotlin.gradle.plugin.mpp.compilationImpl.KotlinCompilationSourceSetInclusion: loaded 2 times (x 70B)
Class org.jetbrains.kotlin.gradle.targets.native.ConfigureFrameworkExportSideEffectKt : loaded 2 times (x 69B)
Class org.jetbrains.kotlin.gradle.tasks.configuration.BaseKotlinCompileConfig$1$classpathConfiguration$1: loaded 2 times (x 73B)
Class org.jetbrains.kotlin.gradle.plugin.KotlinPluginLifecycle$IllegalLifecycleException: loaded 2 times (x 80B)
Class org.jetbrains.kotlin.gradle.plugin.diagnostics.ToolingDiagnostic                : loaded 2 times (x 70B)
Class org.jetbrains.kotlin.gradle.plugin.sources.DefaultKotlinSourceSetFactory        : loaded 2 times (x 78B)
Class org.jetbrains.kotlin.gradle.plugin.KotlinCompilationInfo                        : loaded 2 times (x 86B)
Class org.jetbrains.kotlin.tooling.core.Extras$Entry                                  : loaded 2 times (x 70B)
Class org.jetbrains.kotlin.gradle.internal.ClassLoadersCachingBuildService$Companion  : loaded 2 times (x 69B)
Class org.jetbrains.kotlin.konan.target.HostManager$Companion                         : loaded 2 times (x 69B)
Class org.gradle.internal.service.DefaultServiceLocator                               : loaded 2 times (x 81B)
Class org.jetbrains.kotlin.gradle.report.UsesBuildMetricsService                      : loaded 2 times (x 68B)
Class org.gradle.internal.service.UnknownServiceException                             : loaded 2 times (x 81B)
Class org.jetbrains.kotlin.gradle.plugin.mpp.InternalKotlinTargetKt                   : loaded 2 times (x 69B)
Class org.jetbrains.kotlin.gradle.plugin.mpp.compilationImpl.DefaultKotlinCompilationConfigurationsContainer: loaded 2 times (x 82B)
Class org.jetbrains.kotlin.gradle.tasks.CInteropProcess                               : loaded 2 times (x 345B)
Class org.jetbrains.kotlin.gradle.plugin.mpp.KotlinWithJavaTarget                     : loaded 2 times (x 158B)
Class org.jetbrains.kotlin.gradle.internal.properties.NativePropertiesLoader$isUseXcodeMessageStyleEnabled$1: loaded 2 times (x 73B)
Class com.google.common.collect.ArrayListMultimap                                     : loaded 2 times (x 170B)
Class org.jetbrains.kotlin.gradle.targets.native.internal.AddKotlinPlatformIntegersSupportLibraryKt$AddKotlinPlatformIntegersSupportLibrary$1: loaded 2 times (x 93B)
Class org.jetbrains.kotlin.gradle.dsl.ExplicitApiMode                                 : loaded 2 times (x 77B)
Class [Lorg.jetbrains.kotlin.konan.target.KonanTarget;                                : loaded 2 times (x 67B)
Class org.jetbrains.kotlin.gradle.utils.ConfigurationsKt                              : loaded 2 times (x 69B)
Class com.google.common.base.Strings                                                  : loaded 2 times (x 69B)
Class org.jetbrains.kotlin.konan.target.KonanTarget$MINGW_X64                         : loaded 2 times (x 76B)
Class org.jetbrains.kotlin.gradle.targets.NativeForwardImplementationToApiElementsSideEffectKt$special$$inlined$KotlinTargetSideEffect$1: loaded 2 times (x 72B)
Class [Lorg.jetbrains.kotlin.statistics.metrics.BooleanMetrics;                       : loaded 2 times (x 67B)
Class org.jetbrains.kotlin.compilerRunner.CompilerSystemPropertiesService$Parameters_Decorated: loaded 2 times (x 132B)
Class org.jetbrains.kotlin.gradle.internal.tasks.TaskWithLocalState                   : loaded 2 times (x 68B)
Class org.jetbrains.kotlin.gradle.plugin.mpp.HierarchyAttributeContainer$1            : loaded 2 times (x 76B)
Class org.jetbrains.kotlin.gradle.plugin.diagnostics.checkers.AndroidSourceSetLayoutV1SourceSetsNotFoundChecker$androidSourceSetRegex$2: loaded 2 times (x 76B)
Class org.jetbrains.kotlin.gradle.internal.KotlinDependenciesManagementKt$configureDefaultVersionsResolutionStrategy$1$1: loaded 2 times (x 73B)
Class org.jetbrains.kotlin.gradle.internal.Kapt3GradleSubplugin                       : loaded 2 times (x 81B)
Class com.google.common.cache.CacheLoader$InvalidCacheLoadException                   : loaded 2 times (x 80B)
Class org.jetbrains.kotlin.gradle.plugin.KotlinPluginLifecycleCoroutineContextElement$Key: loaded 2 times (x 69B)
Class org.gradle.internal.classloader.DefaultClassLoaderFactory                       : loaded 2 times (x 80B)
Class com.google.common.collect.UnmodifiableIterator                                  : loaded 2 times (x 78B)
Class org.jetbrains.kotlin.gradle.plugin.mpp.compilationImpl.CreateCInteropTasksSideEffectKt$special$$inlined$KotlinCompilationSideEffect$1: loaded 2 times (x 72B)
Class org.jetbrains.kotlin.gradle.dsl.KotlinTargetContainerWithJsPresetFunctions      : loaded 2 times (x 68B)
Class org.jetbrains.kotlin.gradle.internal.properties.PropertiesBuildService$Params$Inject: loaded 2 times (x 104B)
Class com.google.common.base.Stopwatch                                                : loaded 2 times (x 70B)
Class org.jetbrains.kotlin.konan.target.KonanTarget$LINUX_ARM32_HFP                   : loaded 2 times (x 76B)
Class com.google.common.base.Platform$JdkPatternCompiler                              : loaded 2 times (x 73B)
Class com.google.common.cache.LocalCache$LoadingValueReference                        : loaded 2 times (x 94B)
Class org.jetbrains.kotlin.gradle.utils.StringUtilsKt$lowerCamelCaseName$1            : loaded 2 times (x 123B)
Class Native_plugin_loader_gradle$NativePluginLoader                                  : loaded 2 times (x 70B)
Class [Lorg.jetbrains.kotlin.build.report.metrics.GradleBuildTime;                    : loaded 2 times (x 67B)
Class org.jetbrains.kotlin.compilerRunner.UsesCompilerSystemPropertiesService         : loaded 2 times (x 68B)
Class org.jetbrains.kotlin.gradle.plugin.mpp.AbstractKotlinTarget                     : loaded 2 times (x 148B)
Class org.jetbrains.kotlin.gradle.plugin.mpp.compilationImpl.KotlinCreateCompilationArchiveTaskKt: loaded 2 times (x 69B)
Class com.google.common.collect.Hashing                                               : loaded 2 times (x 69B)
Class org.jetbrains.kotlin.gradle.plugin.mpp.InternalKotlinTargetComponentKt          : loaded 2 times (x 69B)
Class com.google.common.collect.ImmutableRangeSet$ComplementRanges                    : loaded 2 times (x 167B)
Class org.jetbrains.kotlin.gradle.plugin.diagnostics.UsesKotlinToolingDiagnosticsKt   : loaded 2 times (x 69B)
Class org.jetbrains.kotlin.gradle.plugin.diagnostics.checkers.InternalGradlePropertiesUsageChecker$runChecks$1: loaded 2 times (x 86B)
Class org.jetbrains.kotlin.gradle.targets.native.toolchain.KotlinNativeBundleBuildService$Parameters: loaded 2 times (x 68B)
Class org.jetbrains.kotlin.gradle.utils.ConfigurationsKt$sam$org_gradle_api_Action$0  : loaded 2 times (x 73B)
Class org.jetbrains.kotlin.statistics.metrics.StringAnonymizationPolicy               : loaded 2 times (x 76B)
Class org.jetbrains.kotlin.gradle.dsl.PlatformSourceSetConventionsChecker$CheckedPlatformInfo: loaded 2 times (x 70B)
Class org.jetbrains.kotlin.gradle.plugin.KotlinPluginLifecycleKt                      : loaded 2 times (x 69B)
Class com.google.common.base.JdkPattern                                               : loaded 2 times (x 73B)
Class com.google.common.collect.Multimap                                              : loaded 2 times (x 68B)
Class org.jetbrains.kotlin.gradle.plugin.internal.CompatibilityConventionRegistrar$Factory: loaded 2 times (x 68B)
Class org.jetbrains.kotlin.gradle.plugin.statistics.old.Pre232IdeaKotlinBuildStatsMXBean: loaded 2 times (x 68B)
Class org.jetbrains.kotlin.gradle.plugin.KotlinPluginLifecycle$ProjectConfigurationResult$Success: loaded 2 times (x 69B)
Class org.jetbrains.kotlin.gradle.internal.properties.PropertiesBuildService$MemoizedCallable: loaded 2 times (x 73B)
Class org.jetbrains.kotlin.gradle.utils.StoredLazyProperty$getValue$1                 : loaded 2 times (x 77B)
Class org.jetbrains.kotlin.gradle.plugin.statistics.UsesBuildFusService               : loaded 2 times (x 68B)
Class com.google.common.base.FunctionalEquivalence                                    : loaded 2 times (x 81B)
Class org.objectweb.asm.AnnotationVisitor                                             : loaded 2 times (x 76B)
Class org.objectweb.asm.RecordComponentWriter                                         : loaded 2 times (x 76B)
Class org.jetbrains.kotlin.gradle.tasks.configuration.BaseKotlinCompileConfig$2$1     : loaded 2 times (x 73B)
Class [Lorg.jetbrains.kotlin.statistics.metrics.NumberAnonymizationPolicy;            : loaded 2 times (x 67B)
Class org.jetbrains.kotlin.gradle.utils.SingleAction$PerformedActions                 : loaded 2 times (x 70B)
Class org.jetbrains.kotlin.gradle.tasks.configuration.AbstractKotlinCompileConfig$1   : loaded 2 times (x 77B)
Class org.jetbrains.kotlin.gradle.plugin.KotlinCompilation$Companion                  : loaded 2 times (x 69B)
Class com.google.common.cache.LocalCache$1                                            : loaded 2 times (x 87B)
Class org.jetbrains.kotlin.gradle.plugin.mpp.ApplyUserDefinedAttributesKt$UserDefinedAttributesSetupAction$1$1: loaded 2 times (x 77B)
Class org.jetbrains.kotlin.gradle.tasks.configuration.AbstractKotlinCompileConfig$2   : loaded 2 times (x 77B)
Class com.google.common.cache.LocalCache$2                                            : loaded 2 times (x 140B)
Class org.jetbrains.kotlin.statistics.fileloggers.MetricsContainer$Companion          : loaded 2 times (x 69B)
Class org.jetbrains.kotlin.compilerRunner.CompilerSystemPropertiesService$Parameters  : loaded 2 times (x 68B)
Class org.jetbrains.kotlin.konan.target.Architecture                                  : loaded 2 times (x 77B)
Class Native_plugin_loader_gradle                                                     : loaded 2 times (x 128B)
Class org.jetbrains.kotlin.gradle.plugin.KotlinPluginLifecycleKt$launchInStage$1      : loaded 2 times (x 93B)
Class org.jetbrains.kotlin.gradle.targets.js.npm.SemVer$Companion                     : loaded 2 times (x 69B)
Class com.google.common.collect.RegularImmutableBiMap                                 : loaded 2 times (x 147B)
Class org.jetbrains.kotlin.gradle.internal.properties.PropertiesBuildService$NullableStringGradleProperty: loaded 2 times (x 74B)
Class org.jetbrains.kotlin.konan.target.KonanTarget$MACOS_X64                         : loaded 2 times (x 76B)
Class org.jetbrains.kotlin.gradle.plugin.mpp.KotlinUsages                             : loaded 2 times (x 69B)
Class org.jetbrains.kotlin.gradle.plugin.mpp.compilationImpl.KotlinCompilationSourceSetInclusion$Companion: loaded 2 times (x 69B)
Class org.jetbrains.kotlin.gradle.plugin.KotlinMultiplatformPluginWrapper             : loaded 2 times (x 84B)
Class org.jetbrains.kotlin.gradle.targets.js.dsl.KotlinJsSubTargetContainerDsl        : loaded 2 times (x 68B)
Class org.jetbrains.kotlin.gradle.dsl.KotlinJvmCompilerOptionsDefault                 : loaded 2 times (x 106B)
Class org.gradle.internal.classloader.VisitableURLClassLoader$Spec                    : loaded 2 times (x 72B)
Class org.jetbrains.kotlin.statistics.metrics.IMetricContainerFactory                 : loaded 2 times (x 68B)
Class org.gradle.api.GradleException                                                  : loaded 2 times (x 80B)
Class org.jetbrains.kotlin.statistics.metrics.BooleanAnonymizationPolicy$SAFE         : loaded 2 times (x 83B)
Class org.gradle.api.internal.classpath.ModuleRegistry                                : loaded 2 times (x 68B)
Class org.jetbrains.kotlin.gradle.plugin.cocoapods.KotlinCocoapodsPlugin$Companion    : loaded 2 times (x 69B)
Class org.jetbrains.kotlin.gradle.plugin.statistics.BuildFusService$Companion$registerIfAbsent$1$1: loaded 2 times (x 77B)
Class org.jetbrains.kotlin.gradle.plugin.diagnostics.checkers.WasmJsEnvironmentChecker: loaded 2 times (x 74B)
Class org.jetbrains.kotlin.statistics.metrics.NumericalMetrics$Companion              : loaded 2 times (x 69B)
Class org.jetbrains.kotlin.gradle.plugin.mpp.MppSourcesJarKt$sourcesJarTask$1         : loaded 2 times (x 93B)
Class com.google.common.cache.CacheBuilder                                            : loaded 2 times (x 70B)
Class org.objectweb.asm.ByteVector                                                    : loaded 2 times (x 77B)
Class com.google.common.collect.ImmutableCollection                                   : loaded 2 times (x 123B)
Class org.jetbrains.kotlin.gradle.plugin.PropertiesProvider                           : loaded 2 times (x 71B)
Class org.jetbrains.kotlin.gradle.plugin.mpp.DefaultKotlinUsageContext$PublishOnlyIf  : loaded 2 times (x 68B)
Class org.jetbrains.kotlin.gradle.targets.js.npm.NpmDependencyExtensionKt$AddNpmDependencyExtensionProjectSetupAction$1$WhenMappings: loaded 2 times (x 69B)
Class org.jetbrains.kotlin.gradle.plugin.diagnostics.checkers.UnusedSourceSetsChecker : loaded 2 times (x 72B)
Class org.jetbrains.kotlin.gradle.utils.FileUtilsKt                                   : loaded 2 times (x 69B)
Class org.jetbrains.kotlin.gradle.tasks.configuration.KaptGenerateStubsConfig$Companion$wireJavaAndKotlinOutputs$1: loaded 2 times (x 77B)
Class org.jetbrains.kotlin.gradle.report.BuildReportType$Companion                    : loaded 2 times (x 69B)
Class org.jetbrains.kotlin.gradle.plugin.diagnostics.TransformActionUsingKotlinToolingDiagnostics$Parameters: loaded 2 times (x 68B)
Class com.google.common.collect.ImmutableRangeSet                                     : loaded 2 times (x 113B)
Class org.jetbrains.kotlin.gradle.plugin.ProjectLocalConfigurations$setupAttributesMatchingStrategy$1$1: loaded 2 times (x 72B)
Class org.jetbrains.kotlin.gradle.plugin.diagnostics.KotlinToolingDiagnosticsCollector: loaded 2 times (x 74B)
Class org.jetbrains.kotlin.tooling.core.MutableExtrasImpl                             : loaded 2 times (x 163B)
Class org.jetbrains.kotlin.gradle.plugin.mpp.compilationImpl.DefaultKotlinCompilationFriendPathsResolver: loaded 2 times (x 73B)
Class org.jetbrains.kotlin.gradle.targets.js.npm.DefaultPeerNpmDependencyExtension    : loaded 2 times (x 139B)
Class org.jetbrains.kotlin.gradle.dsl.KotlinGradlePluginPublicDsl                     : loaded 2 times (x 68B)
Class com.google.common.base.PairwiseEquivalence                                      : loaded 2 times (x 81B)
Class com.google.common.base.Ticker                                                   : loaded 2 times (x 70B)
Class org.jetbrains.kotlin.gradle.plugin.KotlinJsCompilerTypeHolder                   : loaded 2 times (x 68B)
Class org.gradle.api.internal.ClassPathProvider                                       : loaded 2 times (x 68B)
Class com.google.common.base.Ascii                                                    : loaded 2 times (x 69B)
Class com.google.common.collect.RegularImmutableMap$Values                            : loaded 2 times (x 167B)
Class org.jetbrains.kotlin.gradle.plugin.KotlinPluginLifecycle$Stage                  : loaded 2 times (x 77B)
Class org.jetbrains.kotlin.tooling.core.MutableExtrasImpl$Companion                   : loaded 2 times (x 69B)
Class org.jetbrains.kotlin.gradle.utils.StoredProperty                                : loaded 2 times (x 68B)
Class org.jetbrains.kotlin.gradle.plugin.diagnostics.checkers.OverriddenKotlinNativeHomeChecker$StdlibExistenceCheckerValueSource$Params_Decorated: loaded 2 times (x 132B)
Class org.jetbrains.kotlin.gradle.plugin.mpp.compilationImpl.KotlinCompilationTaskNamesContainer: loaded 2 times (x 70B)
Class org.objectweb.asm.ModuleWriter                                                  : loaded 2 times (x 80B)
Class org.gradle.internal.classloader.ClasspathUtil$1                                 : loaded 2 times (x 74B)
Class org.jetbrains.kotlin.konan.target.KonanTarget$IOS_SIMULATOR_ARM64               : loaded 2 times (x 76B)
Class org.jetbrains.kotlin.gradle.plugin.mpp.compilationImpl.factory.KotlinCompilationImplFactory$ProcessResourcesTaskNameFactory: loaded 2 times (x 68B)
Class org.jetbrains.kotlin.gradle.plugin.KotlinPluginLifecycle                        : loaded 2 times (x 68B)
Class org.jetbrains.kotlin.gradle.plugin.diagnostics.KotlinToolingDiagnostics$WasmWasiEnvironmentNotChosenExplicitly: loaded 2 times (x 71B)
Class org.jetbrains.kotlin.gradle.plugin.mpp.compilationImpl.KotlinCompilationCompilerOptionsFromTargetConfigurator: loaded 2 times (x 72B)
Class com.google.common.collect.ImmutableEnumMap                                      : loaded 2 times (x 124B)
Class org.jetbrains.kotlin.gradle.plugin.sources.KotlinSourceSetFactory               : loaded 2 times (x 78B)
Class org.jetbrains.kotlin.gradle.plugin.KotlinJvmPlugin$Companion                    : loaded 2 times (x 69B)
Class org.jetbrains.kotlin.konan.target.KonanTarget$TVOS_SIMULATOR_ARM64              : loaded 2 times (x 76B)
Class org.jetbrains.kotlin.gradle.plugin.DefaultKotlinBasePlugin$apply$1              : loaded 2 times (x 73B)
Class org.jetbrains.kotlin.gradle.plugin.sources.KotlinSourceSetFactory$Companion     : loaded 2 times (x 69B)
Class org.jetbrains.kotlin.gradle.plugin.internal.CustomPropertiesFileValueSource$Parameters$Inject: loaded 2 times (x 104B)
Class com.google.common.collect.ImmutableList$ReverseImmutableList                    : loaded 2 times (x 169B)
Class org.jetbrains.kotlin.gradle.plugin.diagnostics.checkers.WasmWasiEnvironmentChecker$1: loaded 2 times (x 76B)
Class org.jetbrains.kotlin.gradle.report.BuildMetricsService                          : loaded 2 times (x 84B)
Class org.jetbrains.kotlin.gradle.plugin.diagnostics.checkers.WasmWasiEnvironmentChecker$2: loaded 2 times (x 76B)
Class org.jetbrains.kotlin.gradle.utils.WhenPluginEnabledKt                           : loaded 2 times (x 69B)
Class org.jetbrains.kotlin.gradle.plugin.mpp.compilationImpl.KotlinCompilationSourceSetInclusion$Companion$includedSourceSets$2: loaded 2 times (x 76B)
Class org.jetbrains.kotlin.gradle.plugin.DefaultKotlinBasePlugin$setupAttributeMatchingStrategy$1$1: loaded 2 times (x 77B)
Class org.jetbrains.kotlin.gradle.plugin.DefaultKotlinBasePlugin$setupAttributeMatchingStrategy$1$2: loaded 2 times (x 77B)
Class org.jetbrains.kotlin.gradle.plugin.statistics.KotlinBuildStatsLoggerService     : loaded 2 times (x 70B)
Class com.google.common.cache.AbstractCache$StatsCounter                              : loaded 2 times (x 68B)
Class org.jetbrains.kotlin.gradle.tasks.configuration.BaseKotlinCompileConfig$1$1     : loaded 2 times (x 73B)
Class org.jetbrains.kotlin.gradle.targets.KotlinTargetSideEffect$Companion            : loaded 2 times (x 69B)
Class org.objectweb.asm.FieldVisitor                                                  : loaded 2 times (x 75B)
Class org.jetbrains.kotlin.gradle.tasks.KotlinCompilationTask                         : loaded 2 times (x 68B)
Class org.jetbrains.kotlin.statistics.metrics.NumberOverridePolicy$AVERAGE            : loaded 2 times (x 83B)
Class org.jetbrains.kotlin.gradle.plugin.diagnostics.checkers.DeprecatedKotlinNativeTargetsChecker$runChecks$1: loaded 2 times (x 86B)
Class org.objectweb.asm.Symbol                                                        : loaded 2 times (x 71B)
Class org.jetbrains.kotlin.gradle.tasks.KotlinJvmCompile                              : loaded 2 times (x 68B)
Class [Lorg.jetbrains.kotlin.statistics.metrics.StringOverridePolicy;                 : loaded 2 times (x 67B)
Class Build_gradle$1$1                                                                : loaded 2 times (x 76B)
Class org.jetbrains.kotlin.gradle.plugin.diagnostics.checkers.CInteropInputChecker$runChecks$1: loaded 2 times (x 86B)
Class org.jetbrains.kotlin.gradle.plugin.diagnostics.KotlinToolingDiagnostics$JsLikeEnvironmentNotChosenExplicitly: loaded 2 times (x 71B)
Class org.jetbrains.kotlin.gradle.plugin.diagnostics.checkers.CInteropInputChecker$runChecks$2: loaded 2 times (x 73B)
Class com.google.common.cache.LocalCache$Strength$1                                   : loaded 2 times (x 79B)
Class org.jetbrains.kotlin.gradle.targets.native.toolchain.KotlinNativeBundleBuildService: loaded 2 times (x 75B)
Class com.google.common.cache.LocalCache$Strength$2                                   : loaded 2 times (x 79B)
Class org.jetbrains.kotlin.gradle.plugin.hierarchy.KotlinSourceSetTreeClassifierKt    : loaded 2 times (x 69B)
Class org.jetbrains.kotlin.statistics.metrics.NumericalMetrics                        : loaded 2 times (x 78B)
Class com.google.common.cache.LocalCache$Strength$3                                   : loaded 2 times (x 79B)
Class org.gradle.internal.classloader.ClassLoaderFactory                              : loaded 2 times (x 68B)
Class com.google.common.collect.ObjectArrays                                          : loaded 2 times (x 69B)
Class org.jetbrains.kotlin.gradle.utils.ProviderApiUtilsKt$mapOrNull$1                : loaded 2 times (x 73B)
Class org.jetbrains.kotlin.gradle.plugin.mpp.compilationImpl.KotlinCreateCompilationArchiveTaskKt$KotlinCreateCompilationArchivesTask$1: loaded 2 times (x 72B)
Class org.jetbrains.kotlin.gradle.utils.Future                                        : loaded 2 times (x 68B)
Class org.jetbrains.kotlin.gradle.plugin.mpp.compilationImpl.KotlinCompilationSourceSetInclusion$include$1: loaded 2 times (x 77B)
Class com.google.common.util.concurrent.Uninterruptibles                              : loaded 2 times (x 69B)
Class com.google.common.collect.Iterators$EmptyModifiableIterator                     : loaded 2 times (x 84B)
Class com.google.common.collect.ImmutableList                                         : loaded 2 times (x 166B)
Class org.gradle.api.internal.classpath.ManifestUtil                                  : loaded 2 times (x 69B)
Class org.gradle.api.specs.Spec                                                       : loaded 2 times (x 68B)
Class com.google.common.collect.RangeSet                                              : loaded 2 times (x 68B)
Class [Lorg.jetbrains.kotlin.gradle.targets.js.npm.NpmDependency$Scope;               : loaded 2 times (x 67B)
Class org.jetbrains.kotlin.gradle.targets.CreateDefaultCompilationsSideEffectKt$CreateDefaultCompilationsSideEffect$1: loaded 2 times (x 72B)
Class org.jetbrains.kotlin.gradle.plugin.VariantImplementationFactories$Inject        : loaded 2 times (x 104B)
Class com.google.common.cache.CacheLoader$UnsupportedLoadingOperationException        : loaded 2 times (x 80B)
Class org.jetbrains.kotlin.gradle.dsl.DefaultToolchainSupport$wireToolchainToTasks$1  : loaded 2 times (x 73B)
Class org.jetbrains.kotlin.gradle.internal.properties.PropertiesBuildService$IntGradleProperty: loaded 2 times (x 74B)
Class org.jetbrains.kotlin.gradle.plugin.mpp.KotlinUsages$KotlinUsagesDisambiguation  : loaded 2 times (x 74B)
Class org.jetbrains.kotlin.gradle.utils.ProviderApiUtilsKt                            : loaded 2 times (x 69B)
Class com.google.common.util.concurrent.ListenableFuture                              : loaded 2 times (x 68B)
Class org.jetbrains.kotlin.gradle.tooling.BuildKotlinToolingMetadataTaskKt$RegisterBuildKotlinToolingMetadataTask$1: loaded 2 times (x 72B)
Class org.jetbrains.kotlin.tooling.core.ExtrasLazyProperty                            : loaded 2 times (x 68B)
Class org.jetbrains.kotlin.gradle.plugin.KotlinCompilationInfo$TCS                    : loaded 2 times (x 87B)
Class org.jetbrains.kotlin.gradle.plugin.KotlinGradlePluginExtensionPointInternalKt   : loaded 2 times (x 69B)
Class [Lorg.jetbrains.kotlin.gradle.plugin.mpp.compilationImpl.factory.KotlinCompilationImplFactory$PostConfigure;: loaded 2 times (x 67B)
Class org.jetbrains.kotlin.gradle.targets.native.internal.SetupKotlinNativePlatformDependenciesAndStdlibKt: loaded 2 times (x 69B)
Class com.google.common.collect.Iterators$1                                           : loaded 2 times (x 79B)
Class org.jetbrains.kotlin.gradle.plugin.mpp.KotlinTargetSoftwareComponentImplKt$KotlinTargetSoftwareComponent$1$1$1: loaded 2 times (x 73B)
Class org.jetbrains.kotlin.konan.target.KonanTarget$TVOS_X64                          : loaded 2 times (x 76B)
Class org.jetbrains.kotlin.gradle.artifacts.KotlinMetadataArtifactKt                  : loaded 2 times (x 69B)
Class org.jetbrains.kotlin.gradle.utils.KotlinExtensionUtilsKt                        : loaded 2 times (x 69B)
Class org.jetbrains.kotlin.konan.target.UtilsKt$evaluatePresetName$1                  : loaded 2 times (x 76B)
Class org.jetbrains.kotlin.gradle.plugin.mpp.compilationImpl.factory.KotlinCompilationDependencyConfigurationsFactoriesKt: loaded 2 times (x 69B)
Class org.jetbrains.kotlin.gradle.internal.properties.NativePropertiesLoader$forceDisableRunningInProcess$1: loaded 2 times (x 73B)
Class com.google.common.collect.Iterators$4                                           : loaded 2 times (x 80B)
Class com.google.common.collect.RegularImmutableMap$BucketOverflowException           : loaded 2 times (x 80B)
Class org.jetbrains.kotlin.gradle.utils.SingleAction                                  : loaded 2 times (x 71B)
Class com.google.common.collect.Iterators$5                                           : loaded 2 times (x 80B)
Class org.jetbrains.kotlin.gradle.plugin.statistics.KotlinBuildStatsServicesRegistry  : loaded 2 times (x 76B)
Class com.google.common.base.Joiner                                                   : loaded 2 times (x 77B)
Class com.google.common.base.Equivalence$Equals                                       : loaded 2 times (x 80B)
Class com.google.common.base.Preconditions                                            : loaded 2 times (x 69B)
Class org.jetbrains.kotlin.gradle.plugin.diagnostics.UsesKotlinToolingDiagnosticsParameters: loaded 2 times (x 68B)
Class com.google.common.base.Function                                                 : loaded 2 times (x 68B)
Class org.jetbrains.kotlin.gradle.plugin.internal.DefaultCompatibilityConventionRegistrar: loaded 2 times (x 72B)
Class com.google.common.collect.Iterators$9                                           : loaded 2 times (x 79B)
Class org.jetbrains.kotlin.gradle.plugin.mpp.KotlinUsageContext$MavenScope            : loaded 2 times (x 77B)
Class org.jetbrains.kotlin.gradle.utils.ConfigurationsKt$createResolvable$1           : loaded 2 times (x 76B)
Class org.jetbrains.kotlin.gradle.plugin.statistics.KotlinBuildStatsServicesRegistry$Companion: loaded 2 times (x 69B)
Class org.jetbrains.kotlin.gradle.plugin.KotlinProjectSetupAction$Companion           : loaded 2 times (x 69B)
Class org.jetbrains.kotlin.gradle.plugin.mpp.compilationImpl.DefaultKotlinCompilationSourceSetsContainer$source$1: loaded 2 times (x 77B)
Class org.jetbrains.kotlin.gradle.plugin.sources.FragmentConsistencyChecks$optInAnnotationsCheck$1: loaded 2 times (x 77B)
Class org.jetbrains.kotlin.gradle.plugin.KotlinCompilation                            : loaded 2 times (x 68B)
Class org.gradle.internal.IoActions                                                   : loaded 2 times (x 69B)
Class org.jetbrains.kotlin.gradle.plugin.sources.FragmentConsistencyChecks$optInAnnotationsCheck$2: loaded 2 times (x 76B)
Class org.jetbrains.kotlin.gradle.plugin.diagnostics.checkers.KotlinTargetAlreadyDeclaredChecker: loaded 2 times (x 72B)
Class org.jetbrains.kotlin.gradle.dsl.KotlinCompile                                   : loaded 2 times (x 68B)
Class org.jetbrains.kotlin.gradle.artifacts.KotlinNativeHostSpecificMetadataArtifactKt: loaded 2 times (x 69B)
Class org.jetbrains.kotlin.gradle.targets.native.toolchain.KotlinNativeBundleBuildService$Companion$registerIfAbsent$2$1$1: loaded 2 times (x 73B)
Class org.jetbrains.kotlin.gradle.plugin.VariantImplementationFactories$Companion$getProvider$1: loaded 2 times (x 73B)
Class org.jetbrains.kotlin.gradle.plugin.mpp.apple.swiftexport.internal.SwiftExportInitKt: loaded 2 times (x 69B)
Class org.jetbrains.kotlin.gradle.plugin.mpp.DecoratedKotlinCompilation               : loaded 2 times (x 189B)
Class [Lorg.jetbrains.kotlin.build.report.metrics.BuildTime;                          : loaded 2 times (x 67B)
Class org.jetbrains.kotlin.gradle.targets.js.ir.KotlinJsIrTarget                      : loaded 2 times (x 252B)
Class org.jetbrains.kotlin.statistics.metrics.BooleanOverridePolicy$OR                : loaded 2 times (x 83B)
Class org.jetbrains.kotlin.gradle.plugin.mpp.compilationImpl.DefaultKotlinCompilationSourceSetsContainer$allKotlinSourceSetsImpl$1$1: loaded 2 times (x 78B)
Class org.jetbrains.kotlin.gradle.plugin.diagnostics.checkers.DeprecatedKotlinNativeTargetsChecker: loaded 2 times (x 72B)
Class org.jetbrains.kotlin.gradle.artifacts.KotlinTargetArtifact                      : loaded 2 times (x 68B)
Class org.jetbrains.kotlin.gradle.internal.transforms.BuildToolsApiClasspathEntrySnapshotTransform$Parameters_Decorated: loaded 2 times (x 155B)
Class com.google.common.cache.ReferenceEntry                                          : loaded 2 times (x 68B)
Class org.jetbrains.kotlin.gradle.plugin.diagnostics.checkers.JsLikeEnvironmentChecker$runChecks$1: loaded 2 times (x 86B)
Class com.google.common.collect.CollectPreconditions                                  : loaded 2 times (x 69B)
Class com.google.common.collect.RegularImmutableMap$KeySet                            : loaded 2 times (x 150B)
Class [Lorg.jetbrains.kotlin.statistics.metrics.BooleanOverridePolicy;                : loaded 2 times (x 67B)
Class com.google.common.primitives.IntsMethodsForWeb                                  : loaded 2 times (x 69B)
Class org.jetbrains.kotlin.gradle.plugin.cocoapods.KotlinCocoapodsPlugin              : loaded 2 times (x 74B)
Class com.google.common.collect.RangeGwtSerializationDependencies                     : loaded 2 times (x 69B)
Class org.jetbrains.kotlin.gradle.plugin.diagnostics.checkers.KotlinSourceSetTreeDependsOnMismatchChecker$runChecks$1: loaded 2 times (x 86B)
Class [Lorg.jetbrains.kotlin.statistics.metrics.IMetricContainerFactory;              : loaded 2 times (x 67B)
Class org.jetbrains.kotlin.gradle.plugin.sources.DefaultLanguageSettingsBuilder$freeCompilerArgsProvider$1: loaded 2 times (x 93B)
Class com.google.common.collect.Maps                                                  : loaded 2 times (x 69B)
Class org.jetbrains.kotlin.gradle.plugin.VariantImplementationFactories$Parameters$Inject: loaded 2 times (x 104B)
Class com.google.common.collect.RegularImmutableMap                                   : loaded 2 times (x 119B)
Class org.jetbrains.kotlin.gradle.internal.Kapt3GradleSubplugin$Kapt3SubpluginContext : loaded 2 times (x 70B)
Class org.jetbrains.kotlin.gradle.internal.properties.NativePropertiesKt              : loaded 2 times (x 69B)
Class build_21ku5xi9uecn99xi50py5hj23                                                 : loaded 2 times (x 178B)
Class org.jetbrains.kotlin.gradle.utils.GradleAttributesContainerUtilsKt$copyAttributeTo$1: loaded 2 times (x 77B)
Class [Lorg.jetbrains.kotlin.build.report.metrics.ValueType;                          : loaded 2 times (x 67B)
Class org.jetbrains.kotlin.gradle.utils.FutureImpl                                    : loaded 2 times (x 78B)
Class com.google.common.collect.AbstractIndexedListIterator                           : loaded 2 times (x 94B)
Class org.jetbrains.kotlin.konan.target.UtilsKt                                       : loaded 2 times (x 69B)
Class org.jetbrains.kotlin.statistics.metrics.NumberAnonymizationPolicy$RANDOM_10_PERCENT: loaded 2 times (x 83B)
Class org.jetbrains.kotlin.gradle.plugin.KotlinPluginLifecycleKt$kotlinPluginLifecycle$2: loaded 2 times (x 76B)
Class org.jetbrains.kotlin.gradle.plugin.diagnostics.checkers.OverriddenKotlinNativeHomeChecker$allKonanMainSubdirectoriesExist$1: loaded 2 times (x 73B)
Class org.jetbrains.kotlin.gradle.targets.native.internal.CInteropConfigurationsKt    : loaded 2 times (x 69B)
Class org.jetbrains.kotlin.build.report.metrics.GradleBuildTime$Companion             : loaded 2 times (x 69B)
Class org.jetbrains.kotlin.gradle.plugin.BuildEventsListenerRegistryHolder            : loaded 2 times (x 70B)
Class org.jetbrains.kotlin.gradle.tasks.TasksProviderKt$sam$org_gradle_api_Action$0   : loaded 2 times (x 73B)
Class org.gradle.api.internal.classpath.EffectiveClassPath                            : loaded 2 times (x 88B)
Class com.google.common.collect.UnmodifiableListIterator                              : loaded 2 times (x 93B)
Class org.jetbrains.kotlin.gradle.plugin.KotlinJvmFactory                             : loaded 2 times (x 68B)
Class org.jetbrains.kotlin.konan.target.HostManager$Companion$targetAliases$2         : loaded 2 times (x 76B)
Class org.jetbrains.kotlin.gradle.internal.properties.PropertiesBuildServiceKt        : loaded 2 times (x 69B)
Class org.jetbrains.kotlin.gradle.plugin.internal.DefaultConfigurationCacheStartParameterAccessor: loaded 2 times (x 75B)
Class org.jetbrains.kotlin.gradle.targets.js.npm.DefaultNpmDependencyExtension        : loaded 2 times (x 150B)
Class org.jetbrains.kotlin.gradle.plugin.mpp.compilationImpl.KotlinCompilationProcessorSideEffectKt: loaded 2 times (x 69B)
Class org.jetbrains.kotlin.build.report.metrics.BuildPerformanceMetric                : loaded 2 times (x 68B)
Class com.google.common.cache.CacheLoader$FunctionToCacheLoader                       : loaded 2 times (x 73B)
Class com.google.common.cache.CacheBuilder$1                                          : loaded 2 times (x 83B)
Class org.jetbrains.kotlin.gradle.plugin.mpp.KotlinCompilationFactory$DefaultImpls    : loaded 2 times (x 69B)
Class org.jetbrains.kotlin.statistics.metrics.BooleanMetrics$Companion                : loaded 2 times (x 69B)
Class com.google.common.cache.CacheBuilder$2                                          : loaded 2 times (x 77B)
Class com.google.common.collect.ImmutableList$1                                       : loaded 2 times (x 95B)
Class com.google.common.cache.CacheBuilder$3                                          : loaded 2 times (x 70B)
Class org.jetbrains.kotlin.gradle.utils.GradleAttributesContainerUtilsKt              : loaded 2 times (x 69B)
Class org.jetbrains.kotlin.gradle.targets.js.dsl.KotlinWasmJsTargetDsl                : loaded 2 times (x 68B)
Class com.google.common.collect.ImmutableMapEntrySet$RegularEntrySet                  : loaded 2 times (x 150B)
Class [Lcom.google.common.cache.RemovalListener;                                      : loaded 2 times (x 67B)
Class [Lcom.google.common.collect.ImmutableMapEntry;                                  : loaded 2 times (x 67B)
Class org.jetbrains.kotlin.gradle.plugin.KotlinTargetConfiguratorKt$WhenMappings      : loaded 2 times (x 69B)
Class org.jetbrains.kotlin.gradle.internal.properties.PropertiesBuildService$property$1$valueFromGradleAndLocalProperties$1: loaded 2 times (x 73B)
Class Native_plugin_loader_gradle$NativePluginLoader$Companion                        : loaded 2 times (x 69B)
Class org.jetbrains.kotlin.gradle.plugin.mpp.KotlinCompilationsKt                     : loaded 2 times (x 69B)
Class org.gradle.internal.installation.CurrentGradleInstallation                      : loaded 2 times (x 71B)
Class org.jetbrains.kotlin.gradle.plugin.sources.FragmentConsistencyChecks$languageVersionCheck$1: loaded 2 times (x 77B)
Class [Lorg.jetbrains.kotlin.konan.target.Architecture;                               : loaded 2 times (x 67B)
Class org.jetbrains.kotlin.gradle.plugin.sources.FragmentConsistencyChecks$languageVersionCheck$2: loaded 2 times (x 76B)
Class org.gradle.internal.installation.CurrentGradleInstallationLocator               : loaded 2 times (x 69B)
Class [Lcom.google.common.cache.LocalCache$Segment;                                   : loaded 2 times (x 67B)
Class org.jetbrains.kotlin.gradle.utils.GradleConfigurationUtilsKt                    : loaded 2 times (x 69B)
Class org.jetbrains.kotlin.gradle.plugin.KotlinGradlePluginExtensionPointInternal$registeredExtensions$2: loaded 2 times (x 76B)
Class com.google.common.collect.ImmutableSortedSet                                    : loaded 2 times (x 234B)
Class org.jetbrains.kotlin.gradle.plugin.KotlinProjectSetupActionKt                   : loaded 2 times (x 69B)
Class org.jetbrains.kotlin.gradle.plugin.mpp.KotlinTargetSoftwareComponent            : loaded 2 times (x 87B)
Class org.jetbrains.kotlin.gradle.plugin.mpp.compilationImpl.KotlinCompilationSourceSetsContainerKt: loaded 2 times (x 69B)
Class org.jetbrains.kotlin.gradle.report.BuildReportMode                              : loaded 2 times (x 77B)
Class com.google.common.collect.ImmutableSet$JdkBackedSetBuilderImpl                  : loaded 2 times (x 74B)
Class org.jetbrains.kotlin.gradle.plugin.diagnostics.KotlinToolingDiagnosticsCollector$Inject: loaded 2 times (x 94B)
Class org.jetbrains.kotlin.gradle.plugin.KotlinPluginLifecycleImpl$launch$1           : loaded 2 times (x 77B)
Class org.jetbrains.kotlin.gradle.utils.CompilerOptionsKt                             : loaded 2 times (x 69B)
Class com.google.common.collect.ImmutableSet$RegularSetBuilderImpl                    : loaded 2 times (x 75B)
Class org.jetbrains.kotlin.build.report.metrics.ValueType                             : loaded 2 times (x 77B)
Class org.jetbrains.kotlin.gradle.plugin.PropertiesProvider$kotlinExperimentalTryNext$1: loaded 2 times (x 73B)
Class [Lorg.objectweb.asm.AnnotationWriter;                                           : loaded 2 times (x 67B)
Class org.gradle.internal.service.CachingServiceLocator                               : loaded 2 times (x 80B)
Class [Lorg.jetbrains.kotlin.gradle.plugin.KotlinPluginLifecycle$CoroutineStart;      : loaded 2 times (x 67B)
Class org.jetbrains.kotlin.konan.target.KonanTarget$Companion                         : loaded 2 times (x 69B)
Class org.jetbrains.kotlin.gradle.plugin.KotlinPlatformType$Companion                 : loaded 2 times (x 69B)
Class org.jetbrains.kotlin.gradle.tooling.BuildKotlinToolingMetadataTaskKt            : loaded 2 times (x 69B)
Class org.jetbrains.kotlin.statistics.BuildSessionLogger                              : loaded 2 times (x 75B)
Class org.jetbrains.kotlin.gradle.plugin.internal.CustomPropertiesFileValueSource     : loaded 2 times (x 80B)
Class org.jetbrains.kotlin.statistics.metrics.BooleanOverridePolicy                   : loaded 2 times (x 83B)
Class [Lcom.google.common.collect.ImmutableEntry;                                     : loaded 2 times (x 67B)
Class org.jetbrains.kotlin.gradle.plugin.KotlinBaseApiPlugin                          : loaded 2 times (x 116B)
Class org.jetbrains.kotlin.gradle.plugin.mpp.compilationImpl.KotlinCreateSourcesJarTaskSideEffectKt$KotlinCreateSourcesJarTaskSideEffect$1: loaded 2 times (x 72B)
Class org.jetbrains.kotlin.gradle.internal.UsesClassLoadersCachingBuildService        : loaded 2 times (x 68B)
Class org.jetbrains.kotlin.gradle.plugin.VariantImplementationFactoriesConfigurator$Companion$getProvider$1: loaded 2 times (x 72B)
Class com.google.common.collect.Sets$ImprovedAbstractSet                              : loaded 2 times (x 133B)
Class org.gradle.internal.classpath.DefaultClassPath                                  : loaded 2 times (x 88B)
Class org.jetbrains.kotlin.gradle.tasks.configuration.KaptGenerateStubsConfig         : loaded 2 times (x 70B)
Class org.jetbrains.kotlin.gradle.plugin.KotlinBasePlugin                             : loaded 2 times (x 68B)
Class org.jetbrains.kotlin.statistics.metrics.BooleanMetrics                          : loaded 2 times (x 78B)
Class org.jetbrains.kotlin.gradle.plugin.diagnostics.checkers.WasmSourceSetsNotFoundChecker: loaded 2 times (x 72B)
Class org.jetbrains.kotlin.gradle.plugin.diagnostics.checkers.JsEnvironmentChecker$1  : loaded 2 times (x 76B)
Class org.jetbrains.kotlin.gradle.plugin.mpp.KotlinCompilationsKt$moduleNameForCompilation$1: loaded 2 times (x 73B)
Class org.jetbrains.kotlin.gradle.plugin.diagnostics.checkers.JsEnvironmentChecker$2  : loaded 2 times (x 76B)
Class org.jetbrains.kotlin.gradle.plugin.KotlinGradlePluginExtensionPointInternal     : loaded 2 times (x 74B)
Class org.jetbrains.kotlin.gradle.plugin.mpp.KotlinNativeTarget                       : loaded 2 times (x 165B)
Class org.jetbrains.kotlin.gradle.plugin.diagnostics.checkers.JsEnvironmentChecker$3  : loaded 2 times (x 76B)
Class org.jetbrains.kotlin.gradle.plugin.KotlinGradleBuildServices$detectKotlinPluginLoadedInMultipleProjects$onRegister$1: loaded 2 times (x 77B)
Class org.jetbrains.kotlin.gradle.targets.js.dsl.KotlinTargetWithNodeJsDsl            : loaded 2 times (x 68B)
Class [Lorg.jetbrains.kotlin.gradle.report.BuildReportType;                           : loaded 2 times (x 67B)
Class org.jetbrains.kotlin.gradle.internal.StdlibDependencyManagementKt               : loaded 2 times (x 69B)
Class org.jetbrains.kotlin.gradle.plugin.diagnostics.checkers.OverriddenKotlinNativeHomeChecker$allKonanMainSubdirectoriesExist$1$1: loaded 2 times (x 73B)
Class com.google.common.collect.CollectCollectors                                     : loaded 2 times (x 69B)
Class org.jetbrains.kotlin.gradle.plugin.mpp.KotlinUsages$KotlinCinteropDisambiguation: loaded 2 times (x 74B)
Class org.jetbrains.kotlin.statistics.metrics.NumberOverridePolicy                    : loaded 2 times (x 83B)
Class org.jetbrains.kotlin.gradle.plugin.AbstractKotlinPlugin                         : loaded 2 times (x 76B)
Class org.jetbrains.kotlin.gradle.plugin.diagnostics.checkers.WasmWasiEnvironmentChecker: loaded 2 times (x 74B)
Class org.jetbrains.kotlin.gradle.dsl.KotlinMultiplatformSourceSetConventions         : loaded 2 times (x 68B)
Class org.jetbrains.kotlin.gradle.plugin.diagnostics.checkers.OverriddenKotlinNativeHomeChecker: loaded 2 times (x 72B)
Class org.jetbrains.kotlin.gradle.plugin.mpp.compilationImpl.KotlinCompilationSourceSetInclusion$DefaultAddSourcesToCompileTask: loaded 2 times (x 72B)
Class org.jetbrains.kotlin.gradle.targets.js.npm.DefaultDevNpmDependencyExtension     : loaded 2 times (x 143B)
Class org.jetbrains.kotlin.gradle.plugin.mpp.KotlinOnlyTarget                         : loaded 2 times (x 151B)
Class org.jetbrains.kotlin.gradle.plugin.mpp.compilationImpl.KotlinCompilationFriendPathsResolver: loaded 2 times (x 68B)
Class org.jetbrains.kotlin.gradle.dsl.KotlinJvmCompile                                : loaded 2 times (x 68B)
Class org.jetbrains.kotlin.gradle.plugin.sources.DefaultKotlinSourceSetKt$defaultSourceSetLanguageSettingsChecker$1: loaded 2 times (x 76B)
Class org.jetbrains.kotlin.gradle.plugin.sources.DefaultKotlinSourceSetKt$defaultSourceSetLanguageSettingsChecker$2: loaded 2 times (x 76B)
Class org.jetbrains.kotlin.statistics.metrics.StringAnonymizationPolicy$AllowedListAnonymizer$Companion: loaded 2 times (x 69B)
Class org.jetbrains.kotlin.gradle.plugin.mpp.KotlinTargetSoftwareComponentImpl        : loaded 2 times (x 88B)
Class com.google.common.cache.LocalCache$LocalManualCache$1                           : loaded 2 times (x 73B)
Class org.jetbrains.kotlin.gradle.plugin.sources.android.AndroidVariantType           : loaded 2 times (x 77B)
Class org.jetbrains.kotlin.gradle.plugin.diagnostics.KotlinGradleProjectChecker       : loaded 2 times (x 68B)
Class [Lorg.jetbrains.kotlin.statistics.metrics.StringMetrics;                        : loaded 2 times (x 67B)
Class org.gradle.internal.installation.GradleInstallation                             : loaded 2 times (x 73B)
Class Build_gradle$3                                                                  : loaded 2 times (x 72B)
Class [Lorg.jetbrains.kotlin.gradle.plugin.sources.ConsistencyCheck;                  : loaded 2 times (x 67B)
Class org.jetbrains.kotlin.gradle.plugin.KotlinSourceSet                              : loaded 2 times (x 68B)
Class org.jetbrains.kotlin.gradle.plugin.statistics.KotlinBuildStatisticsUtilsKt$collectGeneralConfigurationTimeMetrics$statisticOverhead$1$2: loaded 2 times (x 73B)
Class org.jetbrains.kotlin.gradle.plugin.ProjectLocalConfigurations$ProjectLocalCompatibility: loaded 2 times (x 74B)
Class org.jetbrains.kotlin.konan.target.HostManager                                   : loaded 2 times (x 70B)
Class org.jetbrains.kotlin.gradle.targets.js.npm.NpmDirectoryDependencyWithExternalsExtension: loaded 2 times (x 68B)
Class org.jetbrains.kotlin.gradle.report.BuildMetricsService$Companion                : loaded 2 times (x 69B)
Class org.jetbrains.kotlin.gradle.plugin.KotlinGradlePluginExtensionPoint             : loaded 2 times (x 68B)
Class org.jetbrains.kotlin.gradle.plugin.StatisticsBuildFlowManager_Decorated         : loaded 2 times (x 117B)
Class [Lorg.jetbrains.kotlin.gradle.plugin.mpp.KotlinUsageContext$MavenScope;         : loaded 2 times (x 67B)
Class org.objectweb.asm.SymbolTable$Entry                                             : loaded 2 times (x 72B)
Class [Lcom.google.common.cache.LocalCache$EntryFactory;                              : loaded 2 times (x 67B)
Class [Lorg.jetbrains.kotlin.tooling.core.HasExtras;                                  : loaded 2 times (x 67B)
Class org.jetbrains.kotlin.konan.target.KonanTarget$IOS_ARM64                         : loaded 2 times (x 76B)
Class org.jetbrains.kotlin.gradle.plugin.KotlinTarget                                 : loaded 2 times (x 68B)
Class org.jetbrains.kotlin.gradle.targets.js.npm.NpmDependencyExtensionKt             : loaded 2 times (x 69B)
Class org.jetbrains.kotlin.konan.target.KonanTarget$ANDROID_ARM32                     : loaded 2 times (x 76B)
Class org.jetbrains.kotlin.konan.target.KonanTarget$LINUX_X64                         : loaded 2 times (x 76B)
Class com.google.common.base.CharMatcher$Is                                           : loaded 2 times (x 109B)
Class com.google.common.base.Platform                                                 : loaded 2 times (x 69B)
Class com.google.common.collect.RegularImmutableAsList                                : loaded 2 times (x 177B)
Class org.jetbrains.kotlin.gradle.plugin.diagnostics.checkers.PreHmppDependenciesUsageChecker: loaded 2 times (x 72B)
Class com.google.common.collect.PeekingIterator                                       : loaded 2 times (x 68B)
Class org.jetbrains.kotlin.gradle.plugin.mpp.InternalKotlinTargetKt$isSourcesPublishableFuture$2: loaded 2 times (x 93B)
Class org.jetbrains.kotlin.gradle.plugin.KotlinCompilationInfoKt                      : loaded 2 times (x 69B)
Class org.jetbrains.kotlin.gradle.plugin.KotlinGradleFinishBuildHandler$Companion     : loaded 2 times (x 69B)
Class org.jetbrains.kotlin.gradle.artifacts.KotlinJsKlibArtifactKt$KotlinJsKlibArtifact$1: loaded 2 times (x 72B)
Class org.jetbrains.kotlin.gradle.plugin.KotlinTargetsContainer                       : loaded 2 times (x 68B)
Class org.jetbrains.kotlin.project.model.LanguageSettings                             : loaded 2 times (x 68B)
Class org.jetbrains.kotlin.gradle.plugin.sources.DefaultKotlinSourceSetKt             : loaded 2 times (x 69B)
Class build_be2a9s5bw71noxeeh8hih3df2                                                 : loaded 2 times (x 178B)
Class org.jetbrains.kotlin.gradle.tasks.CompileUsingKotlinDaemonWithNormalization     : loaded 2 times (x 68B)
Class org.jetbrains.kotlin.gradle.plugin.sources.DefaultKotlinSourceSet$special$$inlined$Iterable$1: loaded 2 times (x 77B)
Class org.jetbrains.kotlin.gradle.plugin.diagnostics.KotlinGradleProjectCheckersRunnerKt: loaded 2 times (x 69B)
Class org.jetbrains.kotlin.gradle.plugin.statistics.KotlinBuildStatsBeanService$Companion$initStatsService$1: loaded 2 times (x 77B)
Class com.google.common.collect.ImmutableMapEntrySet                                  : loaded 2 times (x 150B)
Class org.jetbrains.kotlin.gradle.plugin.KotlinTargetWithTests                        : loaded 2 times (x 68B)
Class org.jetbrains.kotlin.gradle.plugin.mpp.compilationImpl.KotlinCompilationSourceSetInclusion$DefaultAddSourcesToCompileTask$addSources$1: loaded 2 times (x 77B)
Class org.jetbrains.kotlin.gradle.plugin.diagnostics.checkers.WasmJsEnvironmentChecker$1: loaded 2 times (x 76B)
Class org.jetbrains.kotlin.gradle.plugin.mpp.compilationImpl.KotlinCompilationSourceSetInclusion$DefaultAddSourcesToCompileTask$addSources$2: loaded 2 times (x 77B)
Class org.jetbrains.kotlin.gradle.plugin.KotlinTargetComponent                        : loaded 2 times (x 68B)
Class org.jetbrains.kotlin.gradle.plugin.diagnostics.checkers.WasmJsEnvironmentChecker$2: loaded 2 times (x 76B)
Class org.jetbrains.kotlin.gradle.plugin.sources.DefaultKotlinSourceSet$MetadataDependencyTransformation: loaded 2 times (x 70B)
Class org.jetbrains.kotlin.gradle.plugin.diagnostics.checkers.WasmJsEnvironmentChecker$3: loaded 2 times (x 76B)
Class org.jetbrains.kotlin.gradle.plugin.diagnostics.checkers.WasmJsEnvironmentChecker$4: loaded 2 times (x 76B)
Class com.google.common.cache.CacheLoader                                             : loaded 2 times (x 72B)
Class org.jetbrains.kotlin.gradle.plugin.mpp.KotlinUsageContext                       : loaded 2 times (x 68B)
Class org.jetbrains.kotlin.gradle.plugin.statistics.KotlinBuildStatsBeanService$Companion: loaded 2 times (x 69B)
Class org.jetbrains.kotlin.gradle.internal.Kapt3GradleSubplugin$Companion             : loaded 2 times (x 69B)
Class org.jetbrains.kotlin.gradle.internal.properties.NativePropertiesLoader$isToolchainEnabled$1: loaded 2 times (x 73B)
Class org.jetbrains.kotlin.gradle.plugin.mpp.KotlinVariantWithCoordinates             : loaded 2 times (x 106B)
Class [Lorg.jetbrains.kotlin.statistics.metrics.BooleanAnonymizationPolicy;           : loaded 2 times (x 67B)
Class org.objectweb.asm.MethodTooLargeException                                       : loaded 2 times (x 81B)
Class org.jetbrains.kotlin.gradle.plugin.diagnostics.checkers.DisabledNativeTargetsChecker$runChecks$1: loaded 2 times (x 86B)
Class org.jetbrains.kotlin.gradle.utils.StoredPropertyKt$projectStoredProperty$1      : loaded 2 times (x 76B)
Class org.jetbrains.kotlin.gradle.targets.native.KotilnNativeConfigureBinariesSideEffectKt: loaded 2 times (x 69B)
Class org.jetbrains.kotlin.gradle.plugin.diagnostics.checkers.OverriddenKotlinNativeHomeChecker$StdlibExistenceCheckerValueSource$Companion: loaded 2 times (x 69B)
Class org.jetbrains.kotlin.gradle.utils.GradleUtilsKt                                 : loaded 2 times (x 69B)
Class org.jetbrains.kotlin.gradle.plugin.statistics.old.Pre232IdeaKotlinBuildStatsBeanService: loaded 2 times (x 93B)
Class com.google.common.cache.Cache                                                   : loaded 2 times (x 68B)
Class org.jetbrains.kotlin.gradle.plugin.mpp.AbstractKotlinCompilationToRunnableFiles : loaded 2 times (x 194B)
Class org.gradle.internal.classloader.SystemClassLoaderSpec                           : loaded 2 times (x 69B)
Class org.jetbrains.kotlin.gradle.plugin.LanguageSettingsBuilder                      : loaded 2 times (x 68B)
Class org.jetbrains.kotlin.gradle.targets.native.ConfigureFrameworkExportSideEffectKt$special$$inlined$KotlinTargetSideEffect$1: loaded 2 times (x 72B)
Class org.jetbrains.kotlin.gradle.targets.native.toolchain.UsesKotlinNativeBundleBuildService: loaded 2 times (x 68B)
Class org.jetbrains.kotlin.statistics.metrics.StringAnonymizationPolicy$ComponentVersionAnonymizer: loaded 2 times (x 76B)
Class com.google.common.util.concurrent.internal.InternalFutureFailureAccess          : loaded 2 times (x 70B)
Class org.jetbrains.kotlin.gradle.plugin.KotlinSourceSetTree                          : loaded 2 times (x 70B)
Class org.jetbrains.kotlin.gradle.plugin.VariantImplementationFactories$VariantImplementationFactory: loaded 2 times (x 68B)
Class org.jetbrains.kotlin.gradle.plugin.mpp.compilationImpl.factory.ConfigurationNaming$Default: loaded 2 times (x 73B)
Class org.jetbrains.kotlin.gradle.plugin.KotlinGradleBuildServices$Parameters$Inject  : loaded 2 times (x 104B)
Class org.jetbrains.kotlin.gradle.utils.FileUtilsKt$localProperties$1                 : loaded 2 times (x 73B)
Class com.google.common.collect.SingletonImmutableSet                                 : loaded 2 times (x 144B)
Class org.jetbrains.kotlin.gradle.plugin.mpp.compilationImpl.KotlinCompilationSourceSetInclusion$AddSourcesToCompileTask: loaded 2 times (x 68B)
Class org.jetbrains.kotlin.konan.util.Named                                           : loaded 2 times (x 68B)
Class org.jetbrains.kotlin.gradle.plugin.KotlinBasePluginWrapper                      : loaded 2 times (x 84B)
Class org.jetbrains.kotlin.gradle.plugin.mpp.compilationImpl.KotlinCreateCompilationArchiveTaskKt$KotlinRegisterCompilationArchiveTasksExtension$1: loaded 2 times (x 72B)
Class com.google.common.collect.ImmutableMap$Builder                                  : loaded 2 times (x 80B)
Class org.jetbrains.kotlin.gradle.tasks.configuration.TaskConfigAction                : loaded 2 times (x 70B)
Class org.jetbrains.kotlin.konan.target.KonanTarget$WATCHOS_X64                       : loaded 2 times (x 76B)
Class org.jetbrains.kotlin.compilerRunner.GradleCliCommonizerKt$maybeCreateCommonizerClasspathConfiguration$1$1: loaded 2 times (x 73B)
Class org.jetbrains.kotlin.gradle.plugin.mpp.KotlinJvmAndroidCompilation              : loaded 2 times (x 196B)
Class org.jetbrains.kotlin.gradle.dsl.KotlinProjectExtension                          : loaded 2 times (x 120B)
Class org.jetbrains.kotlin.gradle.plugin.KotlinPlatformType$CompatibilityRule         : loaded 2 times (x 74B)
Class org.jetbrains.kotlin.gradle.dsl.KotlinGradlePluginDsl                           : loaded 2 times (x 68B)
Class org.jetbrains.kotlin.gradle.internal.IdeaKt                                     : loaded 2 times (x 69B)
Class org.objectweb.asm.ClassWriter                                                   : loaded 2 times (x 104B)
Class org.jetbrains.kotlin.gradle.targets.js.npm.NpmDependency                        : loaded 2 times (x 95B)
Class org.jetbrains.kotlin.gradle.plugin.AbstractKotlinMultiplatformPluginWrapper     : loaded 2 times (x 84B)
Class org.jetbrains.kotlin.gradle.plugin.KotlinGradleFinishBuildHandler               : loaded 2 times (x 70B)
Class org.jetbrains.kotlin.gradle.plugin.mpp.MppSourcesJarKt                          : loaded 2 times (x 69B)
Class org.jetbrains.kotlin.gradle.plugin.internal.UsesBuildIdProviderService          : loaded 2 times (x 68B)
Class org.jetbrains.kotlin.gradle.internal.KotlinDomApiDependencyManagementKt$configureKotlinDomApiDefaultDependency$1: loaded 2 times (x 77B)
Class org.jetbrains.kotlin.gradle.targets.js.dsl.KotlinWasmSubTargetContainerDsl      : loaded 2 times (x 68B)
Class org.jetbrains.kotlin.gradle.plugin.diagnostics.ToolingDiagnosticFactory         : loaded 2 times (x 71B)
Class org.jetbrains.kotlin.gradle.plugin.mpp.SyncLanguageSettingsWithKotlinExtensionSetupActionKt: loaded 2 times (x 69B)
Class org.jetbrains.kotlin.gradle.plugin.sources.KotlinDependencyScope$Companion      : loaded 2 times (x 69B)
Class org.jetbrains.kotlin.gradle.plugin.mpp.InternalKotlinTargetKt$special$$inlined$extrasStoredFuture$1: loaded 2 times (x 77B)
Class org.jetbrains.kotlin.gradle.plugin.mpp.compilationImpl.KotlinCreateLifecycleTasksSideEffectKt$KotlinCreateLifecycleTasksSideEffect$1: loaded 2 times (x 72B)
Class org.jetbrains.kotlin.gradle.targets.native.toolchain.KotlinNativeBundleBuildService$Companion: loaded 2 times (x 69B)
Class org.jetbrains.kotlin.gradle.plugin.KotlinGradleBuildServices$Companion$registerIfAbsent$1: loaded 2 times (x 73B)
Class com.google.common.collect.Range                                                 : loaded 2 times (x 85B)
Class org.jetbrains.kotlin.gradle.plugin.hierarchy.KotlinSourceSetTreeClassifierKt$classify$1: loaded 2 times (x 86B)
Class org.jetbrains.kotlin.gradle.plugin.KotlinProjectSetupActionKt$KotlinProjectSetupCoroutine$1: loaded 2 times (x 73B)
Class org.jetbrains.kotlin.gradle.internal.KotlinTestDependencyManagementKt$maybeAddTestDependencyCapability$1: loaded 2 times (x 73B)
Class org.jetbrains.kotlin.gradle.plugin.diagnostics.checkers.IncorrectCompileOnlyDependenciesChecker$runChecks$1: loaded 2 times (x 86B)
Class org.jetbrains.kotlin.gradle.plugin.diagnostics.checkers.UnusedSourceSetsChecker$runChecks$1: loaded 2 times (x 86B)
Class [Lcom.google.common.cache.CacheBuilder$OneWeigher;                              : loaded 2 times (x 67B)
Class org.jetbrains.kotlin.gradle.plugin.internal.BuildIdService$Companion            : loaded 2 times (x 69B)
Class org.jetbrains.kotlin.gradle.targets.js.npm.NpmDependency$Scope                  : loaded 2 times (x 77B)
Class com.google.common.collect.Iterators                                             : loaded 2 times (x 69B)
Class org.jetbrains.kotlin.gradle.plugin.mpp.KotlinUsages$KotlinMetadataDisambiguation: loaded 2 times (x 74B)
Class com.google.common.base.CharMatcher$1                                            : loaded 2 times (x 111B)
Class org.jetbrains.kotlin.gradle.plugin.mpp.KotlinCompilationFactory                 : loaded 2 times (x 68B)
Class com.google.common.cache.LocalCache$ComputingValueReference                      : loaded 2 times (x 94B)
Class org.jetbrains.kotlin.gradle.tasks.DefaultKotlinJavaToolchain$Companion$wireJvmTargetToToolchain$1: loaded 2 times (x 73B)
Class org.jetbrains.kotlin.gradle.tasks.DefaultKotlinJavaToolchain$Companion$wireJvmTargetToToolchain$2: loaded 2 times (x 73B)
Class org.jetbrains.kotlin.gradle.dsl.KotlinJvmOptions                                : loaded 2 times (x 68B)
Class org.gradle.api.UncheckedIOException                                             : loaded 2 times (x 80B)
Class org.jetbrains.kotlin.gradle.plugin.diagnostics.checkers.AndroidSourceSetLayoutV1SourceSetsNotFoundChecker$runChecks$1: loaded 2 times (x 86B)
Class com.google.common.base.CharMatcher$And                                          : loaded 2 times (x 110B)
Class org.jetbrains.kotlin.statistics.metrics.StringMetrics$Companion                 : loaded 2 times (x 69B)
Class org.jetbrains.kotlin.gradle.plugin.mpp.ApplyUserDefinedAttributesKt             : loaded 2 times (x 69B)
Class org.jetbrains.kotlin.gradle.utils.MutableObservableSet                          : loaded 2 times (x 68B)
Class com.google.common.collect.IndexedImmutableSet                                   : loaded 2 times (x 150B)
Class org.jetbrains.kotlin.gradle.plugin.KotlinCompilation$DefaultImpls               : loaded 2 times (x 69B)
Class org.jetbrains.kotlin.gradle.internal.KotlinDomApiDependencyManagementKt$addKotlinDomApiDependency$1: loaded 2 times (x 73B)
Class org.jetbrains.kotlin.konan.target.KonanTarget$ANDROID_ARM64                     : loaded 2 times (x 76B)
Class org.jetbrains.kotlin.konan.target.KonanTarget$WATCHOS_DEVICE_ARM64              : loaded 2 times (x 76B)
Class org.jetbrains.kotlin.gradle.plugin.diagnostics.checkers.DisabledNativeTargetsChecker: loaded 2 times (x 72B)
Class org.jetbrains.kotlin.gradle.internal.properties.NativePropertiesLoader$actualNativeHomeDirectory$1: loaded 2 times (x 73B)
Class org.jetbrains.kotlin.gradle.plugin.internal.ConfigurationCacheStartParameterAccessorKt: loaded 2 times (x 69B)
Class org.jetbrains.kotlin.gradle.internal.properties.NativePropertiesLoader$actualNativeHomeDirectory$2: loaded 2 times (x 72B)
Class org.jetbrains.kotlin.gradle.internal.properties.NativePropertiesLoader$actualNativeHomeDirectory$3: loaded 2 times (x 73B)
Class org.jetbrains.kotlin.gradle.plugin.diagnostics.KotlinToolingDiagnosticsSetupActionKt: loaded 2 times (x 69B)
Class org.jetbrains.kotlin.gradle.plugin.internal.DefaultProjectIsolationStartParameterAccessor$Factory: loaded 2 times (x 74B)
Class org.jetbrains.kotlin.gradle.plugin.KotlinPluginWrapperKt$kotlinToolingVersion$2 : loaded 2 times (x 76B)
Class org.jetbrains.kotlin.gradle.utils.StoredPropertyKt                              : loaded 2 times (x 69B)
Class org.jetbrains.kotlin.gradle.plugin.KotlinSourceSetContainer                     : loaded 2 times (x 68B)
Class org.jetbrains.kotlin.gradle.plugin.internal.ProjectIsolationStartParameterAccessor$Factory: loaded 2 times (x 68B)
Class org.jetbrains.kotlin.statistics.metrics.NumberOverridePolicy$OVERRIDE           : loaded 2 times (x 83B)
Class org.jetbrains.kotlin.statistics.metrics.StringOverridePolicy$CONCAT             : loaded 2 times (x 83B)
Class org.jetbrains.kotlin.tooling.core.Extras$Key                                    : loaded 2 times (x 70B)
Class org.jetbrains.kotlin.gradle.tasks.K2MultiplatformCompilationTask                : loaded 2 times (x 68B)
Class org.jetbrains.kotlin.gradle.artifacts.KotlinNativeHostSpecificMetadataArtifactKt$KotlinNativeHostSpecificMetadataArtifact$1: loaded 2 times (x 72B)
Class org.jetbrains.kotlin.gradle.targets.js.npm.NpmDependencyExtensionKt$AddNpmDependencyExtensionProjectSetupAction$1: loaded 2 times (x 72B)
Class com.google.common.collect.IndexedImmutableSet$1                                 : loaded 2 times (x 173B)
Class org.jetbrains.kotlin.gradle.ExternalKotlinTargetApi                             : loaded 2 times (x 68B)
Class com.google.common.collect.AbstractListMultimap                                  : loaded 2 times (x 170B)
Class org.jetbrains.kotlin.gradle.internal.properties.PropertiesBuildService$MemoizedCallable$value$2: loaded 2 times (x 77B)
Class org.jetbrains.kotlin.gradle.plugin.mpp.compilationImpl.KotlinCompilationImpl$associateWith$2: loaded 2 times (x 77B)
Class com.google.common.cache.LocalCache$Strength                                     : loaded 2 times (x 79B)
Class org.jetbrains.kotlin.gradle.plugin.diagnostics.CheckKotlinGradlePluginConfigurationErrorsKt: loaded 2 times (x 69B)
Class org.jetbrains.kotlin.gradle.tooling.BuildKotlinToolingMetadataTaskKt$buildKotlinToolingMetadataTask$1: loaded 2 times (x 76B)
Class org.jetbrains.kotlin.gradle.utils.FailuresKt                                    : loaded 2 times (x 69B)
Class com.google.common.collect.AbstractMapBasedMultimap$KeySet                       : loaded 2 times (x 135B)
Class org.jetbrains.kotlin.gradle.plugin.mpp.KotlinTargetSoftwareComponentImplKt      : loaded 2 times (x 69B)
Class org.jetbrains.kotlin.gradle.plugin.KotlinPluginLifecycle$ProjectConfigurationResult$Failure: loaded 2 times (x 70B)
Class com.google.common.collect.SortedIterable                                        : loaded 2 times (x 68B)
Class com.google.common.collect.ArrayListMultimapGwtSerializationDependencies         : loaded 2 times (x 170B)
Class org.jetbrains.kotlin.gradle.plugin.mpp.compilationImpl.KotlinCompilationImpl$Params: loaded 2 times (x 70B)
Class org.objectweb.asm.Handler                                                       : loaded 2 times (x 70B)
Class org.gradle.api.internal.classpath.GlobalCacheRootsProvider                      : loaded 2 times (x 68B)
Class org.jetbrains.kotlin.gradle.plugin.mpp.SyncLanguageSettingsWithKotlinExtensionSetupActionKt$SyncLanguageSettingsWithKotlinExtensionSetupAction$1$1: loaded 2 times (x 73B)
Class org.jetbrains.kotlin.gradle.plugin.mpp.SyncLanguageSettingsWithKotlinExtensionSetupActionKt$SyncLanguageSettingsWithKotlinExtensionSetupAction$1$2: loaded 2 times (x 73B)
Class org.jetbrains.kotlin.gradle.plugin.ProjectLocalConfigurationsKt                 : loaded 2 times (x 69B)
Class org.jetbrains.kotlin.gradle.dsl.KotlinJvmCompilerOptionsHelper                  : loaded 2 times (x 69B)
Class org.jetbrains.kotlin.gradle.plugin.mpp.ApplyUserDefinedAttributesKt$UserDefinedAttributesSetupAction$1$1$3: loaded 2 times (x 73B)
Class com.google.common.collect.ImmutableList$SubList                                 : loaded 2 times (x 169B)
Class [Lorg.jetbrains.kotlin.konan.util.Named;                                        : loaded 2 times (x 67B)
Class org.jetbrains.kotlin.gradle.plugin.diagnostics.checkers.CommonMainOrTestWithDependsOnChecker: loaded 2 times (x 72B)
Class org.jetbrains.kotlin.gradle.plugin.mpp.KotlinUsages$setupAttributesMatchingStrategy$1: loaded 2 times (x 72B)
Class com.google.common.cache.LocalCache$ValueReference                               : loaded 2 times (x 68B)
Class org.jetbrains.kotlin.gradle.dsl.KotlinTopLevelExtension                         : loaded 2 times (x 68B)
Class org.jetbrains.kotlin.gradle.dsl.JvmTarget                                       : loaded 2 times (x 77B)
Class org.jetbrains.kotlin.gradle.plugin.diagnostics.checkers.WasmSourceSetsNotFoundChecker$runChecks$1: loaded 2 times (x 86B)
Class org.jetbrains.kotlin.gradle.utils.ObservableSet                                 : loaded 2 times (x 68B)
Class org.jetbrains.kotlin.gradle.plugin.mpp.MppSourcesJarKt$sourcesJarTaskNamed$result$1: loaded 2 times (x 77B)
Class org.jetbrains.kotlin.gradle.utils.KotlinExtensionUtilsKt$forAllTargets$1        : loaded 2 times (x 93B)
Class org.gradle.internal.classloader.ClasspathUtil                                   : loaded 2 times (x 69B)
Class org.jetbrains.kotlin.gradle.plugin.statistics.BuildFusService$Companion$registerIfAbsent$1$1$1: loaded 2 times (x 73B)
Class org.jetbrains.kotlin.gradle.internal.StdlibDependencyManagementKt$configureStdlibVersionAlignment$1: loaded 2 times (x 73B)
Class org.objectweb.asm.CurrentFrame                                                  : loaded 2 times (x 71B)
Class com.google.common.util.concurrent.AbstractFuture                                : loaded 2 times (x 93B)
Class org.jetbrains.kotlin.gradle.targets.native.internal.CommonizerTasksKt           : loaded 2 times (x 69B)
Class org.jetbrains.kotlin.gradle.plugin.KotlinPluginLifecycleImpl$WhenMappings       : loaded 2 times (x 69B)
Class org.jetbrains.kotlin.gradle.targets.native.toolchain.KotlinNativeBundleBuildService$Companion$registerIfAbsent$1: loaded 2 times (x 73B)
Class org.jetbrains.kotlin.gradle.plugin.BuildEventsListenerRegistryHolder$Companion  : loaded 2 times (x 69B)
Class org.jetbrains.kotlin.gradle.dsl.KotlinCommonCompilerToolOptions                 : loaded 2 times (x 68B)
Class org.jetbrains.kotlin.gradle.utils.GradleConfigurationUtilsKt$addGradlePluginMetadataAttributes$1: loaded 2 times (x 73B)
Class org.jetbrains.kotlin.tooling.core.HasMutableExtras                              : loaded 2 times (x 68B)
Class org.jetbrains.kotlin.gradle.tasks.CompileUsingKotlinDaemon                      : loaded 2 times (x 68B)
Class org.jetbrains.kotlin.gradle.plugin.RegisterKotlinPluginExtensionsKt             : loaded 2 times (x 69B)
Class org.jetbrains.kotlin.gradle.plugin.statistics.BuildFusService$Parameters_Decorated: loaded 2 times (x 141B)
Class org.jetbrains.kotlin.gradle.internal.transforms.BuildToolsApiClasspathEntrySnapshotTransform$Inject1: loaded 2 times (x 111B)
Class org.jetbrains.kotlin.gradle.dsl.KotlinCommonCompilerOptionsHelper               : loaded 2 times (x 69B)
Class org.jetbrains.kotlin.konan.target.KonanTarget$MACOS_ARM64                       : loaded 2 times (x 76B)
Class org.jetbrains.kotlin.compilerRunner.GradleCliCommonizerKt                       : loaded 2 times (x 69B)
Class org.jetbrains.kotlin.gradle.internal.transforms.BuildToolsApiClasspathEntrySnapshotTransform: loaded 2 times (x 80B)
Class com.google.common.base.Ticker$1                                                 : loaded 2 times (x 70B)
Class com.google.common.collect.Maps$BiMapConverter                                   : loaded 2 times (x 88B)
Class org.gradle.api.internal.DefaultClassPathRegistry                                : loaded 2 times (x 74B)
Class org.jetbrains.kotlin.gradle.plugin.KotlinProjectSetupAction                     : loaded 2 times (x 68B)
Class org.jetbrains.kotlin.gradle.dsl.ToolchainSupport$Companion                      : loaded 2 times (x 69B)
Class com.google.common.collect.Iterators$SingletonIterator                           : loaded 2 times (x 79B)
Class org.jetbrains.kotlin.gradle.dsl.IosSourceSetConventionChecker$runChecks$1       : loaded 2 times (x 86B)
Class [Lorg.objectweb.asm.Symbol;                                                     : loaded 2 times (x 67B)
Class com.google.common.util.concurrent.AbstractFuture$Cancellation                   : loaded 2 times (x 70B)
Class org.jetbrains.kotlin.gradle.plugin.mpp.compilationImpl.CreateCInteropTasksSideEffectKt: loaded 2 times (x 69B)
Class org.jetbrains.kotlin.gradle.plugin.internal.CompatibilityConventionRegistrar    : loaded 2 times (x 68B)
Class com.google.common.collect.ImmutableSet$SetBuilderImpl                           : loaded 2 times (x 74B)
Class org.jetbrains.kotlin.gradle.dsl.KotlinProjectExtension$awaitSourceSets$1        : loaded 2 times (x 86B)
Class org.jetbrains.kotlin.gradle.targets.ConfigureBuildSideEffectKt$ConfigureBuildSideEffect$1: loaded 2 times (x 72B)
Class org.jetbrains.kotlin.gradle.plugin.KotlinGradleBuildServices$Parameters_Decorated: loaded 2 times (x 132B)
Class org.jetbrains.kotlin.gradle.plugin.internal.DefaultCompatibilityConventionRegistrar$Factory: loaded 2 times (x 74B)
Class org.jetbrains.kotlin.statistics.metrics.NumberAnonymizationPolicy               : loaded 2 times (x 83B)
Class org.gradle.api.internal.classpath.DefaultModuleRegistry$DefaultModule           : loaded 2 times (x 84B)
Class org.jetbrains.kotlin.gradle.plugin.diagnostics.checkers.KotlinTargetAlreadyDeclaredChecker$runChecks$1: loaded 2 times (x 86B)
Class org.jetbrains.kotlin.gradle.targets.native.SetupEmbedAndSignAppleFrameworkTaskSideEffectKt: loaded 2 times (x 69B)
Class org.jetbrains.kotlin.gradle.plugin.diagnostics.checkers.MissingNativeStdlibChecker$runChecks$1: loaded 2 times (x 86B)
Class org.jetbrains.kotlin.gradle.plugin.mpp.KotlinVariant                            : loaded 2 times (x 99B)
Class org.jetbrains.kotlin.gradle.utils.StoredLazyProperty                            : loaded 2 times (x 73B)
Class com.google.common.collect.ImmutableMap$1                                        : loaded 2 times (x 79B)
Class org.jetbrains.kotlin.gradle.utils.WhenPluginEnabledKt$whenPluginsEnabled$1      : loaded 2 times (x 73B)
Class org.jetbrains.kotlin.gradle.targets.js.npm.NpmDependencyExtension               : loaded 2 times (x 68B)
Class org.jetbrains.kotlin.gradle.tasks.DefaultKotlinJavaToolchain$Companion          : loaded 2 times (x 69B)
Class org.jetbrains.kotlin.gradle.plugin.diagnostics.checkers.AndroidPluginWithoutAndroidTargetChecker: loaded 2 times (x 72B)
Class org.jetbrains.kotlin.gradle.targets.js.npm.PeerNpmDependencyExtension           : loaded 2 times (x 68B)
Class org.jetbrains.kotlin.gradle.plugin.PropertiesProvider$localProperties$2         : loaded 2 times (x 77B)
Class org.jetbrains.kotlin.gradle.internal.KotlinDependenciesManagementKt$CustomizeKotlinDependenciesSetupAction$1: loaded 2 times (x 72B)
Class org.jetbrains.kotlin.gradle.plugin.UsesBuildFinishedListenerService             : loaded 2 times (x 68B)
Class org.jetbrains.kotlin.konan.target.KonanTarget                                   : loaded 2 times (x 76B)
Class org.jetbrains.kotlin.gradle.plugin.KotlinPlatformType                           : loaded 2 times (x 80B)
Class com.google.common.base.CharMatcher$Or                                           : loaded 2 times (x 110B)
Class org.jetbrains.kotlin.gradle.plugin.mpp.compilationImpl.factory.CompositePostConfigure: loaded 2 times (x 73B)
Class [Lorg.jetbrains.kotlin.gradle.plugin.HasProject;                                : loaded 2 times (x 67B)
Class org.jetbrains.kotlin.gradle.plugin.internal.DefaultConfigurationCacheStartParameterAccessorVariantFactory: loaded 2 times (x 74B)
Class org.jetbrains.kotlin.gradle.utils.CompilerOptionsKt$configureExperimentalTryNext$1$1: loaded 2 times (x 76B)
Class org.jetbrains.kotlin.gradle.plugin.mpp.KotlinMetadataCompilation                : loaded 2 times (x 68B)
Class org.jetbrains.kotlin.gradle.plugin.sources.KotlinDependencyScope                : loaded 2 times (x 77B)
Class org.jetbrains.kotlin.gradle.tasks.configuration.BaseKotlinCompileConfig$configureCommonParameters$1: loaded 2 times (x 72B)
Class org.jetbrains.kotlin.gradle.utils.ResourceUtilsKt                               : loaded 2 times (x 69B)
Class org.jetbrains.kotlin.gradle.tasks.configuration.BaseKotlinCompileConfig$configureCommonParameters$2: loaded 2 times (x 73B)
Class org.jetbrains.kotlin.gradle.plugin.AbstractKotlinJsPluginWrapper                : loaded 2 times (x 84B)
Class org.jetbrains.kotlin.gradle.plugin.statistics.KotlinBuildStatisticsUtilsKt      : loaded 2 times (x 69B)
Class [Lorg.jetbrains.kotlin.gradle.plugin.sources.KotlinDependencyScope;             : loaded 2 times (x 67B)
Class org.jetbrains.kotlin.gradle.utils.ConfigurationsKt$maybeCreateDependencyScope$1 : loaded 2 times (x 76B)
Class org.jetbrains.kotlin.gradle.plugin.KotlinJsPluginWrapper                        : loaded 2 times (x 84B)
Class com.google.common.base.Suppliers$SupplierOfInstance                             : loaded 2 times (x 77B)
Class org.jetbrains.kotlin.konan.target.KonanTarget$TVOS_ARM64                        : loaded 2 times (x 76B)
Class org.objectweb.asm.RecordComponentVisitor                                        : loaded 2 times (x 75B)
Class org.jetbrains.kotlin.tooling.core.Extras$Entry$Companion                        : loaded 2 times (x 69B)
Class org.jetbrains.kotlin.gradle.plugin.mpp.HierarchyAttributeContainer              : loaded 2 times (x 81B)
Class org.jetbrains.kotlin.build.report.metrics.GradleBuildTime                       : loaded 2 times (x 86B)
Class org.jetbrains.kotlin.build.report.metrics.GradleBuildPerformanceMetric$Companion: loaded 2 times (x 69B)
Class org.jetbrains.kotlin.gradle.plugin.diagnostics.checkers.OverriddenKotlinNativeHomeChecker$StdlibExistenceCheckerValueSource$Params: loaded 2 times (x 68B)
Class org.jetbrains.kotlin.gradle.plugin.KotlinCompilationToRunnableFiles             : loaded 2 times (x 68B)
Class org.jetbrains.kotlin.gradle.dsl.KotlinProjectExtensionKt                        : loaded 2 times (x 69B)
Class org.jetbrains.kotlin.gradle.plugin.mpp.KotlinSoftwareComponentKt                : loaded 2 times (x 69B)
Class org.jetbrains.kotlin.gradle.tasks.UsesKotlinJavaToolchain                       : loaded 2 times (x 68B)
Class org.jetbrains.kotlin.gradle.plugin.mpp.KotlinTargetComponentWithCoordinatesAndPublication: loaded 2 times (x 68B)
Class org.jetbrains.kotlin.gradle.artifacts.KotlinMetadataArtifactKt$KotlinMetadataArtifact$1: loaded 2 times (x 72B)
Class org.jetbrains.kotlin.gradle.plugin.DefaultKotlinBasePlugin$addKotlinCompilerConfiguration$1: loaded 2 times (x 73B)
Class org.jetbrains.kotlin.tooling.core.ExtrasPropertyKt                              : loaded 2 times (x 69B)
Class org.jetbrains.kotlin.gradle.utils.WhenEvaluatedKt                               : loaded 2 times (x 69B)
Class org.jetbrains.kotlin.gradle.plugin.DefaultKotlinBasePlugin$addKotlinCompilerConfiguration$3: loaded 2 times (x 73B)
Class com.google.common.collect.Iterables                                             : loaded 2 times (x 69B)
Class org.jetbrains.kotlin.gradle.targets.CreateTargetConfigurationsSideEffectKt      : loaded 2 times (x 69B)
Class org.jetbrains.kotlin.gradle.plugin.VariantImplementationFactories$Companion$getProvider$2$1$1: loaded 2 times (x 73B)
Class org.jetbrains.kotlin.gradle.utils.FailuresKt$ideaSyncClasspathModeUtil$1        : loaded 2 times (x 70B)
Class org.jetbrains.kotlin.gradle.plugin.mpp.KotlinUsages$KotlinCinteropCompatibility : loaded 2 times (x 75B)
Class org.jetbrains.kotlin.gradle.plugin.sources.ConsistencyCheck                     : loaded 2 times (x 70B)
Class [Lorg.jetbrains.kotlin.gradle.plugin.HasKotlinDependencies;                     : loaded 2 times (x 67B)
Class org.objectweb.asm.ClassTooLargeException                                        : loaded 2 times (x 81B)
Class org.jetbrains.kotlin.gradle.plugin.diagnostics.checkers.OverriddenKotlinNativeHomeChecker$StdlibExistenceCheckerValueSource$Inject: loaded 2 times (x 107B)
Class org.jetbrains.kotlin.gradle.plugin.diagnostics.CheckKotlinGradlePluginConfigurationErrorsKt$locateOrRegisterCheckKotlinGradlePluginErrorsTask$taskProvider$1: loaded 2 times (x 73B)
Class org.jetbrains.kotlin.gradle.artifacts.KotlinJsKlibArtifactKt                    : loaded 2 times (x 69B)
Class org.jetbrains.kotlin.gradle.plugin.mpp.compilationImpl.DefaultKotlinCompilationSourceSetsContainer: loaded 2 times (x 76B)
Class org.jetbrains.kotlin.gradle.plugin.mpp.compilationImpl.factory.KotlinCompilationImplFactory$KotlinCompilationSourceSetsContainerFactory: loaded 2 times (x 68B)
Class org.jetbrains.kotlin.gradle.internal.properties.PropertiesBuildService$Params   : loaded 2 times (x 68B)
Class org.gradle.api.internal.classpath.UnknownModuleException                        : loaded 2 times (x 80B)
Class org.jetbrains.kotlin.konan.target.TargetSupportException                        : loaded 2 times (x 80B)
Class org.jetbrains.kotlin.konan.target.KonanTarget$IOS_X64                           : loaded 2 times (x 76B)
Class com.google.common.util.concurrent.AbstractFuture$Listener                       : loaded 2 times (x 70B)
Class org.jetbrains.kotlin.gradle.plugin.mpp.InternalKotlinTargetComponent            : loaded 2 times (x 91B)
Class org.jetbrains.kotlin.gradle.plugin.mpp.compilationImpl.KotlinCompilationRegisterInSourceSetsConfigurator$configure$1: loaded 2 times (x 77B)
Class org.jetbrains.kotlin.gradle.tasks.configuration.BaseKotlinCompileConfig         : loaded 2 times (x 70B)
Class org.jetbrains.kotlin.gradle.dsl.KotlinVersion$Companion                         : loaded 2 times (x 69B)
Class org.objectweb.asm.Edge                                                          : loaded 2 times (x 70B)
Class org.jetbrains.kotlin.gradle.plugin.AbstractKotlinAndroidPluginWrapper           : loaded 2 times (x 84B)
Class org.jetbrains.kotlin.gradle.plugin.KotlinJvmPlugin                              : loaded 2 times (x 77B)
Class org.jetbrains.kotlin.gradle.internal.properties.PropertiesBuildService$Inject   : loaded 2 times (x 94B)
Class com.google.common.collect.Maps$EntryTransformer                                 : loaded 2 times (x 68B)
Class org.jetbrains.kotlin.gradle.plugin.VariantImplementationFactories$Companion     : loaded 2 times (x 69B)
Class org.jetbrains.kotlin.gradle.utils.AndroidPluginIdsKt                            : loaded 2 times (x 69B)
Class com.google.common.collect.ImmutableCollection$Builder                           : loaded 2 times (x 74B)
Class org.jetbrains.kotlin.gradle.targets.js.dsl.KotlinWasmWasiTargetDsl              : loaded 2 times (x 68B)
Class org.jetbrains.kotlin.gradle.targets.js.npm.BaseNpmDependencyExtension           : loaded 2 times (x 68B)
Class org.jetbrains.kotlin.gradle.plugin.AbstractKotlinPlugin$Companion               : loaded 2 times (x 69B)
Class org.jetbrains.kotlin.gradle.dsl.IosSourceSetConventionChecker                   : loaded 2 times (x 72B)
Class com.google.errorprone.annotations.DoNotMock                                     : loaded 2 times (x 68B)
Class org.jetbrains.kotlin.gradle.plugin.sources.FragmentConsistencyChecks            : loaded 2 times (x 70B)
Class org.jetbrains.kotlin.gradle.plugin.HasProject                                   : loaded 2 times (x 68B)
Class [Lorg.objectweb.asm.SymbolTable$Entry;                                          : loaded 2 times (x 67B)
Class org.jetbrains.kotlin.gradle.tooling.BuildKotlinToolingMetadataTask$FromKotlinExtension: loaded 2 times (x 315B)
Class org.jetbrains.kotlin.gradle.dsl.AndroidMainSourceSetConventionsChecker          : loaded 2 times (x 72B)
Class org.jetbrains.kotlin.gradle.plugin.mpp.compilationImpl.KotlinCompilationSideEffect: loaded 2 times (x 68B)
Class org.jetbrains.kotlin.gradle.internal.properties.PropertiesBuildService$NullableBooleanGradleProperty: loaded 2 times (x 74B)
Class com.google.common.collect.SingletonImmutableBiMap                               : loaded 2 times (x 141B)
Class com.google.common.base.CommonPattern                                            : loaded 2 times (x 72B)
Class org.jetbrains.kotlin.gradle.utils.ProviderApiUtilsKt$providerWithLazyConvention$1: loaded 2 times (x 72B)
Class org.jetbrains.kotlin.gradle.tasks.configuration.TaskConfigAction$configureTask$1: loaded 2 times (x 77B)
Class org.jetbrains.kotlin.gradle.plugin.diagnostics.checkers.MissingNativeStdlibChecker: loaded 2 times (x 72B)
Class org.jetbrains.kotlin.gradle.plugin.VariantImplementationFactoriesConfigurator   : loaded 2 times (x 74B)
Class com.google.common.base.Suppliers                                                : loaded 2 times (x 69B)
Class org.jetbrains.kotlin.gradle.plugin.statistics.FinalizeConfigurationFusMetricActionKt: loaded 2 times (x 69B)
Class org.jetbrains.kotlin.gradle.plugin.diagnostics.checkers.AndroidPluginWithoutAndroidTargetChecker$runChecks$1: loaded 2 times (x 86B)
Class org.jetbrains.kotlin.gradle.internal.properties.NativePropertiesLoader$jvmArgs$1: loaded 2 times (x 73B)
Class org.jetbrains.kotlin.gradle.plugin.internal.DefaultProjectIsolationStartParameterAccessor_Decorated: loaded 2 times (x 123B)
Class [Lcom.google.common.collect.Iterators$EmptyModifiableIterator;                  : loaded 2 times (x 67B)
Class org.jetbrains.kotlin.gradle.utils.Completable$await$1                           : loaded 2 times (x 86B)
Class org.jetbrains.kotlin.gradle.tasks.TasksProviderKt                               : loaded 2 times (x 69B)
Class org.objectweb.asm.ClassVisitor                                                  : loaded 2 times (x 86B)
Class org.jetbrains.kotlin.gradle.plugin.hierarchy.KotlinSourceSetTreeClassifier      : loaded 2 times (x 68B)
Class org.jetbrains.kotlin.gradle.plugin.diagnostics.KotlinGradleProjectChecker$Companion: loaded 2 times (x 69B)
Class com.google.common.cache.LoadingCache                                            : loaded 2 times (x 68B)
Class org.gradle.internal.service.ServiceLookupException                              : loaded 2 times (x 80B)
Class org.jetbrains.kotlin.gradle.plugin.mpp.InternalKotlinTarget                     : loaded 2 times (x 68B)
Class org.jetbrains.kotlin.gradle.plugin.mpp.DefaultKotlinUsageContext                : loaded 2 times (x 106B)
Class org.jetbrains.kotlin.gradle.targets.native.toolchain.KotlinNativeBundleBuildService$Parameters_Decorated: loaded 2 times (x 141B)
Class [Lorg.jetbrains.kotlin.build.report.metrics.GradleBuildPerformanceMetric;       : loaded 2 times (x 67B)
Class [Lorg.jetbrains.kotlin.statistics.metrics.NumberOverridePolicy;                 : loaded 2 times (x 67B)
Class org.jetbrains.kotlin.gradle.plugin.sources.DefaultKotlinSourceSet               : loaded 2 times (x 139B)
Class org.jetbrains.kotlin.gradle.plugin.mpp.InternalKotlinCompilationKt$awaitAllKotlinSourceSets$1: loaded 2 times (x 86B)
Class org.jetbrains.kotlin.gradle.internal.KotlinDependenciesManagementKt$configureDefaultVersionsResolutionStrategy$1: loaded 2 times (x 73B)
Class org.jetbrains.kotlin.gradle.plugin.statistics.BuildFusService$Parameters        : loaded 2 times (x 68B)
Class org.jetbrains.kotlin.tooling.core.ExtrasPropertyKt$extrasLazyProperty$1         : loaded 2 times (x 92B)
Class org.jetbrains.kotlin.gradle.plugin.UsesVariantImplementationFactories           : loaded 2 times (x 68B)
Class [Lorg.jetbrains.kotlin.build.report.metrics.BuildPerformanceMetric;             : loaded 2 times (x 67B)
Class com.google.common.base.CharMatcher$NegatedFastMatcher                           : loaded 2 times (x 111B)
Class [Lorg.gradle.api.internal.ClassPathProvider;                                    : loaded 2 times (x 67B)
Class Build_gradle$inlined$sam$i$org_gradle_api_Action$0                              : loaded 2 times (x 73B)
Class org.jetbrains.kotlin.gradle.utils.ConfigurationsKt$maybeCreateResolvable$1      : loaded 2 times (x 76B)
Class build_21ku5xi9uecn99xi50py5hj23$_run_closure1                                   : loaded 2 times (x 137B)
Class org.jetbrains.kotlin.gradle.plugin.diagnostics.KotlinToolingDiagnostics$WasmJsEnvironmentNotChosenExplicitly: loaded 2 times (x 71B)
Class org.jetbrains.kotlin.statistics.BuildSessionLogger$Companion                    : loaded 2 times (x 69B)
Class org.jetbrains.kotlin.gradle.tasks.DefaultKotlinJavaToolchain$Companion$wireJvmTargetToJvm$1: loaded 2 times (x 73B)
Class [Lorg.jetbrains.kotlin.gradle.dsl.KotlinVersion;                                : loaded 2 times (x 67B)
Class org.jetbrains.kotlin.tooling.core.AbstractExtras                                : loaded 2 times (x 139B)
Class org.jetbrains.kotlin.gradle.plugin.sources.KotlinDependencyScopeKt$WhenMappings : loaded 2 times (x 69B)
Class org.gradle.util.internal.GUtil                                                  : loaded 2 times (x 69B)
Class org.jetbrains.kotlin.gradle.plugin.KotlinPluginWrapperKt                        : loaded 2 times (x 69B)
Class org.jetbrains.kotlin.gradle.plugin.KotlinProjectSetupActionKt$KotlinProjectSetupCoroutine$1$1: loaded 2 times (x 93B)
Class com.google.common.math.IntMath                                                  : loaded 2 times (x 69B)
Class org.jetbrains.kotlin.gradle.plugin.mpp.compilationImpl.KotlinCompilationConfigurationsContainer: loaded 2 times (x 68B)
Class org.jetbrains.kotlin.gradle.model.builder.KotlinModelBuilder$Companion          : loaded 2 times (x 69B)
Class org.jetbrains.kotlin.gradle.targets.NativeForwardImplementationToApiElementsSideEffectKt: loaded 2 times (x 69B)
Class org.jetbrains.kotlin.statistics.ValueAnonymizer                                 : loaded 2 times (x 68B)
Class com.google.common.collect.AbstractIterator                                      : loaded 2 times (x 80B)
Class org.gradle.internal.classloader.ClassLoaderSpec                                 : loaded 2 times (x 69B)
Class org.jetbrains.kotlin.gradle.utils.StringUtilsKt                                 : loaded 2 times (x 69B)
Class org.jetbrains.kotlin.gradle.dsl.ToolchainSupport                                : loaded 2 times (x 68B)
Class org.jetbrains.kotlin.gradle.plugin.internal.ProjectIsolationStartParameterAccessor: loaded 2 times (x 68B)
Class org.objectweb.asm.Frame                                                         : loaded 2 times (x 71B)
Class com.google.common.cache.LocalCache$LocalManualCache                             : loaded 2 times (x 97B)
Class com.google.common.collect.AbstractMapEntry                                      : loaded 2 times (x 79B)
Class com.google.common.collect.ImmutableList$Builder                                 : loaded 2 times (x 75B)
Class org.jetbrains.kotlin.gradle.plugin.statistics.KotlinBuildStatsConfiguration     : loaded 2 times (x 70B)
Class com.google.common.base.CharMatcher$Negated                                      : loaded 2 times (x 111B)
Class org.jetbrains.kotlin.gradle.plugin.mpp.compilationImpl.factory.KotlinCompilationImplFactory$KotlinCompilerOptionsFactory: loaded 2 times (x 68B)
Class org.jetbrains.kotlin.gradle.plugin.diagnostics.KotlinGradleProjectCheckersRunnerKt$launchKotlinGradleProjectCheckers$1$1: loaded 2 times (x 93B)
Class org.jetbrains.kotlin.gradle.plugin.KotlinPluginLifecycle$Stage$Companion        : loaded 2 times (x 69B)
Class org.jetbrains.kotlin.statistics.metrics.StringAnonymizationPolicy$AllowedListAnonymizer: loaded 2 times (x 77B)
Class org.jetbrains.kotlin.gradle.report.ReportingSettings$Companion                  : loaded 2 times (x 69B)
Class org.jetbrains.kotlin.tooling.core.Extras$Type                                   : loaded 2 times (x 70B)
Class com.google.common.cache.CacheLoader$1                                           : loaded 2 times (x 73B)
Class org.jetbrains.kotlin.gradle.plugin.sources.FragmentConsistencyChecks$unstableFeaturesCheck$1: loaded 2 times (x 77B)
Class org.jetbrains.kotlin.gradle.plugin.sources.FragmentConsistencyChecks$unstableFeaturesCheck$2: loaded 2 times (x 76B)
Class com.google.common.util.concurrent.AbstractFuture$TrustedFuture                  : loaded 2 times (x 95B)
Class org.jetbrains.kotlin.gradle.tasks.BaseKotlinCompile                             : loaded 2 times (x 68B)
Class org.jetbrains.kotlin.gradle.internal.KotlinDomApiDependencyManagementKt         : loaded 2 times (x 69B)
Class org.jetbrains.kotlin.gradle.plugin.mpp.InternalKotlinCompilation                : loaded 2 times (x 68B)
Class org.gradle.internal.classloader.InstrumentingClassLoader                        : loaded 2 times (x 68B)
Class [Lorg.jetbrains.kotlin.gradle.plugin.statistics.plugins.ObservablePlugins;      : loaded 2 times (x 67B)
Class org.jetbrains.kotlin.gradle.plugin.diagnostics.checkers.NoKotlinTargetsDeclaredChecker: loaded 2 times (x 72B)
Class com.google.common.util.concurrent.LazyLogger                                    : loaded 2 times (x 70B)
Class org.jetbrains.kotlin.gradle.tasks.AbstractKotlinCompileTool                     : loaded 2 times (x 364B)
Class org.jetbrains.kotlin.gradle.plugin.KotlinSourceSetTree$Companion                : loaded 2 times (x 69B)
Class org.jetbrains.kotlin.gradle.internal.CompilerArgumentAware                      : loaded 2 times (x 68B)
Class org.jetbrains.kotlin.gradle.targets.CreateArtifactsSideEffectKt                 : loaded 2 times (x 69B)
Class org.jetbrains.kotlin.gradle.plugin.ProjectLocalConfigurations$ProjectLocalDisambiguation: loaded 2 times (x 74B)
Class org.jetbrains.kotlin.gradle.plugin.KotlinPluginInMultipleProjectsHolder         : loaded 2 times (x 70B)
Class org.jetbrains.kotlin.gradle.tasks.KotlinCompileTool                             : loaded 2 times (x 68B)
Class org.jetbrains.kotlin.gradle.plugin.sources.AbstractKotlinSourceSet              : loaded 2 times (x 139B)
Class org.jetbrains.kotlin.gradle.internal.properties.NativePropertiesLoader$konanDataDirProperty$1: loaded 2 times (x 73B)
Class org.jetbrains.kotlin.compilerRunner.CompilerSystemPropertiesService$Companion$registerIfAbsent$2$1: loaded 2 times (x 77B)
Class org.jetbrains.kotlin.gradle.plugin.mpp.compilationImpl.factory.KotlinCompilationImplFactory$PreConfigure: loaded 2 times (x 68B)
Class com.google.common.collect.Sets                                                  : loaded 2 times (x 69B)
Class org.jetbrains.kotlin.gradle.internal.StdlibDependencyManagementKt$addStdlibDependency$1$1: loaded 2 times (x 77B)
Class org.jetbrains.kotlin.gradle.plugin.mpp.compilationImpl.KotlinCompilationImpl$attributes$2: loaded 2 times (x 77B)
Class org.jetbrains.kotlin.gradle.utils.StoredPropertyKt$extrasStoredProperty$1       : loaded 2 times (x 76B)
Class org.jetbrains.kotlin.build.report.metrics.GradleBuildPerformanceMetric          : loaded 2 times (x 95B)
Class org.jetbrains.kotlin.gradle.plugin.sources.InternalKotlinSourceSet              : loaded 2 times (x 68B)
Class org.jetbrains.kotlin.gradle.plugin.internal.CustomPropertiesFileValueSource$Parameters: loaded 2 times (x 68B)
Class org.jetbrains.kotlin.util.capitalizeDecapitalize.CapitalizeDecapitalizeKt       : loaded 2 times (x 69B)
Class org.jetbrains.kotlin.gradle.plugin.diagnostics.checkers.KotlinSourceSetTreeDependsOnMismatchChecker: loaded 2 times (x 72B)
Class com.google.common.collect.ImmutableSet$Builder                                  : loaded 2 times (x 83B)
Class org.jetbrains.kotlin.gradle.plugin.mpp.compilationImpl.factory.KotlinCompilationImplFactory$KotlinCompilationTaskNamesContainerFactory: loaded 2 times (x 68B)
Class org.jetbrains.kotlin.tooling.core.ExtrasProperty                                : loaded 2 times (x 68B)
Class org.jetbrains.kotlin.gradle.internal.properties.NativeProperties$Companion      : loaded 2 times (x 69B)
Class com.google.common.base.CharMatcher$ForPredicate                                 : loaded 2 times (x 110B)
Class org.jetbrains.kotlin.gradle.plugin.diagnostics.checkers.DisabledCinteropCommonizationInHmppProjectChecker: loaded 2 times (x 72B)
Class com.google.common.collect.ImmutableMap$MapViewOfValuesAsSingletonSets           : loaded 2 times (x 124B)
Class com.google.common.base.MoreObjects                                              : loaded 2 times (x 69B)
Class com.google.common.collect.SortedMapDifference                                   : loaded 2 times (x 68B)
Class org.jetbrains.kotlin.gradle.targets.CreateDefaultCompilationsSideEffectKt       : loaded 2 times (x 69B)
Class org.jetbrains.kotlin.gradle.report.BuildReportType                              : loaded 2 times (x 77B)
Class org.jetbrains.kotlin.gradle.internal.StdlibDependencyManagementKt$addStdlibDependency$1$1$1: loaded 2 times (x 73B)
Class org.jetbrains.kotlin.konan.target.Family                                        : loaded 2 times (x 77B)
Class org.objectweb.asm.SymbolTable                                                   : loaded 2 times (x 70B)
Class org.jetbrains.kotlin.gradle.plugin.diagnostics.ToolingDiagnosticRenderingOptions: loaded 2 times (x 70B)
Class [Lorg.objectweb.asm.AnnotationVisitor;                                          : loaded 2 times (x 67B)
Class org.jetbrains.kotlin.gradle.plugin.mpp.compilationImpl.KotlinCompilationImpl$1  : loaded 2 times (x 77B)
Class com.google.common.cache.CacheStats                                              : loaded 2 times (x 69B)
Class org.jetbrains.kotlin.gradle.plugin.mpp.compilationImpl.KotlinCompilationImpl$2  : loaded 2 times (x 77B)
Class org.jetbrains.kotlin.gradle.InternalKotlinGradlePluginApi                       : loaded 2 times (x 68B)
Class org.jetbrains.kotlin.gradle.dsl.KotlinCommonCompilerOptions                     : loaded 2 times (x 68B)
Class org.objectweb.asm.Attribute                                                     : loaded 2 times (x 75B)
Class [Lorg.jetbrains.kotlin.gradle.plugin.sources.android.AndroidVariantType;        : loaded 2 times (x 67B)
Class org.jetbrains.kotlin.gradle.internal.properties.PropertiesBuildService$Companion: loaded 2 times (x 69B)
Class org.jetbrains.kotlin.tooling.core.MutableExtras                                 : loaded 2 times (x 68B)
Class org.gradle.internal.classloader.VisitableURLClassLoader                         : loaded 2 times (x 115B)
Class org.jetbrains.kotlin.statistics.metrics.StringAnonymizationPolicy$RegexControlled: loaded 2 times (x 77B)
Class com.google.common.cache.LocalCache$LocalLoadingCache                            : loaded 2 times (x 132B)
Class org.jetbrains.kotlin.gradle.plugin.DefaultKotlinBasePlugin$addKotlinCompilerConfiguration$2$1: loaded 2 times (x 73B)
Class org.jetbrains.kotlin.gradle.targets.js.npm.NpmDependencyExtensionDelegate       : loaded 2 times (x 165B)
Class com.google.common.base.Supplier                                                 : loaded 2 times (x 68B)
Class org.jetbrains.kotlin.gradle.plugin.diagnostics.UsesKotlinToolingDiagnostics     : loaded 2 times (x 68B)
Class org.jetbrains.kotlin.gradle.plugin.diagnostics.KotlinToolingDiagnosticsSetupActionKt$KotlinToolingDiagnosticsSetupAction$1: loaded 2 times (x 72B)
Class com.google.common.collect.ImmutableBiMap                                        : loaded 2 times (x 141B)
Class org.jetbrains.kotlin.gradle.internal.properties.PropertiesBuildService$property$1$1: loaded 2 times (x 73B)
Class org.gradle.internal.Cast                                                        : loaded 2 times (x 69B)
Class org.jetbrains.kotlin.gradle.targets.js.dsl.KotlinJsTargetDsl                    : loaded 2 times (x 68B)
Class org.jetbrains.kotlin.gradle.dsl.KotlinTargetContainerWithPresetFunctions        : loaded 2 times (x 68B)
Class org.jetbrains.kotlin.gradle.dsl.KotlinHierarchyDsl                              : loaded 2 times (x 68B)
Class org.jetbrains.kotlin.gradle.tasks.configuration.BaseKotlinCompileConfig$Companion: loaded 2 times (x 69B)
Class org.gradle.api.internal.classpath.Module                                        : loaded 2 times (x 68B)
Class org.jetbrains.kotlin.konan.target.KonanTarget$LINUX_ARM64                       : loaded 2 times (x 76B)
Class org.jetbrains.kotlin.gradle.targets.native.SetupEmbedAndSignAppleFrameworkTaskSideEffectKt$special$$inlined$KotlinTargetSideEffect$1: loaded 2 times (x 72B)
Class org.gradle.api.internal.ClassPathRegistry                                       : loaded 2 times (x 68B)
Class org.jetbrains.kotlin.gradle.plugin.KotlinCompilationWithResources               : loaded 2 times (x 68B)
Class org.jetbrains.kotlin.gradle.plugin.mpp.compilationImpl.KotlinCompilationProcessorSideEffectKt$KotlinCompilationProcessorSideEffect$1: loaded 2 times (x 72B)
Class org.jetbrains.kotlin.gradle.plugin.internal.ProjectIsolationStartParameterAccessorKt: loaded 2 times (x 69B)
Class com.google.common.cache.LocalCache$EntryFactory                                 : loaded 2 times (x 81B)
Class com.google.common.util.concurrent.UncheckedExecutionException                   : loaded 2 times (x 80B)
Class com.google.common.collect.ImmutableSet                                          : loaded 2 times (x 143B)
Class org.gradle.internal.classloader.VisitableURLClassLoader$InstrumentingVisitableURLClassLoader: loaded 2 times (x 121B)
Class org.jetbrains.kotlin.gradle.plugin.mpp.compilationImpl.KotlinCompilationAssociator: loaded 2 times (x 68B)
Class org.gradle.internal.classloader.ClassLoaderHierarchy                            : loaded 2 times (x 68B)
Class org.jetbrains.kotlin.compilerRunner.CompilerSystemPropertiesService$Companion$registerIfAbsent$1: loaded 2 times (x 73B)
Class org.jetbrains.kotlin.gradle.plugin.mpp.KotlinJvmCompilation                     : loaded 2 times (x 198B)
Class org.jetbrains.kotlin.gradle.plugin.KotlinPluginLifecycleImpl$await$2$1          : loaded 2 times (x 77B)
Class org.jetbrains.kotlin.gradle.plugin.statistics.MetricContainer                   : loaded 2 times (x 70B)
Class org.jetbrains.kotlin.gradle.internal.StdlibDependencyManagementKt$configureStdlibDefaultDependency$1: loaded 2 times (x 77B)
Class org.jetbrains.kotlin.gradle.plugin.mpp.compilationImpl.KotlinCompilationSideEffect$Companion: loaded 2 times (x 69B)
Class org.jetbrains.kotlin.gradle.plugin.diagnostics.checkers.NoKotlinTargetsDeclaredChecker$runChecks$1: loaded 2 times (x 86B)
Class org.jetbrains.kotlin.gradle.plugin.hierarchy.KotlinSourceSetTreeClassifier$Default: loaded 2 times (x 69B)
Class org.jetbrains.kotlin.gradle.targets.js.npm.DefaultPeerNpmDependencyExtension$delegate$1: loaded 2 times (x 165B)
Class org.jetbrains.kotlin.gradle.plugin.statistics.FusMetrics                        : loaded 2 times (x 68B)
Class org.jetbrains.kotlin.gradle.plugin.diagnostics.checkers.ExperimentalTryNextUsageChecker: loaded 2 times (x 72B)
Class org.jetbrains.kotlin.gradle.internal.KotlinDependenciesManagementKt             : loaded 2 times (x 69B)
Class org.jetbrains.kotlin.gradle.plugin.mpp.InternalKotlinCompilationKt              : loaded 2 times (x 69B)
Class [Lorg.jetbrains.kotlin.gradle.dsl.PlatformSourceSetConventionsChecker$CheckedPlatformInfo;: loaded 2 times (x 67B)
Class org.jetbrains.kotlin.gradle.plugin.internal.BuildIdService$Companion$registerIfAbsent$1$1: loaded 2 times (x 73B)
Class org.jetbrains.kotlin.gradle.tasks.AbstractKotlinCompile                         : loaded 2 times (x 457B)
Class org.jetbrains.kotlin.gradle.plugin.VariantImplementationFactories$Parameters_Decorated: loaded 2 times (x 132B)
Class org.jetbrains.kotlin.gradle.targets.native.internal.CInteropConfigurationsKt$special$$inlined$KotlinTargetSideEffect$1: loaded 2 times (x 72B)
Class org.jetbrains.kotlin.konan.target.KonanTarget$WATCHOS_ARM32                     : loaded 2 times (x 76B)
Class org.jetbrains.kotlin.gradle.plugin.mpp.HasBinaries                              : loaded 2 times (x 68B)
Class org.jetbrains.kotlin.gradle.plugin.diagnostics.checkers.DisabledCinteropCommonizationInHmppProjectChecker$runChecks$1: loaded 2 times (x 86B)
Class org.jetbrains.kotlin.gradle.targets.js.npm.NpmDependencyExtensionKt$defaultNpmDependencyDelegate$1: loaded 2 times (x 165B)
Class org.jetbrains.kotlin.gradle.dsl.DefaultToolchainSupport                         : loaded 2 times (x 74B)
Class org.jetbrains.kotlin.gradle.plugin.statistics.BuildFusService$Parameters$Inject : loaded 2 times (x 110B)
Class [Lorg.objectweb.asm.Type;                                                       : loaded 2 times (x 67B)
Class org.jetbrains.kotlin.gradle.plugin.sources.KotlinDependencyScopeKt              : loaded 2 times (x 69B)
Class org.jetbrains.kotlin.konan.target.KonanTarget$WATCHOS_SIMULATOR_ARM64           : loaded 2 times (x 76B)
Class org.jetbrains.kotlin.gradle.plugin.mpp.DefaultKotlinUsageContext$1              : loaded 2 times (x 72B)
Class org.jetbrains.kotlin.gradle.utils.ProjectExtensionsKt                           : loaded 2 times (x 69B)
Class org.jetbrains.kotlin.gradle.targets.native.internal.AddKotlinPlatformIntegersSupportLibraryKt: loaded 2 times (x 69B)
Class org.jetbrains.kotlin.gradle.plugin.sources.InternalKotlinSourceSetKt$awaitPlatformCompilations$1: loaded 2 times (x 86B)
Class org.jetbrains.kotlin.gradle.plugin.mpp.compilationImpl.KotlinCompilationRegisterInSourceSetsConfigurator: loaded 2 times (x 72B)
Class org.jetbrains.kotlin.gradle.internal.properties.PropertiesBuildServiceKt$propertyWithDeprecatedName$1: loaded 2 times (x 73B)
Class org.jetbrains.kotlin.gradle.plugin.mpp.compilationImpl.KotlinCreateSourcesJarTaskSideEffectKt: loaded 2 times (x 69B)
Class org.jetbrains.kotlin.gradle.dsl.KotlinMultiplatformExtension                    : loaded 2 times (x 605B)
Class com.google.common.cache.Weigher                                                 : loaded 2 times (x 68B)
Class org.jetbrains.kotlin.gradle.plugin.diagnostics.checkers.IncorrectCompileOnlyDependenciesChecker: loaded 2 times (x 72B)
Class org.jetbrains.kotlin.gradle.plugin.KotlinGradleBuildServices                    : loaded 2 times (x 78B)
Class org.jetbrains.kotlin.gradle.utils.ProviderApiUtilsKt$mapOrNull$1$1              : loaded 2 times (x 73B)
Class org.jetbrains.kotlin.gradle.plugin.statistics.KotlinBuildStatsBeanService       : loaded 2 times (x 85B)
Class com.google.common.base.CharMatcher$NamedFastMatcher                             : loaded 2 times (x 110B)
Class org.jetbrains.kotlin.compilerRunner.CompilerSystemPropertiesService$Companion   : loaded 2 times (x 69B)
Class org.jetbrains.kotlin.gradle.plugin.BuildFinishedListenerService$Companion       : loaded 2 times (x 69B)
Class org.gradle.internal.InternalTransformer                                         : loaded 2 times (x 68B)
Class org.jetbrains.kotlin.gradle.plugin.diagnostics.checkers.DuplicateSourceSetChecker: loaded 2 times (x 72B)
Class org.jetbrains.kotlin.gradle.plugin.internal.CustomPropertiesFileValueSource$Parameters_Decorated: loaded 2 times (x 132B)
Class org.jetbrains.kotlin.gradle.dsl.PlatformSourceSetConventionsChecker$runChecks$$inlined$CheckedPlatformInfo$default$1: loaded 2 times (x 76B)
Class org.jetbrains.kotlin.gradle.dsl.JvmTarget$Companion                             : loaded 2 times (x 69B)
Class org.jetbrains.kotlin.gradle.testing.internal.KotlinTestsRegistry$Companion      : loaded 2 times (x 69B)
Class org.gradle.internal.service.ServiceLocator                                      : loaded 2 times (x 68B)
Class org.jetbrains.kotlin.gradle.utils.FutureKt$future$1                             : loaded 2 times (x 93B)
Class org.jetbrains.kotlin.gradle.plugin.VariantImplementationFactories               : loaded 2 times (x 73B)
Class Settings_gradle$1                                                               : loaded 2 times (x 72B)
Class org.jetbrains.kotlin.gradle.utils.MutableObservableSetImpl                      : loaded 2 times (x 161B)
Class org.jetbrains.kotlin.gradle.report.ReportingSettings                            : loaded 2 times (x 70B)
Class [Lorg.jetbrains.kotlin.statistics.metrics.NumericalMetrics;                     : loaded 2 times (x 67B)
Class org.jetbrains.kotlin.gradle.plugin.GradleUtilsKt                                : loaded 2 times (x 69B)
Class com.google.common.collect.ImmutableRangeSet$1                                   : loaded 2 times (x 170B)
Class org.jetbrains.kotlin.gradle.plugin.mpp.AbstractKotlinTarget$kotlinComponents$2  : loaded 2 times (x 77B)
Class com.google.common.util.concurrent.SettableFuture                                : loaded 2 times (x 95B)
Class org.jetbrains.kotlin.gradle.internal.transforms.BuildToolsApiClasspathEntrySnapshotTransform$Parameters: loaded 2 times (x 86B)
Class org.jetbrains.kotlin.gradle.plugin.diagnostics.checkers.GradleDeprecatedPropertyChecker: loaded 2 times (x 72B)
Class org.jetbrains.kotlin.gradle.plugin.statistics.KotlinProjectConfigurationMetrics : loaded 2 times (x 69B)
Class com.google.common.collect.ImmutableMapEntry                                     : loaded 2 times (x 83B)
Class org.jetbrains.kotlin.gradle.dsl.PlatformSourceSetConventionsChecker             : loaded 2 times (x 72B)
Class org.jetbrains.kotlin.gradle.targets.native.toolchain.KotlinNativeBundleBuildService$Companion$registerIfAbsent$2$1: loaded 2 times (x 77B)
Class org.jetbrains.kotlin.gradle.tasks.configuration.BaseKotlinCompileConfig$1       : loaded 2 times (x 77B)
Class org.jetbrains.kotlin.gradle.plugin.statistics.FinalizeConfigurationFusMetricActionKt$FinalizeConfigurationFusMetricAction$1: loaded 2 times (x 93B)
Class org.jetbrains.kotlin.gradle.tasks.configuration.BaseKotlinCompileConfig$2       : loaded 2 times (x 77B)
Class org.jetbrains.kotlin.gradle.plugin.mpp.compilationImpl.KotlinCompilationSourceSetsContainer: loaded 2 times (x 68B)
Class org.jetbrains.kotlin.gradle.dsl.AndroidMainSourceSetConventionsChecker$runChecks$1: loaded 2 times (x 86B)
Class org.jetbrains.kotlin.gradle.plugin.diagnostics.KotlinToolingDiagnosticsSetupActionKt$KotlinToolingDiagnosticsSetupAction$1$1: loaded 2 times (x 73B)
Class org.jetbrains.kotlin.gradle.plugin.VariantImplementationFactories$Parameters    : loaded 2 times (x 68B)
Class org.jetbrains.kotlin.gradle.plugin.SubpluginEnvironment                         : loaded 2 times (x 70B)
Class org.jetbrains.kotlin.gradle.incremental.UsesIncrementalModuleInfoBuildService   : loaded 2 times (x 68B)
Class org.jetbrains.kotlin.gradle.plugin.diagnostics.KotlinToolingDiagnosticsSetupActionKt$KotlinToolingDiagnosticsSetupAction$1$2: loaded 2 times (x 93B)
Class org.jetbrains.kotlin.gradle.plugin.KotlinPluginWrapperKt$kotlinPluginVersionFromResources$1: loaded 2 times (x 76B)
Class org.jetbrains.kotlin.gradle.plugin.diagnostics.KotlinToolingDiagnosticsSetupActionKt$KotlinToolingDiagnosticsSetupAction$1$3: loaded 2 times (x 73B)
Class org.jetbrains.kotlin.gradle.plugin.KotlinPluginLifecycleImplKt                  : loaded 2 times (x 69B)
Class org.jetbrains.kotlin.gradle.targets.ConfigureBuildSideEffectKt                  : loaded 2 times (x 69B)
Class org.jetbrains.kotlin.gradle.plugin.internal.DefaultConfigurationCacheStartParameterAccessor_Decorated: loaded 2 times (x 123B)
Class org.jetbrains.kotlin.gradle.plugin.sources.FragmentConsistencyChecker           : loaded 2 times (x 70B)
Class org.jetbrains.kotlin.gradle.tasks.KotlinTasksProvider                           : loaded 2 times (x 70B)
Class org.jetbrains.kotlin.gradle.internal.properties.PropertiesBuildService$Params_Decorated: loaded 2 times (x 132B)
Class org.jetbrains.kotlin.gradle.internal.properties.PropertiesBuildService$Companion$registerIfAbsent$1: loaded 2 times (x 73B)
Class org.jetbrains.kotlin.gradle.targets.CreateArtifactsSideEffectKt$CreateArtifactsSideEffect$1: loaded 2 times (x 72B)
Class org.jetbrains.kotlin.gradle.plugin.hierarchy.KotlinSourceSetTreeClassifierKt$sourceSetTreeClassifier$2: loaded 2 times (x 76B)
Class com.google.common.base.Joiner$1                                                 : loaded 2 times (x 78B)
Class com.google.common.base.Joiner$2                                                 : loaded 2 times (x 77B)
Class org.jetbrains.kotlin.gradle.targets.js.npm.SemVer                               : loaded 2 times (x 73B)
Class org.jetbrains.kotlin.gradle.internal.properties.NativePropertiesLoader$Companion: loaded 2 times (x 69B)
Class org.jetbrains.kotlin.gradle.dsl.KotlinJvmCompilerOptions                        : loaded 2 times (x 68B)
Class com.google.common.base.CharMatcher$FastMatcher                                  : loaded 2 times (x 109B)
Class org.jetbrains.kotlin.gradle.dsl.KotlinCommonToolOptions                         : loaded 2 times (x 68B)
Class org.jetbrains.kotlin.gradle.targets.CreateDefaultTestRunSideEffectKt            : loaded 2 times (x 69B)
Class org.gradle.internal.classpath.DefaultClassPath$ImmutableUniqueList              : loaded 2 times (x 159B)
Class org.jetbrains.kotlin.gradle.plugin.mpp.compilationImpl.factory.ConfigurationNaming: loaded 2 times (x 68B)
Class org.jetbrains.kotlin.konan.target.KonanTarget$ANDROID_X64                       : loaded 2 times (x 76B)
Class org.jetbrains.kotlin.gradle.plugin.mpp.KotlinUsages$KotlinMetadataCompatibility : loaded 2 times (x 74B)
Class org.jetbrains.kotlin.gradle.plugin.statistics.KotlinBuildStatsLoggerService$Companion: loaded 2 times (x 69B)
Class org.jetbrains.kotlin.gradle.plugin.mpp.compilationImpl.DefaultKotlinCompilationFriendPathsResolver$FriendArtifactResolver: loaded 2 times (x 68B)
Class org.jetbrains.kotlin.gradle.plugin.KotlinGradleBuildServices$Inject             : loaded 2 times (x 98B)
Class org.jetbrains.kotlin.gradle.plugin.diagnostics.checkers.JsLikeEnvironmentChecker: loaded 2 times (x 74B)
Class org.jetbrains.kotlin.gradle.targets.js.npm.NpmDirectoryDependencyExtension      : loaded 2 times (x 68B)
Class org.jetbrains.kotlin.gradle.plugin.VariantImplementationFactories$Companion$getProvider$2$1: loaded 2 times (x 77B)
Class org.jetbrains.kotlin.gradle.plugin.KotlinPluginLifecycle$CoroutineStart         : loaded 2 times (x 77B)
Class org.jetbrains.kotlin.tooling.core.TypeUtils                                     : loaded 2 times (x 69B)
Class org.gradle.internal.classpath.TransformedClassPath                              : loaded 2 times (x 94B)
Class org.jetbrains.kotlin.gradle.tasks.configuration.KaptGenerateStubsConfig$Companion$configureLibraries$1: loaded 2 times (x 77B)
Class org.jetbrains.kotlin.gradle.dsl.HasConfigurableKotlinCompilerOptions            : loaded 2 times (x 68B)
Class org.jetbrains.kotlin.gradle.plugin.diagnostics.checkers.JsEnvironmentChecker    : loaded 2 times (x 74B)
Class com.google.common.collect.MapDifference                                         : loaded 2 times (x 68B)
Class org.jetbrains.kotlin.buildtools.api.ExperimentalBuildToolsApi                   : loaded 2 times (x 68B)
Class org.jetbrains.kotlin.compilerRunner.CompilerSystemPropertiesService$Companion$registerIfAbsent$2$1$1: loaded 2 times (x 73B)
Class org.jetbrains.kotlin.gradle.plugin.sources.InternalKotlinSourceSetKt            : loaded 2 times (x 69B)
Class org.jetbrains.kotlin.tooling.core.HasExtras                                     : loaded 2 times (x 68B)
Class com.google.common.collect.Sets$1                                                : loaded 2 times (x 137B)
Class com.google.common.collect.Sets$2                                                : loaded 2 times (x 137B)
Class com.google.common.util.concurrent.AbstractFuture$Trusted                        : loaded 2 times (x 68B)
Class org.jetbrains.kotlin.gradle.artifacts.KotlinNativeKlibArtifactKt$KotlinNativeKlibArtifact$1: loaded 2 times (x 72B)
Class [Lorg.jetbrains.kotlin.gradle.plugin.KotlinPlatformType;                        : loaded 2 times (x 67B)
Class org.jetbrains.kotlin.gradle.plugin.mpp.KotlinAndroidTarget                      : loaded 2 times (x 157B)
Class com.google.common.collect.Sets$3                                                : loaded 2 times (x 137B)
Class org.jetbrains.kotlin.gradle.internal.properties.PropertiesBuildService$BooleanGradleProperty: loaded 2 times (x 74B)
Class com.google.common.collect.Sets$4                                                : loaded 2 times (x 137B)
Class org.jetbrains.kotlin.build.report.metrics.BuildTime                             : loaded 2 times (x 68B)
Class org.jetbrains.kotlin.gradle.utils.IsolatedKotlinClasspathClassCastException     : loaded 2 times (x 80B)
Class org.jetbrains.kotlin.gradle.internal.properties.PropertiesBuildService          : loaded 2 times (x 74B)
Class org.jetbrains.kotlin.gradle.plugin.statistics.plugins.ObservablePlugins         : loaded 2 times (x 77B)
Class org.jetbrains.kotlin.gradle.internal.KotlinDependenciesManagementKt$CustomizeKotlinDependenciesSetupAction$1$coreLibrariesVersion$1: loaded 2 times (x 77B)
Class org.jetbrains.kotlin.gradle.plugin.HasCompilerOptions                           : loaded 2 times (x 68B)
Class org.jetbrains.kotlin.statistics.metrics.StringOverridePolicy$OVERRIDE_VERSION_IF_NOT_SET: loaded 2 times (x 83B)
Class org.jetbrains.kotlin.gradle.utils.FutureKt                                      : loaded 2 times (x 69B)
Class org.jetbrains.kotlin.statistics.metrics.StatisticsValuesConsumer                : loaded 2 times (x 68B)
Class org.jetbrains.kotlin.gradle.testing.internal.KotlinTestsRegistry                : loaded 2 times (x 70B)
Class org.jetbrains.kotlin.gradle.plugin.mpp.compilationImpl.KotlinCompilationLanguageSettingsConfigurator: loaded 2 times (x 72B)
Class org.jetbrains.kotlin.statistics.metrics.StringMetrics                           : loaded 2 times (x 78B)
Class build_be2a9s5bw71noxeeh8hih3df2$_run_closure1                                   : loaded 2 times (x 137B)
Class org.jetbrains.kotlin.gradle.plugin.diagnostics.checkers.DuplicateSourceSetChecker$runChecks$1: loaded 2 times (x 86B)
Class org.jetbrains.kotlin.gradle.plugin.KotlinCompilerArgumentsProducer              : loaded 2 times (x 68B)
Class org.objectweb.asm.MethodWriter                                                  : loaded 2 times (x 104B)
Class org.jetbrains.kotlin.gradle.plugin.internal.ConfigurationCacheStartParameterAccessor: loaded 2 times (x 68B)
Class org.jetbrains.kotlin.gradle.plugin.KotlinTargetConfiguratorKt                   : loaded 2 times (x 69B)
Class org.jetbrains.kotlin.gradle.plugin.mpp.InternalKotlinCompilation$DefaultImpls   : loaded 2 times (x 69B)
Class org.jetbrains.kotlin.gradle.plugin.sources.DefaultKotlinSourceSet_Decorated     : loaded 2 times (x 190B)
Class com.google.common.collect.Platform                                              : loaded 2 times (x 69B)
Class org.jetbrains.kotlin.gradle.dsl.KotlinCommonCompilerToolOptionsDefault          : loaded 2 times (x 82B)
Class org.jetbrains.kotlin.gradle.report.ConfigureReporingKt                          : loaded 2 times (x 69B)
Class com.google.common.collect.ImmutableAsList                                       : loaded 2 times (x 169B)
Class com.google.common.util.concurrent.ExecutionError                                : loaded 2 times (x 80B)
Class org.jetbrains.kotlin.konan.target.KonanTarget$WATCHOS_ARM64                     : loaded 2 times (x 76B)
Class org.jetbrains.kotlin.gradle.plugin.KotlinPluginLifecycleImpl                    : loaded 2 times (x 78B)
Class com.google.common.base.Equivalence$Identity                                     : loaded 2 times (x 80B)
Class org.jetbrains.kotlin.gradle.dsl.PlatformSourceSetConventionsChecker$runChecks$1 : loaded 2 times (x 86B)
Class [Lorg.jetbrains.kotlin.gradle.plugin.KotlinPluginLifecycle$Stage;               : loaded 2 times (x 67B)
Class com.google.common.base.CharMatcher$AnyOf                                        : loaded 2 times (x 110B)
Class com.google.common.base.CharMatcher$IsEither                                     : loaded 2 times (x 109B)
Class org.jetbrains.kotlin.gradle.dsl.PlatformSourceSetConventionsChecker$runChecks$2 : loaded 2 times (x 76B)
Class org.jetbrains.kotlin.gradle.internal.CompilerOptionsDslHelpersKt                : loaded 2 times (x 69B)
Class org.jetbrains.kotlin.konan.target.HostManager$targetValues$2                    : loaded 2 times (x 76B)
Class org.jetbrains.kotlin.gradle.dsl.PlatformSourceSetConventionsChecker$runChecks$3 : loaded 2 times (x 76B)
Class [Lorg.jetbrains.kotlin.gradle.plugin.diagnostics.ToolingDiagnostic$Severity;    : loaded 2 times (x 67B)
Class org.jetbrains.kotlin.gradle.plugin.StatisticsBuildFlowManager$Companion         : loaded 2 times (x 69B)
Class org.jetbrains.kotlin.gradle.plugin.internal.CustomPropertiesFileValueSource$Inject: loaded 2 times (x 111B)
Class org.jetbrains.kotlin.gradle.plugin.statistics.BuildFusService$Companion         : loaded 2 times (x 69B)
Class org.jetbrains.kotlin.gradle.plugin.PluginWrappersKt                             : loaded 2 times (x 69B)
Class org.jetbrains.kotlin.gradle.dsl.PlatformSourceSetConventionsChecker$runChecks$4 : loaded 2 times (x 76B)
Class org.jetbrains.kotlin.gradle.dsl.KotlinCommonCompilerToolOptionsHelper           : loaded 2 times (x 69B)
Class org.jetbrains.kotlin.gradle.tasks.configuration.AbstractKotlinCompileConfig     : loaded 2 times (x 70B)
Class org.jetbrains.kotlin.gradle.dsl.PlatformSourceSetConventionsChecker$runChecks$6 : loaded 2 times (x 86B)
Class org.jetbrains.kotlin.gradle.plugin.mpp.compilationImpl.KotlinCreateNativeCompileTasksSideEffectKt$special$$inlined$KotlinCompilationSideEffect$1: loaded 2 times (x 72B)
Class com.google.common.cache.LocalCache                                              : loaded 2 times (x 185B)
Class com.google.common.collect.ImmutableRangeSet$Builder                             : loaded 2 times (x 75B)
Class org.jetbrains.kotlin.gradle.plugin.diagnostics.CheckKotlinGradlePluginConfigurationErrorsKt$addDependsOnFromTasksThatShouldFailWhenErrorsReported$1: loaded 2 times (x 73B)
Class org.jetbrains.kotlin.gradle.targets.CreateTargetConfigurationsSideEffectKt$CreateTargetConfigurationsSideEffect$1: loaded 2 times (x 72B)
Class org.jetbrains.kotlin.gradle.plugin.KotlinPluginLifecycleImpl$launch$coroutine$1 : loaded 2 times (x 74B)
Class org.jetbrains.kotlin.gradle.targets.CreateDefaultTestRunSideEffectKt$special$$inlined$KotlinTargetSideEffect$1: loaded 2 times (x 72B)
Class com.google.common.collect.RegularImmutableList                                  : loaded 2 times (x 173B)
Class org.jetbrains.kotlin.gradle.plugin.diagnostics.KotlinToolingDiagnostics         : loaded 2 times (x 69B)
Class org.jetbrains.kotlin.gradle.internal.StdlibDependencyManagementKt$addStdlibDependency$1: loaded 2 times (x 73B)
Class org.jetbrains.kotlin.gradle.dsl.KotlinCommonOptions                             : loaded 2 times (x 68B)
Class org.jetbrains.kotlin.gradle.plugin.HasKotlinDependencies                        : loaded 2 times (x 68B)
Class org.jetbrains.kotlin.statistics.fileloggers.MetricsContainer                    : loaded 2 times (x 75B)
Class org.jetbrains.kotlin.gradle.plugin.mpp.KotlinTargetSoftwareComponentImplKt$KotlinTargetSoftwareComponent$1$1$configuration$1: loaded 2 times (x 77B)
Class org.jetbrains.kotlin.gradle.plugin.mpp.SyncLanguageSettingsWithKotlinExtensionSetupActionKt$SyncLanguageSettingsWithKotlinExtensionSetupAction$1: loaded 2 times (x 93B)
Class com.google.common.collect.Multiset                                              : loaded 2 times (x 68B)
Class com.google.common.collect.ImmutableSet$CachingAsList                            : loaded 2 times (x 146B)
Class org.jetbrains.kotlin.gradle.plugin.mpp.compilationImpl.KotlinCreateNativeCompileTasksSideEffectKt: loaded 2 times (x 69B)
Class org.jetbrains.kotlin.gradle.plugin.VariantImplementationFactoriesConfigurator$Companion: loaded 2 times (x 69B)
Class org.jetbrains.kotlin.konan.target.KonanTarget$ANDROID_X86                       : loaded 2 times (x 76B)
Class org.jetbrains.kotlin.gradle.tooling.BuildKotlinToolingMetadataTask              : loaded 2 times (x 315B)
Class org.jetbrains.kotlin.gradle.plugin.KotlinCompilerPluginSupportPlugin            : loaded 2 times (x 68B)
Class org.jetbrains.kotlin.gradle.internal.properties.NativeProperties                : loaded 2 times (x 68B)
Class org.jetbrains.kotlin.gradle.plugin.mpp.compilationImpl.KotlinCreateResourcesTaskSideEffectKt$KotlinCreateResourcesTaskSideEffect$1: loaded 2 times (x 72B)
Class org.jetbrains.kotlin.gradle.internal.properties.NativePropertiesLoader$userProvidedNativeHome$1: loaded 2 times (x 73B)
Class org.jetbrains.kotlin.gradle.plugin.mpp.compilationImpl.factory.KotlinCompilationImplFactory$KotlinCompilerOptionsFactory$Options: loaded 2 times (x 70B)
Class org.jetbrains.kotlin.gradle.utils.SingleActionPerProject                        : loaded 2 times (x 71B)
Class org.jetbrains.kotlin.gradle.plugin.mpp.AbstractKotlinTarget$components$2        : loaded 2 times (x 77B)
Class org.jetbrains.kotlin.gradle.plugin.diagnostics.checkers.CInteropInputChecker    : loaded 2 times (x 72B)
Class org.jetbrains.kotlin.gradle.plugin.mpp.compilationImpl.factory.KotlinCompilationImplFactory: loaded 2 times (x 70B)
Class org.jetbrains.kotlin.gradle.plugin.mpp.KotlinTargetWithBinaries                 : loaded 2 times (x 155B)
Class org.objectweb.asm.MethodVisitor                                                 : loaded 2 times (x 103B)
Class org.jetbrains.kotlin.gradle.dsl.KotlinSingleTargetExtension                     : loaded 2 times (x 122B)
Class com.google.common.collect.AbstractMapBasedMultimap$KeySet$1                     : loaded 2 times (x 80B)
Class org.jetbrains.kotlin.gradle.plugin.statistics.KotlinBuildStatsMXBean            : loaded 2 times (x 68B)
Class com.google.common.collect.ImmutableMapEntry$NonTerminalImmutableMapEntry        : loaded 2 times (x 83B)
Class org.jetbrains.kotlin.gradle.ExperimentalKotlinGradlePluginApi                   : loaded 2 times (x 68B)
Class com.google.common.collect.AbstractMapBasedMultimap                              : loaded 2 times (x 137B)


---------------  S Y S T E M  ---------------

OS:
 Windows 11 , 64 bit Build 22000 (10.0.22000.2538)
OS uptime: 15 days 19:31 hours
Hyper-V role detected

CPU: total 16 (initial active 16) (16 cores per cpu, 2 threads per core) family 25 model 80 stepping 0 microcode 0x0, cx8, cmov, fxsr, ht, mmx, 3dnowpref, sse, sse2, sse3, ssse3, sse4a, sse4.1, sse4.2, popcnt, lzcnt, tsc, tscinvbit, avx, avx2, aes, erms, clmul, bmi1, bmi2, adx, sha, fma, vzeroupper, clflush, clflushopt, hv
Processor Information for all 16 processors :
  Max Mhz: 2000, Current Mhz: 2000, Mhz Limit: 2000

Memory: 4k page, system-wide physical 7489M (74M free)
TotalPageFile size 30017M (AvailPageFile size 77M)
current process WorkingSet (physical memory assigned to process): 536M, peak: 538M
current process commit charge ("private bytes"): 661M, peak: 822M

vm_info: OpenJDK 64-Bit Server VM (17.0.11+0--11852314) for windows-amd64 JRE (17.0.11+0--11852314), built on May 16 2024 21:29:20 by "androidbuild" with MS VC++ 16.10 / 16.11 (VS2019)

END.
