#
# There is insufficient memory for the Java Runtime Environment to continue.
# Native memory allocation (mmap) failed to map 5062656 bytes. Error detail: G1 virtual space
# Possible reasons:
#   The system is out of physical RAM or swap space
#   This process is running with CompressedOops enabled, and the Java Heap may be blocking the growth of the native heap
# Possible solutions:
#   Reduce memory load on the system
#   Increase physical memory or swap space
#   Check if swap backing store is full
#   Decrease Java heap size (-Xmx/-Xms)
#   Decrease number of Java threads
#   Decrease Java thread stack sizes (-Xss)
#   Set larger code cache with -XX:ReservedCodeCacheSize=
#   JVM is running with Unscaled Compressed Oops mode in which the Java heap is
#     placed in the first 4GB address space. The Java Heap base address is the
#     maximum limit for the native heap growth. Please use -XX:HeapBaseMinAddress
#     to set the Java Heap base and to place the Java Heap above 4GB virtual address.
# This output file may be truncated or incomplete.
#
#  Out of Memory Error (os_windows.cpp:3825), pid=26720, tid=28480
#
# JRE version: OpenJDK Runtime Environment (17.0.11) (build 17.0.11+0--11852314)
# Java VM: OpenJDK 64-Bit Server VM (17.0.11+0--11852314, mixed mode, tiered, compressed oops, compressed class ptrs, g1 gc, windows-amd64)
# No core dump will be written. Minidumps are not enabled by default on client versions of Windows
#

---------------  S U M M A R Y ------------

Command Line: --add-opens=java.base/java.lang=ALL-UNNAMED --add-opens=java.base/java.lang.invoke=ALL-UNNAMED --add-opens=java.base/java.util=ALL-UNNAMED --add-opens=java.prefs/java.util.prefs=ALL-UNNAMED --add-exports=jdk.compiler/com.sun.tools.javac.api=ALL-UNNAMED --add-exports=jdk.compiler/com.sun.tools.javac.util=ALL-UNNAMED --add-opens=java.base/java.util=ALL-UNNAMED --add-opens=java.prefs/java.util.prefs=ALL-UNNAMED --add-opens=java.base/java.nio.charset=ALL-UNNAMED --add-opens=java.base/java.net=ALL-UNNAMED --add-opens=java.base/java.util.concurrent.atomic=ALL-UNNAMED --add-opens=java.xml/javax.xml.namespace=ALL-UNNAMED -XX:MaxMetaspaceSize=512m -XX:ReservedCodeCacheSize=256m -XX:+HeapDumpOnOutOfMemoryError -Xmx2048M -Dfile.encoding=windows-1256 -Duser.country=US -Duser.language=en -Duser.variant -javaagent:C:\Users\HP PROBOOK\.gradle\wrapper\dists\gradle-8.14-all\c2qonpi39x1mddn7hk5gh9iqj\gradle-8.14\lib\agents\gradle-instrumentation-agent-8.14.jar org.gradle.launcher.daemon.bootstrap.GradleDaemon 8.14

Host: AMD Ryzen 7 5825U with Radeon Graphics         , 16 cores, 7G,  Windows 11 , 64 bit Build 22000 (10.0.22000.2538)
Time: Mon May 18 12:27:56 2026 Jordan Standard Time elapsed time: 122.028158 seconds (0d 0h 2m 2s)

---------------  T H R E A D  ---------------

Current thread (0x0000025ad99d3a30):  VMThread "VM Thread" [stack: 0x0000009ae3300000,0x0000009ae3400000] [id=28480]

Stack: [0x0000009ae3300000,0x0000009ae3400000]
Native frames: (J=compiled Java code, j=interpreted, Vv=VM code, C=native code)
V  [jvm.dll+0x687bb9]
V  [jvm.dll+0x84142a]
V  [jvm.dll+0x8430ae]
V  [jvm.dll+0x843713]
V  [jvm.dll+0x24a35f]
V  [jvm.dll+0x684989]
V  [jvm.dll+0x67923a]
V  [jvm.dll+0x30af0b]
V  [jvm.dll+0x3123b6]
V  [jvm.dll+0x361e13]
V  [jvm.dll+0x36202f]
V  [jvm.dll+0x2e0d38]
V  [jvm.dll+0x2df144]
V  [jvm.dll+0x2de74c]
V  [jvm.dll+0x323381]
V  [jvm.dll+0x847e0b]
V  [jvm.dll+0x848b42]
V  [jvm.dll+0x84905d]
V  [jvm.dll+0x849434]
V  [jvm.dll+0x849500]
V  [jvm.dll+0x7efa4a]
V  [jvm.dll+0x686a35]
C  [ucrtbase.dll+0x26c0c]
C  [KERNEL32.DLL+0x153e0]
C  [ntdll.dll+0x485b]

VM_Operation (0x0000009ae4aef560): G1TryInitiateConcMark, mode: safepoint, requested by thread 0x0000025adf78d960


---------------  P R O C E S S  ---------------

Threads class SMR info:
_java_thread_list=0x0000025ae3504cf0, length=168, elements={
0x0000025abe011070, 0x0000025ad9a2f730, 0x0000025ad9a32890, 0x0000025ad9b91280,
0x0000025ad9b91b50, 0x0000025ad9b92420, 0x0000025ad9b92cf0, 0x0000025ad9b939a0,
0x0000025ad9b94360, 0x0000025ad9bce920, 0x0000025ad9ce8370, 0x0000025ad9e09310,
0x0000025adf24d820, 0x0000025adf5c3350, 0x0000025adf74d090, 0x0000025adf5c6a90,
0x0000025adf78d960, 0x0000025adf890720, 0x0000025adf88dea0, 0x0000025adf88d480,
0x0000025adf88f2e0, 0x0000025adf88e3b0, 0x0000025ae1f2a770, 0x0000025ae298c900,
0x0000025ae2fbadc0, 0x0000025ae1407cf0, 0x0000025ae1408710, 0x0000025ae1408200,
0x0000025ae1408c20, 0x0000025ae140aa80, 0x0000025ae1f2ac80, 0x0000025ae1f2c5d0,
0x0000025ae1f28400, 0x0000025ae1f265a0, 0x0000025ae1f2b6a0, 0x0000025ae1f26ab0,
0x0000025ae1f26fc0, 0x0000025ae1f28e20, 0x0000025ae1f26090, 0x0000025ae1f2b190,
0x0000025ae1f2cae0, 0x0000025ae1f2a260, 0x0000025ae1f29330, 0x0000025ae1f2d500,
0x0000025ae1f28910, 0x0000025ae1f274d0, 0x0000025ae1f2c0c0, 0x0000025ae1f27ef0,
0x0000025ae1f29840, 0x0000025ae1f279e0, 0x0000025ae1f29d50, 0x0000025ae1f2cff0,
0x0000025ae1f2da10, 0x0000025ae2fbe570, 0x0000025ae2fbea80, 0x0000025ae2fbd130,
0x0000025ae2fbb7e0, 0x0000025ae2fbc200, 0x0000025ae2fba8b0, 0x0000025ae2fbb2d0,
0x0000025ae2fc08e0, 0x0000025ae2fbd640, 0x0000025ae2fbc710, 0x0000025ae2fbdb50,
0x0000025ae2fbcc20, 0x0000025ae2fbe060, 0x0000025ae2fbef90, 0x0000025ae2fbf4a0,
0x0000025ae2fbf9b0, 0x0000025ae2fbfec0, 0x0000025ae2fc03d0, 0x0000025ae2fc0df0,
0x0000025ae2fb9980, 0x0000025ae298bee0, 0x0000025ae2989b70, 0x0000025ae298a590,
0x0000025ae298afb0, 0x0000025ae2989150, 0x0000025ae298aaa0, 0x0000025ae298a080,
0x0000025ae29905c0, 0x0000025ae298dd40, 0x0000025ae298b9d0, 0x0000025ae298e250,
0x0000025ae298e760, 0x0000025ae2990ad0, 0x0000025ae298ec70, 0x0000025ae298f690,
0x0000025ae2989660, 0x0000025ae298d320, 0x0000025ae298d830, 0x0000025ae298f180,
0x0000025ae298fba0, 0x0000025ae14077e0, 0x0000025ae1409130, 0x0000025ae140a570,
0x0000025ae140a060, 0x0000025ae140af90, 0x0000025ae1409640, 0x0000025ae1409b50,
0x0000025adf88edd0, 0x0000025adf88d990, 0x0000025adf88fd00, 0x0000025adf890210,
0x0000025adf890c30, 0x0000025ae18592a0, 0x0000025ae1854bc0, 0x0000025ae1855af0,
0x0000025ae1859cc0, 0x0000025ae185c540, 0x0000025ae1856000, 0x0000025ae18555e0,
0x0000025ae185abf0, 0x0000025ae1856510, 0x0000025ae1858370, 0x0000025ae18597b0,
0x0000025ae1856a20, 0x0000025ae18550d0, 0x0000025ae1856f30, 0x0000025ae185b100,
0x0000025ae1857440, 0x0000025ae1858880, 0x0000025ae185b610, 0x0000025ae1857950,
0x0000025ae185a1d0, 0x0000025ae1857e60, 0x0000025ae1858d90, 0x0000025ae185a6e0,
0x0000025ae185bb20, 0x0000025ae185c030, 0x0000025adfe82890, 0x0000025adfe86040,
0x0000025adfe81e70, 0x0000025adfe85620, 0x0000025adfe82da0, 0x0000025adfe82380,
0x0000025adfe81960, 0x0000025adfe832b0, 0x0000025adfe80f40, 0x0000025adfe87480,
0x0000025adfe837c0, 0x0000025adfe86550, 0x0000025adfe86f70, 0x0000025adfe85b30,
0x0000025adfe87990, 0x0000025adfe83cd0, 0x0000025adfe841e0, 0x0000025adfe846f0,
0x0000025adfe84c00, 0x0000025adfe86a60, 0x0000025adfe85110, 0x0000025adfe87ea0,
0x0000025adfe883b0, 0x0000025adfe81450, 0x0000025adfe888c0, 0x0000025ae2a58ce0,
0x0000025ae2a56e80, 0x0000025ae2a55f50, 0x0000025ae2a56970, 0x0000025ae2a55020,
0x0000025ae2a582c0, 0x0000025ae2a57390, 0x0000025ae2a53be0, 0x0000025ae2a587d0,
0x0000025ae2a540f0, 0x0000025ae2a531c0, 0x0000025ae2a527a0, 0x0000025ae2a578a0
}

Java Threads: ( => current thread )
  0x0000025abe011070 JavaThread "main" [_thread_blocked, id=26924, stack(0x0000009ae2d00000,0x0000009ae2e00000)]
  0x0000025ad9a2f730 JavaThread "Reference Handler" daemon [_thread_blocked, id=27880, stack(0x0000009ae3400000,0x0000009ae3500000)]
  0x0000025ad9a32890 JavaThread "Finalizer" daemon [_thread_blocked, id=17512, stack(0x0000009ae3500000,0x0000009ae3600000)]
  0x0000025ad9b91280 JavaThread "Signal Dispatcher" daemon [_thread_blocked, id=28464, stack(0x0000009ae3600000,0x0000009ae3700000)]
  0x0000025ad9b91b50 JavaThread "Attach Listener" daemon [_thread_blocked, id=27824, stack(0x0000009ae3700000,0x0000009ae3800000)]
  0x0000025ad9b92420 JavaThread "Service Thread" daemon [_thread_blocked, id=27688, stack(0x0000009ae3800000,0x0000009ae3900000)]
  0x0000025ad9b92cf0 JavaThread "Monitor Deflation Thread" daemon [_thread_blocked, id=27780, stack(0x0000009ae3900000,0x0000009ae3a00000)]
  0x0000025ad9b939a0 JavaThread "C2 CompilerThread0" daemon [_thread_blocked, id=10564, stack(0x0000009ae3a00000,0x0000009ae3b00000)]
  0x0000025ad9b94360 JavaThread "C1 CompilerThread0" daemon [_thread_blocked, id=25920, stack(0x0000009ae3b00000,0x0000009ae3c00000)]
  0x0000025ad9bce920 JavaThread "Sweeper thread" daemon [_thread_blocked, id=8132, stack(0x0000009ae3c00000,0x0000009ae3d00000)]
  0x0000025ad9ce8370 JavaThread "Common-Cleaner" daemon [_thread_blocked, id=27128, stack(0x0000009ae3d00000,0x0000009ae3e00000)]
  0x0000025ad9e09310 JavaThread "Notification Thread" daemon [_thread_blocked, id=8036, stack(0x0000009ae3e00000,0x0000009ae3f00000)]
  0x0000025adf24d820 JavaThread "Daemon health stats" [_thread_blocked, id=20132, stack(0x0000009ae4400000,0x0000009ae4500000)]
  0x0000025adf5c3350 JavaThread "Incoming local TCP Connector on port 57284" [_thread_in_native, id=28184, stack(0x0000009ae4500000,0x0000009ae4600000)]
  0x0000025adf74d090 JavaThread "Daemon periodic checks" [_thread_blocked, id=27908, stack(0x0000009ae4600000,0x0000009ae4700000)]
  0x0000025adf5c6a90 JavaThread "Daemon" [_thread_blocked, id=28036, stack(0x0000009ae4700000,0x0000009ae4800000)]
  0x0000025adf78d960 JavaThread "Daemon worker" [_thread_blocked, id=6340, stack(0x0000009ae4a00000,0x0000009ae4b00000)]
  0x0000025adf890720 JavaThread "Cache worker for journal cache (C:\Users\HP PROBOOK\.gradle\caches\journal-1)" [_thread_blocked, id=18588, stack(0x0000009ae5800000,0x0000009ae5900000)]
  0x0000025adf88dea0 JavaThread "File lock request listener" [_thread_in_native, id=21880, stack(0x0000009ae5900000,0x0000009ae5a00000)]
  0x0000025adf88d480 JavaThread "Cache worker for file hash cache (C:\Users\HP PROBOOK\.gradle\caches\8.14\fileHashes)" [_thread_blocked, id=27832, stack(0x0000009ae5a00000,0x0000009ae5b00000)]
  0x0000025adf88f2e0 JavaThread "File watcher server" daemon [_thread_in_native, id=16156, stack(0x0000009ae5d00000,0x0000009ae5e00000)]
  0x0000025adf88e3b0 JavaThread "File watcher consumer" daemon [_thread_blocked, id=25452, stack(0x0000009ae5e00000,0x0000009ae5f00000)]
  0x0000025ae1f2a770 JavaThread "Cache worker for file content cache (C:\Users\HP PROBOOK\.gradle\caches\8.14\fileContent)" [_thread_blocked, id=24760, stack(0x0000009ae6000000,0x0000009ae6100000)]
  0x0000025ae298c900 JavaThread "Memory manager" [_thread_blocked, id=28244, stack(0x0000009ae9100000,0x0000009ae9200000)]
  0x0000025ae2fbadc0 JavaThread "RMI Scheduler(0)" daemon [_thread_blocked, id=24684, stack(0x0000009ae9300000,0x0000009ae9400000)]
  0x0000025ae1407cf0 JavaThread "RMI RenewClean-[127.0.0.1:17263,org.jetbrains.kotlin.daemon.common.LoopbackNetworkInterface$ClientLoopbackSocketFactory@c785871]" daemon [_thread_blocked, id=20640, stack(0x0000009aed500000,0x0000009aed600000)]
  0x0000025ae1408710 JavaThread "RMI GC Daemon" daemon [_thread_blocked, id=28164, stack(0x0000009aed600000,0x0000009aed700000)]
  0x0000025ae1408200 JavaThread "RMI TCP Accept-0" daemon [_thread_in_native, id=17912, stack(0x0000009aed700000,0x0000009aed800000)]
  0x0000025ae1408c20 JavaThread "RMI Reaper" [_thread_blocked, id=25700, stack(0x0000009aed800000,0x0000009aed900000)]
  0x0000025ae140aa80 JavaThread "RMI TCP Connection(3)-127.0.0.1" daemon [_thread_in_native, id=27764, stack(0x0000009aed900000,0x0000009aeda00000)]
  0x0000025ae1f2ac80 JavaThread "VFS cleanup" [_thread_blocked, id=20200, stack(0x0000009ae2a00000,0x0000009ae2b00000)]
  0x0000025ae1f2c5d0 JavaThread "Handler for socket connection from /127.0.0.1:57284 to /127.0.0.1:57394" [_thread_in_native, id=16952, stack(0x0000009ae2c00000,0x0000009ae2d00000)]
  0x0000025ae1f28400 JavaThread "Cancel handler" [_thread_blocked, id=2596, stack(0x0000009ae4800000,0x0000009ae4900000)]
  0x0000025ae1f265a0 JavaThread "Asynchronous log dispatcher for DefaultDaemonConnection: socket connection from /127.0.0.1:57284 to /127.0.0.1:57394" [_thread_blocked, id=1728, stack(0x0000009ae4900000,0x0000009ae4a00000)]
  0x0000025ae1f2b6a0 JavaThread "Stdin handler" [_thread_blocked, id=21340, stack(0x0000009ae4b00000,0x0000009ae4c00000)]
  0x0000025ae1f26ab0 JavaThread "Daemon client event forwarder" [_thread_blocked, id=6012, stack(0x0000009ae4c00000,0x0000009ae4d00000)]
  0x0000025ae1f26fc0 JavaThread "Cache worker for file hash cache (C:\Users\HP PROBOOK\Desktop\smartcalm\android\.gradle\8.14\fileHashes)" [_thread_blocked, id=18068, stack(0x0000009ae4d00000,0x0000009ae4e00000)]
  0x0000025ae1f28e20 JavaThread "Cache worker for Build Output Cleanup Cache (C:\Users\HP PROBOOK\Desktop\smartcalm\android\.gradle\buildOutputCleanup)" [_thread_blocked, id=27924, stack(0x0000009ae5b00000,0x0000009ae5c00000)]
  0x0000025ae1f26090 JavaThread "Cache worker for checksums cache (C:\Users\HP PROBOOK\Desktop\smartcalm\android\.gradle\8.14\checksums)" [_thread_blocked, id=9268, stack(0x0000009ae5c00000,0x0000009ae5d00000)]
  0x0000025ae1f2b190 JavaThread "Cache worker for cache directory md-supplier (C:\Users\HP PROBOOK\.gradle\caches\8.14\md-supplier)" [_thread_blocked, id=23496, stack(0x0000009ae5f00000,0x0000009ae6000000)]
  0x0000025ae1f2cae0 JavaThread "Cache worker for cache directory md-rule (C:\Users\HP PROBOOK\.gradle\caches\8.14\md-rule)" [_thread_blocked, id=26880, stack(0x0000009ae6100000,0x0000009ae6200000)]
  0x0000025ae1f2a260 JavaThread "Cache worker for Build Output Cleanup Cache (C:\src\flutter\packages\flutter_tools\gradle\.gradle\buildOutputCleanup)" [_thread_blocked, id=17348, stack(0x0000009ae6200000,0x0000009ae6300000)]
  0x0000025ae1f29330 JavaThread "Unconstrained build operations" [_thread_blocked, id=24448, stack(0x0000009ae6300000,0x0000009ae6400000)]
  0x0000025ae1f2d500 JavaThread "Unconstrained build operations Thread 2" [_thread_blocked, id=14228, stack(0x0000009ae6400000,0x0000009ae6500000)]
  0x0000025ae1f28910 JavaThread "Unconstrained build operations Thread 3" [_thread_blocked, id=21060, stack(0x0000009ae6500000,0x0000009ae6600000)]
  0x0000025ae1f274d0 JavaThread "Unconstrained build operations Thread 4" [_thread_blocked, id=28268, stack(0x0000009ae6600000,0x0000009ae6700000)]
  0x0000025ae1f2c0c0 JavaThread "Unconstrained build operations Thread 5" [_thread_blocked, id=14056, stack(0x0000009ae6700000,0x0000009ae6800000)]
  0x0000025ae1f27ef0 JavaThread "Unconstrained build operations Thread 6" [_thread_blocked, id=17612, stack(0x0000009ae6800000,0x0000009ae6900000)]
  0x0000025ae1f29840 JavaThread "Unconstrained build operations Thread 7" [_thread_blocked, id=23968, stack(0x0000009ae6900000,0x0000009ae6a00000)]
  0x0000025ae1f279e0 JavaThread "Unconstrained build operations Thread 8" [_thread_blocked, id=24908, stack(0x0000009ae6a00000,0x0000009ae6b00000)]
  0x0000025ae1f29d50 JavaThread "Unconstrained build operations Thread 9" [_thread_blocked, id=12752, stack(0x0000009ae6b00000,0x0000009ae6c00000)]
  0x0000025ae1f2cff0 JavaThread "Unconstrained build operations Thread 10" [_thread_blocked, id=27928, stack(0x0000009ae6c00000,0x0000009ae6d00000)]
  0x0000025ae1f2da10 JavaThread "Unconstrained build operations Thread 11" [_thread_blocked, id=28144, stack(0x0000009ae6d00000,0x0000009ae6e00000)]
  0x0000025ae2fbe570 JavaThread "Unconstrained build operations Thread 12" [_thread_blocked, id=28636, stack(0x0000009ae6e00000,0x0000009ae6f00000)]
  0x0000025ae2fbea80 JavaThread "Unconstrained build operations Thread 13" [_thread_blocked, id=10440, stack(0x0000009ae6f00000,0x0000009ae7000000)]
  0x0000025ae2fbd130 JavaThread "Unconstrained build operations Thread 14" [_thread_blocked, id=21720, stack(0x0000009ae7000000,0x0000009ae7100000)]
  0x0000025ae2fbb7e0 JavaThread "Unconstrained build operations Thread 15" [_thread_blocked, id=28516, stack(0x0000009ae7100000,0x0000009ae7200000)]
  0x0000025ae2fbc200 JavaThread "Unconstrained build operations Thread 16" [_thread_blocked, id=7420, stack(0x0000009ae7200000,0x0000009ae7300000)]
  0x0000025ae2fba8b0 JavaThread "Unconstrained build operations Thread 17" [_thread_blocked, id=28592, stack(0x0000009ae7300000,0x0000009ae7400000)]
  0x0000025ae2fbb2d0 JavaThread "Unconstrained build operations Thread 18" [_thread_blocked, id=24112, stack(0x0000009ae7400000,0x0000009ae7500000)]
  0x0000025ae2fc08e0 JavaThread "Unconstrained build operations Thread 19" [_thread_blocked, id=28292, stack(0x0000009ae7500000,0x0000009ae7600000)]
  0x0000025ae2fbd640 JavaThread "Unconstrained build operations Thread 20" [_thread_blocked, id=13712, stack(0x0000009ae7600000,0x0000009ae7700000)]
  0x0000025ae2fbc710 JavaThread "Unconstrained build operations Thread 21" [_thread_blocked, id=17732, stack(0x0000009ae7700000,0x0000009ae7800000)]
  0x0000025ae2fbdb50 JavaThread "Unconstrained build operations Thread 22" [_thread_blocked, id=11064, stack(0x0000009ae7800000,0x0000009ae7900000)]
  0x0000025ae2fbcc20 JavaThread "Unconstrained build operations Thread 23" [_thread_blocked, id=4820, stack(0x0000009ae7900000,0x0000009ae7a00000)]
  0x0000025ae2fbe060 JavaThread "Unconstrained build operations Thread 24" [_thread_blocked, id=27812, stack(0x0000009ae7a00000,0x0000009ae7b00000)]
  0x0000025ae2fbef90 JavaThread "Unconstrained build operations Thread 25" [_thread_blocked, id=12768, stack(0x0000009ae7b00000,0x0000009ae7c00000)]
  0x0000025ae2fbf4a0 JavaThread "Unconstrained build operations Thread 26" [_thread_blocked, id=8972, stack(0x0000009ae7c00000,0x0000009ae7d00000)]
  0x0000025ae2fbf9b0 JavaThread "Unconstrained build operations Thread 27" [_thread_blocked, id=10612, stack(0x0000009ae7d00000,0x0000009ae7e00000)]
  0x0000025ae2fbfec0 JavaThread "Unconstrained build operations Thread 28" [_thread_blocked, id=28608, stack(0x0000009ae7e00000,0x0000009ae7f00000)]
  0x0000025ae2fc03d0 JavaThread "Unconstrained build operations Thread 29" [_thread_blocked, id=27920, stack(0x0000009ae7f00000,0x0000009ae8000000)]
  0x0000025ae2fc0df0 JavaThread "Unconstrained build operations Thread 30" [_thread_blocked, id=27748, stack(0x0000009ae8000000,0x0000009ae8100000)]
  0x0000025ae2fb9980 JavaThread "build event listener" [_thread_blocked, id=11728, stack(0x0000009ae8100000,0x0000009ae8200000)]
  0x0000025ae298bee0 JavaThread "included builds" [_thread_blocked, id=11504, stack(0x0000009ae8200000,0x0000009ae8300000)]
  0x0000025ae2989b70 JavaThread "Execution worker" [_thread_blocked, id=7260, stack(0x0000009ae8300000,0x0000009ae8400000)]
  0x0000025ae298a590 JavaThread "Execution worker Thread 2" [_thread_blocked, id=20096, stack(0x0000009ae8400000,0x0000009ae8500000)]
  0x0000025ae298afb0 JavaThread "Execution worker Thread 3" [_thread_blocked, id=11624, stack(0x0000009ae8500000,0x0000009ae8600000)]
  0x0000025ae2989150 JavaThread "Execution worker Thread 4" [_thread_blocked, id=28360, stack(0x0000009ae8600000,0x0000009ae8700000)]
  0x0000025ae298aaa0 JavaThread "Execution worker Thread 5" [_thread_blocked, id=28356, stack(0x0000009ae8700000,0x0000009ae8800000)]
  0x0000025ae298a080 JavaThread "Execution worker Thread 6" [_thread_blocked, id=22560, stack(0x0000009ae8800000,0x0000009ae8900000)]
  0x0000025ae29905c0 JavaThread "Execution worker Thread 7" [_thread_blocked, id=5844, stack(0x0000009ae8900000,0x0000009ae8a00000)]
  0x0000025ae298dd40 JavaThread "Execution worker Thread 8" [_thread_blocked, id=11760, stack(0x0000009ae8a00000,0x0000009ae8b00000)]
  0x0000025ae298b9d0 JavaThread "Execution worker Thread 9" [_thread_blocked, id=10108, stack(0x0000009ae8b00000,0x0000009ae8c00000)]
  0x0000025ae298e250 JavaThread "Execution worker Thread 10" [_thread_blocked, id=28116, stack(0x0000009ae8c00000,0x0000009ae8d00000)]
  0x0000025ae298e760 JavaThread "Execution worker Thread 11" [_thread_blocked, id=15080, stack(0x0000009ae8d00000,0x0000009ae8e00000)]
  0x0000025ae2990ad0 JavaThread "Execution worker Thread 12" [_thread_blocked, id=11736, stack(0x0000009ae8e00000,0x0000009ae8f00000)]
  0x0000025ae298ec70 JavaThread "Execution worker Thread 13" [_thread_blocked, id=14444, stack(0x0000009ae8f00000,0x0000009ae9000000)]
  0x0000025ae298f690 JavaThread "Execution worker Thread 14" [_thread_blocked, id=9088, stack(0x0000009ae9000000,0x0000009ae9100000)]
  0x0000025ae2989660 JavaThread "Execution worker Thread 15" [_thread_blocked, id=25860, stack(0x0000009ae9200000,0x0000009ae9300000)]
  0x0000025ae298d320 JavaThread "Cache worker for execution history cache (C:\src\flutter\packages\flutter_tools\gradle\.gradle\8.14\executionHistory)" [_thread_blocked, id=3780, stack(0x0000009ae9500000,0x0000009ae9600000)]
  0x0000025ae298d830 JavaThread "Unconstrained build operations Thread 31" [_thread_blocked, id=18776, stack(0x0000009ae9600000,0x0000009ae9700000)]
  0x0000025ae298f180 JavaThread "Unconstrained build operations Thread 32" [_thread_blocked, id=27972, stack(0x0000009ae9700000,0x0000009ae9800000)]
  0x0000025ae298fba0 JavaThread "Unconstrained build operations Thread 33" [_thread_blocked, id=28628, stack(0x0000009ae9800000,0x0000009ae9900000)]
  0x0000025ae14077e0 JavaThread "Unconstrained build operations Thread 34" [_thread_blocked, id=11144, stack(0x0000009ae9900000,0x0000009ae9a00000)]
  0x0000025ae1409130 JavaThread "Unconstrained build operations Thread 35" [_thread_blocked, id=19488, stack(0x0000009ae9a00000,0x0000009ae9b00000)]
  0x0000025ae140a570 JavaThread "Unconstrained build operations Thread 36" [_thread_blocked, id=26456, stack(0x0000009ae9b00000,0x0000009ae9c00000)]
  0x0000025ae140a060 JavaThread "Unconstrained build operations Thread 37" [_thread_blocked, id=28136, stack(0x0000009ae9c00000,0x0000009ae9d00000)]
  0x0000025ae140af90 JavaThread "Unconstrained build operations Thread 38" [_thread_blocked, id=4348, stack(0x0000009ae9d00000,0x0000009ae9e00000)]
  0x0000025ae1409640 JavaThread "Unconstrained build operations Thread 39" [_thread_blocked, id=21144, stack(0x0000009ae9e00000,0x0000009ae9f00000)]
  0x0000025ae1409b50 JavaThread "Unconstrained build operations Thread 40" [_thread_blocked, id=10144, stack(0x0000009ae9f00000,0x0000009aea000000)]
  0x0000025adf88edd0 JavaThread "Unconstrained build operations Thread 41" [_thread_blocked, id=28220, stack(0x0000009aea000000,0x0000009aea100000)]
  0x0000025adf88d990 JavaThread "Unconstrained build operations Thread 42" [_thread_blocked, id=20660, stack(0x0000009aea100000,0x0000009aea200000)]
  0x0000025adf88fd00 JavaThread "Unconstrained build operations Thread 43" [_thread_blocked, id=28032, stack(0x0000009aea200000,0x0000009aea300000)]
  0x0000025adf890210 JavaThread "Unconstrained build operations Thread 44" [_thread_blocked, id=28028, stack(0x0000009aea300000,0x0000009aea400000)]
  0x0000025adf890c30 JavaThread "Unconstrained build operations Thread 45" [_thread_blocked, id=23752, stack(0x0000009aea400000,0x0000009aea500000)]
  0x0000025ae18592a0 JavaThread "Unconstrained build operations Thread 46" [_thread_blocked, id=27728, stack(0x0000009aea500000,0x0000009aea600000)]
  0x0000025ae1854bc0 JavaThread "Unconstrained build operations Thread 47" [_thread_blocked, id=26788, stack(0x0000009aea600000,0x0000009aea700000)]
  0x0000025ae1855af0 JavaThread "Unconstrained build operations Thread 48" [_thread_blocked, id=27960, stack(0x0000009aea700000,0x0000009aea800000)]
  0x0000025ae1859cc0 JavaThread "Unconstrained build operations Thread 49" [_thread_blocked, id=28024, stack(0x0000009aea800000,0x0000009aea900000)]
  0x0000025ae185c540 JavaThread "Unconstrained build operations Thread 50" [_thread_blocked, id=21556, stack(0x0000009aea900000,0x0000009aeaa00000)]
  0x0000025ae1856000 JavaThread "Unconstrained build operations Thread 51" [_thread_blocked, id=28436, stack(0x0000009aeaa00000,0x0000009aeab00000)]
  0x0000025ae18555e0 JavaThread "Unconstrained build operations Thread 52" [_thread_blocked, id=9576, stack(0x0000009aeab00000,0x0000009aeac00000)]
  0x0000025ae185abf0 JavaThread "Unconstrained build operations Thread 53" [_thread_blocked, id=27828, stack(0x0000009aeac00000,0x0000009aead00000)]
  0x0000025ae1856510 JavaThread "Unconstrained build operations Thread 54" [_thread_blocked, id=12796, stack(0x0000009aead00000,0x0000009aeae00000)]
  0x0000025ae1858370 JavaThread "Unconstrained build operations Thread 55" [_thread_blocked, id=11020, stack(0x0000009aeae00000,0x0000009aeaf00000)]
  0x0000025ae18597b0 JavaThread "Unconstrained build operations Thread 56" [_thread_blocked, id=25840, stack(0x0000009aeaf00000,0x0000009aeb000000)]
  0x0000025ae1856a20 JavaThread "Unconstrained build operations Thread 57" [_thread_blocked, id=16400, stack(0x0000009aeb000000,0x0000009aeb100000)]
  0x0000025ae18550d0 JavaThread "Unconstrained build operations Thread 58" [_thread_blocked, id=22044, stack(0x0000009aeb100000,0x0000009aeb200000)]
  0x0000025ae1856f30 JavaThread "Unconstrained build operations Thread 59" [_thread_blocked, id=28520, stack(0x0000009aeb200000,0x0000009aeb300000)]
  0x0000025ae185b100 JavaThread "Unconstrained build operations Thread 60" [_thread_blocked, id=21784, stack(0x0000009aeb300000,0x0000009aeb400000)]
  0x0000025ae1857440 JavaThread "Unconstrained build operations Thread 61" [_thread_blocked, id=12364, stack(0x0000009aeb400000,0x0000009aeb500000)]
  0x0000025ae1858880 JavaThread "Unconstrained build operations Thread 62" [_thread_blocked, id=12412, stack(0x0000009aeb500000,0x0000009aeb600000)]
  0x0000025ae185b610 JavaThread "WorkerExecutor Queue" [_thread_blocked, id=19800, stack(0x0000009aeb600000,0x0000009aeb700000)]
  0x0000025ae1857950 JavaThread "Unconstrained build operations Thread 63" [_thread_blocked, id=28632, stack(0x0000009aeb700000,0x0000009aeb800000)]
  0x0000025ae185a1d0 JavaThread "Unconstrained build operations Thread 64" [_thread_blocked, id=11492, stack(0x0000009aeb800000,0x0000009aeb900000)]
  0x0000025ae1857e60 JavaThread "Unconstrained build operations Thread 65" [_thread_blocked, id=22636, stack(0x0000009aeb900000,0x0000009aeba00000)]
  0x0000025ae1858d90 JavaThread "Unconstrained build operations Thread 66" [_thread_blocked, id=27672, stack(0x0000009aeba00000,0x0000009aebb00000)]
  0x0000025ae185a6e0 JavaThread "Unconstrained build operations Thread 67" [_thread_blocked, id=22624, stack(0x0000009aebb00000,0x0000009aebc00000)]
  0x0000025ae185bb20 JavaThread "Unconstrained build operations Thread 68" [_thread_blocked, id=10456, stack(0x0000009aebc00000,0x0000009aebd00000)]
  0x0000025ae185c030 JavaThread "Unconstrained build operations Thread 69" [_thread_blocked, id=14308, stack(0x0000009aebd00000,0x0000009aebe00000)]
  0x0000025adfe82890 JavaThread "Unconstrained build operations Thread 70" [_thread_blocked, id=27740, stack(0x0000009aebe00000,0x0000009aebf00000)]
  0x0000025adfe86040 JavaThread "Unconstrained build operations Thread 71" [_thread_blocked, id=7560, stack(0x0000009aebf00000,0x0000009aec000000)]
  0x0000025adfe81e70 JavaThread "Unconstrained build operations Thread 72" [_thread_blocked, id=28428, stack(0x0000009aec000000,0x0000009aec100000)]
  0x0000025adfe85620 JavaThread "Unconstrained build operations Thread 73" [_thread_blocked, id=27868, stack(0x0000009aec100000,0x0000009aec200000)]
  0x0000025adfe82da0 JavaThread "Unconstrained build operations Thread 74" [_thread_blocked, id=23524, stack(0x0000009aec200000,0x0000009aec300000)]
  0x0000025adfe82380 JavaThread "Unconstrained build operations Thread 75" [_thread_blocked, id=17324, stack(0x0000009aec300000,0x0000009aec400000)]
  0x0000025adfe81960 JavaThread "Unconstrained build operations Thread 76" [_thread_blocked, id=27020, stack(0x0000009aec400000,0x0000009aec500000)]
  0x0000025adfe832b0 JavaThread "Unconstrained build operations Thread 77" [_thread_blocked, id=28232, stack(0x0000009aec500000,0x0000009aec600000)]
  0x0000025adfe80f40 JavaThread "Unconstrained build operations Thread 78" [_thread_blocked, id=17220, stack(0x0000009aec600000,0x0000009aec700000)]
  0x0000025adfe87480 JavaThread "Unconstrained build operations Thread 79" [_thread_blocked, id=18940, stack(0x0000009aec700000,0x0000009aec800000)]
  0x0000025adfe837c0 JavaThread "Unconstrained build operations Thread 80" [_thread_blocked, id=4892, stack(0x0000009aec800000,0x0000009aec900000)]
  0x0000025adfe86550 JavaThread "Unconstrained build operations Thread 81" [_thread_blocked, id=11748, stack(0x0000009aec900000,0x0000009aeca00000)]
  0x0000025adfe86f70 JavaThread "Unconstrained build operations Thread 82" [_thread_blocked, id=18720, stack(0x0000009aeca00000,0x0000009aecb00000)]
  0x0000025adfe85b30 JavaThread "Unconstrained build operations Thread 83" [_thread_blocked, id=28456, stack(0x0000009aecb00000,0x0000009aecc00000)]
  0x0000025adfe87990 JavaThread "Unconstrained build operations Thread 84" [_thread_blocked, id=1744, stack(0x0000009aecc00000,0x0000009aecd00000)]
  0x0000025adfe83cd0 JavaThread "Unconstrained build operations Thread 85" [_thread_blocked, id=27820, stack(0x0000009aecd00000,0x0000009aece00000)]
  0x0000025adfe841e0 JavaThread "Unconstrained build operations Thread 86" [_thread_blocked, id=15436, stack(0x0000009aece00000,0x0000009aecf00000)]
  0x0000025adfe846f0 JavaThread "Unconstrained build operations Thread 87" [_thread_blocked, id=28600, stack(0x0000009aecf00000,0x0000009aed000000)]
  0x0000025adfe84c00 JavaThread "Unconstrained build operations Thread 88" [_thread_blocked, id=4804, stack(0x0000009aed000000,0x0000009aed100000)]
  0x0000025adfe86a60 JavaThread "Unconstrained build operations Thread 89" [_thread_blocked, id=18740, stack(0x0000009aed100000,0x0000009aed200000)]
  0x0000025adfe85110 JavaThread "Unconstrained build operations Thread 90" [_thread_blocked, id=28452, stack(0x0000009aed200000,0x0000009aed300000)]
  0x0000025adfe87ea0 JavaThread "Unconstrained build operations Thread 91" [_thread_blocked, id=10692, stack(0x0000009aed300000,0x0000009aed400000)]
  0x0000025adfe883b0 JavaThread "Unconstrained build operations Thread 92" [_thread_blocked, id=28408, stack(0x0000009aed400000,0x0000009aed500000)]
  0x0000025adfe81450 JavaThread "Unconstrained build operations Thread 93" [_thread_blocked, id=21084, stack(0x0000009aedb00000,0x0000009aedc00000)]
  0x0000025adfe888c0 JavaThread "Unconstrained build operations Thread 94" [_thread_blocked, id=28100, stack(0x0000009aedc00000,0x0000009aedd00000)]
  0x0000025ae2a58ce0 JavaThread "Unconstrained build operations Thread 95" [_thread_blocked, id=5848, stack(0x0000009aedd00000,0x0000009aede00000)]
  0x0000025ae2a56e80 JavaThread "Unconstrained build operations Thread 96" [_thread_blocked, id=15224, stack(0x0000009aede00000,0x0000009aedf00000)]
  0x0000025ae2a55f50 JavaThread "Unconstrained build operations Thread 97" [_thread_blocked, id=28004, stack(0x0000009aedf00000,0x0000009aee000000)]
  0x0000025ae2a56970 JavaThread "Unconstrained build operations Thread 98" [_thread_blocked, id=20776, stack(0x0000009aee000000,0x0000009aee100000)]
  0x0000025ae2a55020 JavaThread "Unconstrained build operations Thread 99" [_thread_blocked, id=23036, stack(0x0000009aee100000,0x0000009aee200000)]
  0x0000025ae2a582c0 JavaThread "Unconstrained build operations Thread 100" [_thread_blocked, id=17340, stack(0x0000009aee200000,0x0000009aee300000)]
  0x0000025ae2a57390 JavaThread "Unconstrained build operations Thread 101" [_thread_blocked, id=25300, stack(0x0000009aee300000,0x0000009aee400000)]
  0x0000025ae2a53be0 JavaThread "Unconstrained build operations Thread 102" [_thread_blocked, id=26576, stack(0x0000009aee400000,0x0000009aee500000)]
  0x0000025ae2a587d0 JavaThread "Unconstrained build operations Thread 103" [_thread_blocked, id=19352, stack(0x0000009aee500000,0x0000009aee600000)]
  0x0000025ae2a540f0 JavaThread "Unconstrained build operations Thread 104" [_thread_blocked, id=3548, stack(0x0000009aee600000,0x0000009aee700000)]
  0x0000025ae2a531c0 JavaThread "Unconstrained build operations Thread 105" [_thread_blocked, id=7792, stack(0x0000009aee700000,0x0000009aee800000)]
  0x0000025ae2a527a0 JavaThread "Unconstrained build operations Thread 106" [_thread_blocked, id=28140, stack(0x0000009aee800000,0x0000009aee900000)]
  0x0000025ae2a578a0 JavaThread "Unconstrained build operations Thread 107" [_thread_blocked, id=1912, stack(0x0000009aee900000,0x0000009aeea00000)]

Other Threads:
=>0x0000025ad99d3a30 VMThread "VM Thread" [stack: 0x0000009ae3300000,0x0000009ae3400000] [id=28480]
  0x0000025abe011ca0 WatcherThread [stack: 0x0000009ae3f00000,0x0000009ae4000000] [id=25088]
  0x0000025abe06ea80 GCTaskThread "GC Thread#0" [stack: 0x0000009ae2e00000,0x0000009ae2f00000] [id=16312]
  0x0000025ade23bbb0 GCTaskThread "GC Thread#1" [stack: 0x0000009ae4000000,0x0000009ae4100000] [id=28640]
  0x0000025ade12f480 GCTaskThread "GC Thread#2" [stack: 0x0000009ae4100000,0x0000009ae4200000] [id=14948]
  0x0000025adee62dc0 GCTaskThread "GC Thread#3" [stack: 0x0000009ae4200000,0x0000009ae4300000] [id=8256]
  0x0000025adee63080 GCTaskThread "GC Thread#4" [stack: 0x0000009ae4300000,0x0000009ae4400000] [id=27256]
  0x0000025adfb2c430 GCTaskThread "GC Thread#5" [stack: 0x0000009ae4e00000,0x0000009ae4f00000] [id=11216]
  0x0000025adf7cf470 GCTaskThread "GC Thread#6" [stack: 0x0000009ae4f00000,0x0000009ae5000000] [id=26544]
  0x0000025adf5edc50 GCTaskThread "GC Thread#7" [stack: 0x0000009ae5000000,0x0000009ae5100000] [id=21576]
  0x0000025adf8c2b20 GCTaskThread "GC Thread#8" [stack: 0x0000009ae5100000,0x0000009ae5200000] [id=18132]
  0x0000025adf8c2de0 GCTaskThread "GC Thread#9" [stack: 0x0000009ae5200000,0x0000009ae5300000] [id=28044]
  0x0000025adf99e0a0 GCTaskThread "GC Thread#10" [stack: 0x0000009ae5300000,0x0000009ae5400000] [id=28320]
  0x0000025adf95b040 GCTaskThread "GC Thread#11" [stack: 0x0000009ae5400000,0x0000009ae5500000] [id=14720]
  0x0000025adf95b300 GCTaskThread "GC Thread#12" [stack: 0x0000009ae5500000,0x0000009ae5600000] [id=15212]
  0x0000025abe07f780 ConcurrentGCThread "G1 Main Marker" [stack: 0x0000009ae2f00000,0x0000009ae3000000] [id=5896]
  0x0000025abe07ff50 ConcurrentGCThread "G1 Conc#0" [stack: 0x0000009ae3000000,0x0000009ae3100000] [id=28304]
  0x0000025adf97b940 ConcurrentGCThread "G1 Conc#1" [stack: 0x0000009ae5600000,0x0000009ae5700000] [id=18304]
  0x0000025adf97bc00 ConcurrentGCThread "G1 Conc#2" [stack: 0x0000009ae5700000,0x0000009ae5800000] [id=28488]
  0x0000025ad9886130 ConcurrentGCThread "G1 Refine#0" [stack: 0x0000009ae3100000,0x0000009ae3200000] [id=27996]
  0x0000025ad9886910 ConcurrentGCThread "G1 Service" [stack: 0x0000009ae3200000,0x0000009ae3300000] [id=28460]

Threads with active compile tasks:
C2 CompilerThread0   122213 13580       4       org.gradle.internal.instantiation.generator.AbstractClassGenerator$PropertyMetadata$$Lambda$138/0x00000001002c25a8::get (12 bytes)

VM state: at safepoint (normal execution)

VM Mutex/Monitor currently owned by a thread:  ([mutex/lock_event])
[0x0000025abe00c960] Threads_lock - owner thread: 0x0000025ad99d3a30
[0x0000025abe00d530] Heap_lock - owner thread: 0x0000025adf78d960

Heap address: 0x0000000080000000, size: 2048 MB, Compressed Oops mode: 32-bit

CDS archive(s) not mapped
Compressed class space mapped at: 0x0000000100000000-0x000000011a000000, reserved size: 436207616
Narrow klass base: 0x0000000000000000, Narrow klass shift: 3, Narrow klass range: 0x11a000000

GC Precious Log:
 CPUs: 16 total, 16 available
 Memory: 7489M
 Large Page Support: Disabled
 NUMA Support: Disabled
 Compressed Oops: Enabled (32-bit)
 Heap Region Size: 1M
 Heap Min Capacity: 8M
 Heap Initial Capacity: 118M
 Heap Max Capacity: 2G
 Pre-touch: Disabled
 Parallel Workers: 13
 Concurrent Workers: 3
 Concurrent Refinement Workers: 13
 Periodic GC: Disabled

Heap:
 garbage-first heap   total 196608K, used 101327K [0x0000000080000000, 0x0000000100000000)
  region size 1024K, 3 young (3072K), 3 survivors (3072K)
 Metaspace       used 96388K, committed 97280K, reserved 557056K
  class space    used 13201K, committed 13632K, reserved 425984K

Heap Regions: E=young(eden), S=young(survivor), O=old, HS=humongous(starts), HC=humongous(continues), CS=collection set, F=free, OA=open archive, CA=closed archive, TAMS=top-at-mark-start (previous, next)
|   0|0x0000000080000000, 0x0000000080100000, 0x0000000080100000|100%|HS|  |TAMS 0x0000000080100000, 0x0000000080100000| Complete 
|   1|0x0000000080100000, 0x0000000080200000, 0x0000000080200000|100%|HC|  |TAMS 0x0000000080200000, 0x0000000080200000| Complete 
|   2|0x0000000080200000, 0x0000000080300000, 0x0000000080300000|100%|HC|  |TAMS 0x0000000080300000, 0x0000000080300000| Complete 
|   3|0x0000000080300000, 0x0000000080400000, 0x0000000080400000|100%| O|  |TAMS 0x0000000080400000, 0x0000000080400000| Untracked 
|   4|0x0000000080400000, 0x0000000080500000, 0x0000000080500000|100%| O|  |TAMS 0x0000000080500000, 0x0000000080500000| Untracked 
|   5|0x0000000080500000, 0x0000000080600000, 0x0000000080600000|100%| O|  |TAMS 0x0000000080600000, 0x0000000080600000| Untracked 
|   6|0x0000000080600000, 0x0000000080700000, 0x0000000080700000|100%|HS|  |TAMS 0x0000000080700000, 0x0000000080700000| Complete 
|   7|0x0000000080700000, 0x0000000080800000, 0x0000000080800000|100%| O|  |TAMS 0x0000000080800000, 0x0000000080800000| Untracked 
|   8|0x0000000080800000, 0x0000000080900000, 0x0000000080900000|100%| O|  |TAMS 0x0000000080900000, 0x0000000080900000| Untracked 
|   9|0x0000000080900000, 0x0000000080a00000, 0x0000000080a00000|100%| O|  |TAMS 0x0000000080a00000, 0x0000000080a00000| Untracked 
|  10|0x0000000080a00000, 0x0000000080b00000, 0x0000000080b00000|100%| O|  |TAMS 0x0000000080b00000, 0x0000000080b00000| Untracked 
|  11|0x0000000080b00000, 0x0000000080c00000, 0x0000000080c00000|100%| O|  |TAMS 0x0000000080c00000, 0x0000000080c00000| Untracked 
|  12|0x0000000080c00000, 0x0000000080d00000, 0x0000000080d00000|100%| O|  |TAMS 0x0000000080d00000, 0x0000000080d00000| Untracked 
|  13|0x0000000080d00000, 0x0000000080e00000, 0x0000000080e00000|100%| O|  |TAMS 0x0000000080e00000, 0x0000000080e00000| Untracked 
|  14|0x0000000080e00000, 0x0000000080f00000, 0x0000000080f00000|100%| O|  |TAMS 0x0000000080f00000, 0x0000000080f00000| Untracked 
|  15|0x0000000080f00000, 0x0000000081000000, 0x0000000081000000|100%| O|  |TAMS 0x0000000081000000, 0x0000000081000000| Untracked 
|  16|0x0000000081000000, 0x0000000081100000, 0x0000000081100000|100%| O|  |TAMS 0x0000000081100000, 0x0000000081100000| Untracked 
|  17|0x0000000081100000, 0x0000000081200000, 0x0000000081200000|100%| O|  |TAMS 0x0000000081200000, 0x0000000081200000| Untracked 
|  18|0x0000000081200000, 0x0000000081300000, 0x0000000081300000|100%| O|  |TAMS 0x0000000081300000, 0x0000000081300000| Untracked 
|  19|0x0000000081300000, 0x0000000081400000, 0x0000000081400000|100%| O|  |TAMS 0x0000000081400000, 0x0000000081400000| Untracked 
|  20|0x0000000081400000, 0x0000000081500000, 0x0000000081500000|100%| O|  |TAMS 0x0000000081500000, 0x0000000081500000| Untracked 
|  21|0x0000000081500000, 0x0000000081600000, 0x0000000081600000|100%| O|  |TAMS 0x0000000081600000, 0x0000000081600000| Untracked 
|  22|0x0000000081600000, 0x0000000081700000, 0x0000000081700000|100%| O|  |TAMS 0x0000000081700000, 0x0000000081700000| Untracked 
|  23|0x0000000081700000, 0x0000000081800000, 0x0000000081800000|100%|HS|  |TAMS 0x0000000081800000, 0x0000000081800000| Complete 
|  24|0x0000000081800000, 0x0000000081800000, 0x0000000081900000|  0%| F|  |TAMS 0x0000000081800000, 0x0000000081800000| Untracked 
|  25|0x0000000081900000, 0x0000000081a00000, 0x0000000081a00000|100%| O|  |TAMS 0x0000000081a00000, 0x0000000081a00000| Untracked 
|  26|0x0000000081a00000, 0x0000000081b00000, 0x0000000081b00000|100%| O|  |TAMS 0x0000000081b00000, 0x0000000081b00000| Untracked 
|  27|0x0000000081b00000, 0x0000000081c00000, 0x0000000081c00000|100%| O|  |TAMS 0x0000000081c00000, 0x0000000081c00000| Untracked 
|  28|0x0000000081c00000, 0x0000000081d00000, 0x0000000081d00000|100%| O|  |TAMS 0x0000000081d00000, 0x0000000081d00000| Untracked 
|  29|0x0000000081d00000, 0x0000000081e00000, 0x0000000081e00000|100%| O|  |TAMS 0x0000000081e00000, 0x0000000081e00000| Untracked 
|  30|0x0000000081e00000, 0x0000000081f00000, 0x0000000081f00000|100%| O|  |TAMS 0x0000000081f00000, 0x0000000081f00000| Untracked 
|  31|0x0000000081f00000, 0x0000000082000000, 0x0000000082000000|100%| O|  |TAMS 0x0000000082000000, 0x0000000082000000| Untracked 
|  32|0x0000000082000000, 0x0000000082100000, 0x0000000082100000|100%| O|  |TAMS 0x0000000082100000, 0x0000000082100000| Untracked 
|  33|0x0000000082100000, 0x0000000082200000, 0x0000000082200000|100%| O|  |TAMS 0x0000000082200000, 0x0000000082200000| Untracked 
|  34|0x0000000082200000, 0x0000000082300000, 0x0000000082300000|100%| O|  |TAMS 0x0000000082300000, 0x0000000082300000| Untracked 
|  35|0x0000000082300000, 0x0000000082400000, 0x0000000082400000|100%| O|  |TAMS 0x0000000082400000, 0x0000000082400000| Untracked 
|  36|0x0000000082400000, 0x0000000082400000, 0x0000000082500000|  0%| F|  |TAMS 0x0000000082400000, 0x0000000082400000| Untracked 
|  37|0x0000000082500000, 0x0000000082600000, 0x0000000082600000|100%| O|  |TAMS 0x0000000082600000, 0x0000000082600000| Untracked 
|  38|0x0000000082600000, 0x0000000082700000, 0x0000000082700000|100%| O|  |TAMS 0x0000000082700000, 0x0000000082700000| Untracked 
|  39|0x0000000082700000, 0x0000000082800000, 0x0000000082800000|100%|HS|  |TAMS 0x0000000082800000, 0x0000000082800000| Complete 
|  40|0x0000000082800000, 0x0000000082900000, 0x0000000082900000|100%|HC|  |TAMS 0x0000000082900000, 0x0000000082900000| Complete 
|  41|0x0000000082900000, 0x0000000082a00000, 0x0000000082a00000|100%|HS|  |TAMS 0x0000000082a00000, 0x0000000082a00000| Complete 
|  42|0x0000000082a00000, 0x0000000082b00000, 0x0000000082b00000|100%|HC|  |TAMS 0x0000000082b00000, 0x0000000082b00000| Complete 
|  43|0x0000000082b00000, 0x0000000082c00000, 0x0000000082c00000|100%| O|  |TAMS 0x0000000082c00000, 0x0000000082c00000| Untracked 
|  44|0x0000000082c00000, 0x0000000082d00000, 0x0000000082d00000|100%| O|  |TAMS 0x0000000082d00000, 0x0000000082d00000| Untracked 
|  45|0x0000000082d00000, 0x0000000082e00000, 0x0000000082e00000|100%|HS|  |TAMS 0x0000000082e00000, 0x0000000082e00000| Complete 
|  46|0x0000000082e00000, 0x0000000082f00000, 0x0000000082f00000|100%|HC|  |TAMS 0x0000000082f00000, 0x0000000082f00000| Complete 
|  47|0x0000000082f00000, 0x0000000083000000, 0x0000000083000000|100%|HC|  |TAMS 0x0000000083000000, 0x0000000083000000| Complete 
|  48|0x0000000083000000, 0x0000000083100000, 0x0000000083100000|100%| O|  |TAMS 0x0000000083100000, 0x0000000083100000| Untracked 
|  49|0x0000000083100000, 0x0000000083200000, 0x0000000083200000|100%| O|  |TAMS 0x0000000083200000, 0x0000000083200000| Untracked 
|  50|0x0000000083200000, 0x0000000083300000, 0x0000000083300000|100%| O|  |TAMS 0x0000000083300000, 0x0000000083300000| Untracked 
|  51|0x0000000083300000, 0x0000000083400000, 0x0000000083400000|100%|HS|  |TAMS 0x0000000083400000, 0x0000000083400000| Complete 
|  52|0x0000000083400000, 0x0000000083500000, 0x0000000083500000|100%|HC|  |TAMS 0x0000000083500000, 0x0000000083500000| Complete 
|  53|0x0000000083500000, 0x0000000083600000, 0x0000000083600000|100%|HC|  |TAMS 0x0000000083600000, 0x0000000083600000| Complete 
|  54|0x0000000083600000, 0x0000000083700000, 0x0000000083700000|100%| O|  |TAMS 0x0000000083700000, 0x0000000083700000| Untracked 
|  55|0x0000000083700000, 0x0000000083800000, 0x0000000083800000|100%| O|  |TAMS 0x0000000083800000, 0x0000000083800000| Untracked 
|  56|0x0000000083800000, 0x0000000083900000, 0x0000000083900000|100%| O|  |TAMS 0x0000000083900000, 0x0000000083900000| Untracked 
|  57|0x0000000083900000, 0x0000000083a00000, 0x0000000083a00000|100%| O|  |TAMS 0x0000000083a00000, 0x0000000083a00000| Untracked 
|  58|0x0000000083a00000, 0x0000000083b00000, 0x0000000083b00000|100%| O|  |TAMS 0x0000000083b00000, 0x0000000083b00000| Untracked 
|  59|0x0000000083b00000, 0x0000000083c00000, 0x0000000083c00000|100%| O|  |TAMS 0x0000000083c00000, 0x0000000083c00000| Untracked 
|  60|0x0000000083c00000, 0x0000000083d00000, 0x0000000083d00000|100%|HS|  |TAMS 0x0000000083d00000, 0x0000000083d00000| Complete 
|  61|0x0000000083d00000, 0x0000000083e00000, 0x0000000083e00000|100%| O|  |TAMS 0x0000000083e00000, 0x0000000083e00000| Untracked 
|  62|0x0000000083e00000, 0x0000000083f00000, 0x0000000083f00000|100%|HS|  |TAMS 0x0000000083f00000, 0x0000000083f00000| Complete 
|  63|0x0000000083f00000, 0x0000000084000000, 0x0000000084000000|100%| O|  |TAMS 0x0000000084000000, 0x0000000084000000| Untracked 
|  64|0x0000000084000000, 0x0000000084100000, 0x0000000084100000|100%| O|  |TAMS 0x0000000084100000, 0x0000000084100000| Untracked 
|  65|0x0000000084100000, 0x0000000084100000, 0x0000000084200000|  0%| F|  |TAMS 0x0000000084100000, 0x0000000084100000| Untracked 
|  66|0x0000000084200000, 0x0000000084300000, 0x0000000084300000|100%| O|  |TAMS 0x0000000084300000, 0x0000000084300000| Untracked 
|  67|0x0000000084300000, 0x0000000084400000, 0x0000000084400000|100%| O|  |TAMS 0x0000000084400000, 0x0000000084400000| Untracked 
|  68|0x0000000084400000, 0x0000000084500000, 0x0000000084500000|100%| O|  |TAMS 0x0000000084500000, 0x0000000084500000| Untracked 
|  69|0x0000000084500000, 0x0000000084600000, 0x0000000084600000|100%| O|  |TAMS 0x0000000084600000, 0x0000000084600000| Untracked 
|  70|0x0000000084600000, 0x0000000084700000, 0x0000000084700000|100%| O|  |TAMS 0x0000000084700000, 0x0000000084700000| Untracked 
|  71|0x0000000084700000, 0x0000000084800000, 0x0000000084800000|100%| O|  |TAMS 0x0000000084800000, 0x0000000084800000| Untracked 
|  72|0x0000000084800000, 0x0000000084900000, 0x0000000084900000|100%| O|  |TAMS 0x0000000084900000, 0x0000000084900000| Untracked 
|  73|0x0000000084900000, 0x0000000084a00000, 0x0000000084a00000|100%| O|  |TAMS 0x0000000084a00000, 0x0000000084a00000| Untracked 
|  74|0x0000000084a00000, 0x0000000084b00000, 0x0000000084b00000|100%| O|  |TAMS 0x0000000084b00000, 0x0000000084b00000| Untracked 
|  75|0x0000000084b00000, 0x0000000084c00000, 0x0000000084c00000|100%| O|  |TAMS 0x0000000084c00000, 0x0000000084c00000| Untracked 
|  76|0x0000000084c00000, 0x0000000084d00000, 0x0000000084d00000|100%| O|  |TAMS 0x0000000084d00000, 0x0000000084d00000| Untracked 
|  77|0x0000000084d00000, 0x0000000084e00000, 0x0000000084e00000|100%| O|  |TAMS 0x0000000084e00000, 0x0000000084e00000| Untracked 
|  78|0x0000000084e00000, 0x0000000084f00000, 0x0000000084f00000|100%| O|  |TAMS 0x0000000084f00000, 0x0000000084f00000| Untracked 
|  79|0x0000000084f00000, 0x0000000085000000, 0x0000000085000000|100%| O|  |TAMS 0x0000000085000000, 0x0000000085000000| Untracked 
|  80|0x0000000085000000, 0x0000000085100000, 0x0000000085100000|100%| O|  |TAMS 0x0000000085032000, 0x0000000085100000| Untracked 
|  81|0x0000000085100000, 0x0000000085200000, 0x0000000085200000|100%|HS|  |TAMS 0x0000000085200000, 0x0000000085200000| Complete 
|  82|0x0000000085200000, 0x0000000085300000, 0x0000000085300000|100%|HC|  |TAMS 0x0000000085300000, 0x0000000085300000| Complete 
|  83|0x0000000085300000, 0x0000000085400000, 0x0000000085400000|100%|HS|  |TAMS 0x0000000085400000, 0x0000000085400000| Complete 
|  84|0x0000000085400000, 0x0000000085500000, 0x0000000085500000|100%|HS|  |TAMS 0x0000000085500000, 0x0000000085500000| Complete 
|  85|0x0000000085500000, 0x0000000085600000, 0x0000000085600000|100%|HC|  |TAMS 0x0000000085600000, 0x0000000085600000| Complete 
|  86|0x0000000085600000, 0x0000000085700000, 0x0000000085700000|100%| O|  |TAMS 0x0000000085600000, 0x0000000085700000| Untracked 
|  87|0x0000000085700000, 0x0000000085800000, 0x0000000085800000|100%| O|  |TAMS 0x0000000085700000, 0x0000000085800000| Untracked 
|  88|0x0000000085800000, 0x0000000085900000, 0x0000000085900000|100%| O|  |TAMS 0x0000000085800000, 0x0000000085900000| Untracked 
|  89|0x0000000085900000, 0x0000000085a00000, 0x0000000085a00000|100%| O|  |TAMS 0x0000000085900000, 0x0000000085a00000| Untracked 
|  90|0x0000000085a00000, 0x0000000085b00000, 0x0000000085b00000|100%| O|  |TAMS 0x0000000085a00000, 0x0000000085b00000| Untracked 
|  91|0x0000000085b00000, 0x0000000085c00000, 0x0000000085c00000|100%| O|  |TAMS 0x0000000085b00000, 0x0000000085c00000| Untracked 
|  92|0x0000000085c00000, 0x0000000085d00000, 0x0000000085d00000|100%| O|  |TAMS 0x0000000085c00000, 0x0000000085d00000| Untracked 
|  93|0x0000000085d00000, 0x0000000085e00000, 0x0000000085e00000|100%| O|  |TAMS 0x0000000085d00000, 0x0000000085e00000| Untracked 
|  94|0x0000000085e00000, 0x0000000085f00000, 0x0000000085f00000|100%|HS|  |TAMS 0x0000000085e00000, 0x0000000085f00000| Complete 
|  95|0x0000000085f00000, 0x0000000086000000, 0x0000000086000000|100%|HS|  |TAMS 0x0000000085f00000, 0x0000000086000000| Complete 
|  96|0x0000000086000000, 0x0000000086100000, 0x0000000086100000|100%| O|  |TAMS 0x0000000086000000, 0x0000000086100000| Untracked 
|  97|0x0000000086100000, 0x0000000086200000, 0x0000000086200000|100%| O|  |TAMS 0x0000000086100000, 0x0000000086200000| Untracked 
|  98|0x0000000086200000, 0x0000000086300000, 0x0000000086300000|100%| O|  |TAMS 0x0000000086200000, 0x0000000086300000| Untracked 
|  99|0x0000000086300000, 0x000000008636fe00, 0x0000000086400000| 43%| O|  |TAMS 0x0000000086300000, 0x000000008636fe00| Untracked 
| 100|0x0000000086400000, 0x0000000086400000, 0x0000000086500000|  0%| F|  |TAMS 0x0000000086400000, 0x0000000086400000| Untracked 
| 101|0x0000000086500000, 0x0000000086500000, 0x0000000086600000|  0%| F|  |TAMS 0x0000000086500000, 0x0000000086500000| Untracked 
| 102|0x0000000086600000, 0x0000000086600000, 0x0000000086700000|  0%| F|  |TAMS 0x0000000086600000, 0x0000000086600000| Untracked 
| 103|0x0000000086700000, 0x0000000086700000, 0x0000000086800000|  0%| F|  |TAMS 0x0000000086700000, 0x0000000086700000| Untracked 
| 104|0x0000000086800000, 0x0000000086800000, 0x0000000086900000|  0%| F|  |TAMS 0x0000000086800000, 0x0000000086800000| Untracked 
| 105|0x0000000086900000, 0x0000000086900000, 0x0000000086a00000|  0%| F|  |TAMS 0x0000000086900000, 0x0000000086900000| Untracked 
| 106|0x0000000086a00000, 0x0000000086a00000, 0x0000000086b00000|  0%| F|  |TAMS 0x0000000086a00000, 0x0000000086a00000| Untracked 
| 107|0x0000000086b00000, 0x0000000086b00000, 0x0000000086c00000|  0%| F|  |TAMS 0x0000000086b00000, 0x0000000086b00000| Untracked 
| 108|0x0000000086c00000, 0x0000000086c00000, 0x0000000086d00000|  0%| F|  |TAMS 0x0000000086c00000, 0x0000000086c00000| Untracked 
| 109|0x0000000086d00000, 0x0000000086d00000, 0x0000000086e00000|  0%| F|  |TAMS 0x0000000086d00000, 0x0000000086d00000| Untracked 
| 110|0x0000000086e00000, 0x0000000086e00000, 0x0000000086f00000|  0%| F|  |TAMS 0x0000000086e00000, 0x0000000086e00000| Untracked 
| 111|0x0000000086f00000, 0x0000000086f00000, 0x0000000087000000|  0%| F|  |TAMS 0x0000000086f00000, 0x0000000086f00000| Untracked 
| 112|0x0000000087000000, 0x0000000087000000, 0x0000000087100000|  0%| F|  |TAMS 0x0000000087000000, 0x0000000087000000| Untracked 
| 113|0x0000000087100000, 0x0000000087100000, 0x0000000087200000|  0%| F|  |TAMS 0x0000000087100000, 0x0000000087100000| Untracked 
| 114|0x0000000087200000, 0x0000000087200000, 0x0000000087300000|  0%| F|  |TAMS 0x0000000087200000, 0x0000000087200000| Untracked 
| 115|0x0000000087300000, 0x0000000087300000, 0x0000000087400000|  0%| F|  |TAMS 0x0000000087300000, 0x0000000087300000| Untracked 
| 116|0x0000000087400000, 0x0000000087400000, 0x0000000087500000|  0%| F|  |TAMS 0x0000000087400000, 0x0000000087400000| Untracked 
| 117|0x0000000087500000, 0x0000000087500000, 0x0000000087600000|  0%| F|  |TAMS 0x0000000087500000, 0x0000000087500000| Untracked 
| 118|0x0000000087600000, 0x0000000087600000, 0x0000000087700000|  0%| F|  |TAMS 0x0000000087600000, 0x0000000087600000| Untracked 
| 119|0x0000000087700000, 0x0000000087700000, 0x0000000087800000|  0%| F|  |TAMS 0x0000000087700000, 0x0000000087700000| Untracked 
| 120|0x0000000087800000, 0x0000000087800000, 0x0000000087900000|  0%| F|  |TAMS 0x0000000087800000, 0x0000000087800000| Untracked 
| 121|0x0000000087900000, 0x0000000087900000, 0x0000000087a00000|  0%| F|  |TAMS 0x0000000087900000, 0x0000000087900000| Untracked 
| 122|0x0000000087a00000, 0x0000000087a00000, 0x0000000087b00000|  0%| F|  |TAMS 0x0000000087a00000, 0x0000000087a00000| Untracked 
| 123|0x0000000087b00000, 0x0000000087b00000, 0x0000000087c00000|  0%| F|  |TAMS 0x0000000087b00000, 0x0000000087b00000| Untracked 
| 124|0x0000000087c00000, 0x0000000087c00000, 0x0000000087d00000|  0%| F|  |TAMS 0x0000000087c00000, 0x0000000087c00000| Untracked 
| 125|0x0000000087d00000, 0x0000000087d00000, 0x0000000087e00000|  0%| F|  |TAMS 0x0000000087d00000, 0x0000000087d00000| Untracked 
| 126|0x0000000087e00000, 0x0000000087e00000, 0x0000000087f00000|  0%| F|  |TAMS 0x0000000087e00000, 0x0000000087e00000| Untracked 
| 127|0x0000000087f00000, 0x0000000087f00000, 0x0000000088000000|  0%| F|  |TAMS 0x0000000087f00000, 0x0000000087f00000| Untracked 
| 128|0x0000000088000000, 0x0000000088000000, 0x0000000088100000|  0%| F|  |TAMS 0x0000000088000000, 0x0000000088000000| Untracked 
| 129|0x0000000088100000, 0x0000000088100000, 0x0000000088200000|  0%| F|  |TAMS 0x0000000088100000, 0x0000000088100000| Untracked 
| 130|0x0000000088200000, 0x0000000088200000, 0x0000000088300000|  0%| F|  |TAMS 0x0000000088200000, 0x0000000088200000| Untracked 
| 131|0x0000000088300000, 0x0000000088300000, 0x0000000088400000|  0%| F|  |TAMS 0x0000000088300000, 0x0000000088300000| Untracked 
| 132|0x0000000088400000, 0x0000000088400000, 0x0000000088500000|  0%| F|  |TAMS 0x0000000088400000, 0x0000000088400000| Untracked 
| 133|0x0000000088500000, 0x0000000088500000, 0x0000000088600000|  0%| F|  |TAMS 0x0000000088500000, 0x0000000088500000| Untracked 
| 134|0x0000000088600000, 0x0000000088600000, 0x0000000088700000|  0%| F|  |TAMS 0x0000000088600000, 0x0000000088600000| Untracked 
| 135|0x0000000088700000, 0x0000000088700000, 0x0000000088800000|  0%| F|  |TAMS 0x0000000088700000, 0x0000000088700000| Untracked 
| 136|0x0000000088800000, 0x0000000088800000, 0x0000000088900000|  0%| F|  |TAMS 0x0000000088800000, 0x0000000088800000| Untracked 
| 137|0x0000000088900000, 0x0000000088900000, 0x0000000088a00000|  0%| F|  |TAMS 0x0000000088900000, 0x0000000088900000| Untracked 
| 138|0x0000000088a00000, 0x0000000088a00000, 0x0000000088b00000|  0%| F|  |TAMS 0x0000000088a00000, 0x0000000088a00000| Untracked 
| 139|0x0000000088b00000, 0x0000000088b00000, 0x0000000088c00000|  0%| F|  |TAMS 0x0000000088b00000, 0x0000000088b00000| Untracked 
| 140|0x0000000088c00000, 0x0000000088c00000, 0x0000000088d00000|  0%| F|  |TAMS 0x0000000088c00000, 0x0000000088c00000| Untracked 
| 141|0x0000000088d00000, 0x0000000088d00000, 0x0000000088e00000|  0%| F|  |TAMS 0x0000000088d00000, 0x0000000088d00000| Untracked 
| 142|0x0000000088e00000, 0x0000000088e00000, 0x0000000088f00000|  0%| F|  |TAMS 0x0000000088e00000, 0x0000000088e00000| Untracked 
| 143|0x0000000088f00000, 0x0000000088f00000, 0x0000000089000000|  0%| F|  |TAMS 0x0000000088f00000, 0x0000000088f00000| Untracked 
| 144|0x0000000089000000, 0x0000000089000000, 0x0000000089100000|  0%| F|  |TAMS 0x0000000089000000, 0x0000000089000000| Untracked 
| 145|0x0000000089100000, 0x0000000089100000, 0x0000000089200000|  0%| F|  |TAMS 0x0000000089100000, 0x0000000089100000| Untracked 
| 146|0x0000000089200000, 0x0000000089200000, 0x0000000089300000|  0%| F|  |TAMS 0x0000000089200000, 0x0000000089200000| Untracked 
| 147|0x0000000089300000, 0x0000000089300000, 0x0000000089400000|  0%| F|  |TAMS 0x0000000089300000, 0x0000000089300000| Untracked 
| 148|0x0000000089400000, 0x0000000089400000, 0x0000000089500000|  0%| F|  |TAMS 0x0000000089400000, 0x0000000089400000| Untracked 
| 149|0x0000000089500000, 0x0000000089500000, 0x0000000089600000|  0%| F|  |TAMS 0x0000000089500000, 0x0000000089500000| Untracked 
| 150|0x0000000089600000, 0x0000000089600000, 0x0000000089700000|  0%| F|  |TAMS 0x0000000089600000, 0x0000000089600000| Untracked 
| 151|0x0000000089700000, 0x0000000089700000, 0x0000000089800000|  0%| F|  |TAMS 0x0000000089700000, 0x0000000089700000| Untracked 
| 152|0x0000000089800000, 0x0000000089800000, 0x0000000089900000|  0%| F|  |TAMS 0x0000000089800000, 0x0000000089800000| Untracked 
| 153|0x0000000089900000, 0x0000000089900000, 0x0000000089a00000|  0%| F|  |TAMS 0x0000000089900000, 0x0000000089900000| Untracked 
| 154|0x0000000089a00000, 0x0000000089a00000, 0x0000000089b00000|  0%| F|  |TAMS 0x0000000089a00000, 0x0000000089a00000| Untracked 
| 155|0x0000000089b00000, 0x0000000089b00000, 0x0000000089c00000|  0%| F|  |TAMS 0x0000000089b00000, 0x0000000089b00000| Untracked 
| 156|0x0000000089c00000, 0x0000000089c00000, 0x0000000089d00000|  0%| F|  |TAMS 0x0000000089c00000, 0x0000000089c00000| Untracked 
| 157|0x0000000089d00000, 0x0000000089d83f68, 0x0000000089e00000| 51%| S|CS|TAMS 0x0000000089d00000, 0x0000000089d00000| Complete 
| 158|0x0000000089e00000, 0x0000000089f00000, 0x0000000089f00000|100%| S|CS|TAMS 0x0000000089e00000, 0x0000000089e00000| Complete 
| 159|0x0000000089f00000, 0x000000008a000000, 0x000000008a000000|100%| S|CS|TAMS 0x0000000089f00000, 0x0000000089f00000| Complete 
| 160|0x000000008a000000, 0x000000008a000000, 0x000000008a100000|  0%| F|  |TAMS 0x000000008a000000, 0x000000008a000000| Untracked 
| 161|0x000000008a100000, 0x000000008a100000, 0x000000008a200000|  0%| F|  |TAMS 0x000000008a100000, 0x000000008a100000| Untracked 
| 162|0x000000008a200000, 0x000000008a200000, 0x000000008a300000|  0%| F|  |TAMS 0x000000008a200000, 0x000000008a200000| Untracked 
| 163|0x000000008a300000, 0x000000008a300000, 0x000000008a400000|  0%| F|  |TAMS 0x000000008a300000, 0x000000008a300000| Untracked 
| 164|0x000000008a400000, 0x000000008a400000, 0x000000008a500000|  0%| F|  |TAMS 0x000000008a400000, 0x000000008a400000| Untracked 
| 165|0x000000008a500000, 0x000000008a500000, 0x000000008a600000|  0%| F|  |TAMS 0x000000008a500000, 0x000000008a500000| Untracked 
| 166|0x000000008a600000, 0x000000008a600000, 0x000000008a700000|  0%| F|  |TAMS 0x000000008a600000, 0x000000008a600000| Untracked 
| 167|0x000000008a700000, 0x000000008a700000, 0x000000008a800000|  0%| F|  |TAMS 0x000000008a700000, 0x000000008a700000| Untracked 
| 168|0x000000008a800000, 0x000000008a800000, 0x000000008a900000|  0%| F|  |TAMS 0x000000008a800000, 0x000000008a800000| Untracked 
| 169|0x000000008a900000, 0x000000008a900000, 0x000000008aa00000|  0%| F|  |TAMS 0x000000008a900000, 0x000000008a900000| Untracked 
| 170|0x000000008aa00000, 0x000000008aa00000, 0x000000008ab00000|  0%| F|  |TAMS 0x000000008aa00000, 0x000000008aa00000| Untracked 
| 171|0x000000008ab00000, 0x000000008ab00000, 0x000000008ac00000|  0%| F|  |TAMS 0x000000008ab00000, 0x000000008ab00000| Untracked 
| 172|0x000000008ac00000, 0x000000008ac00000, 0x000000008ad00000|  0%| F|  |TAMS 0x000000008ac00000, 0x000000008ac00000| Untracked 
| 173|0x000000008ad00000, 0x000000008ad00000, 0x000000008ae00000|  0%| F|  |TAMS 0x000000008ad00000, 0x000000008ad00000| Untracked 
| 174|0x000000008ae00000, 0x000000008ae00000, 0x000000008af00000|  0%| F|  |TAMS 0x000000008ae00000, 0x000000008ae00000| Untracked 
| 175|0x000000008af00000, 0x000000008af00000, 0x000000008b000000|  0%| F|  |TAMS 0x000000008af00000, 0x000000008af00000| Untracked 
| 176|0x000000008b000000, 0x000000008b000000, 0x000000008b100000|  0%| F|  |TAMS 0x000000008b000000, 0x000000008b000000| Untracked 
| 177|0x000000008b100000, 0x000000008b100000, 0x000000008b200000|  0%| F|  |TAMS 0x000000008b100000, 0x000000008b100000| Untracked 
| 178|0x000000008b200000, 0x000000008b200000, 0x000000008b300000|  0%| F|  |TAMS 0x000000008b200000, 0x000000008b200000| Untracked 
| 179|0x000000008b300000, 0x000000008b300000, 0x000000008b400000|  0%| F|  |TAMS 0x000000008b300000, 0x000000008b300000| Untracked 
| 180|0x000000008b400000, 0x000000008b400000, 0x000000008b500000|  0%| F|  |TAMS 0x000000008b400000, 0x000000008b400000| Untracked 
| 181|0x000000008b500000, 0x000000008b500000, 0x000000008b600000|  0%| F|  |TAMS 0x000000008b500000, 0x000000008b500000| Untracked 
| 182|0x000000008b600000, 0x000000008b600000, 0x000000008b700000|  0%| F|  |TAMS 0x000000008b600000, 0x000000008b600000| Untracked 
| 183|0x000000008b700000, 0x000000008b700000, 0x000000008b800000|  0%| F|  |TAMS 0x000000008b700000, 0x000000008b700000| Untracked 
| 184|0x000000008b800000, 0x000000008b800000, 0x000000008b900000|  0%| F|  |TAMS 0x000000008b800000, 0x000000008b800000| Untracked 
| 185|0x000000008b900000, 0x000000008b900000, 0x000000008ba00000|  0%| F|  |TAMS 0x000000008b900000, 0x000000008b900000| Untracked 
| 186|0x000000008ba00000, 0x000000008ba00000, 0x000000008bb00000|  0%| F|  |TAMS 0x000000008ba00000, 0x000000008ba00000| Untracked 
| 187|0x000000008bb00000, 0x000000008bb00000, 0x000000008bc00000|  0%| F|  |TAMS 0x000000008bb00000, 0x000000008bb00000| Untracked 
| 188|0x000000008bc00000, 0x000000008bc00000, 0x000000008bd00000|  0%| F|  |TAMS 0x000000008bc00000, 0x000000008bc00000| Untracked 
| 189|0x000000008bd00000, 0x000000008bd00000, 0x000000008be00000|  0%| F|  |TAMS 0x000000008bd00000, 0x000000008bd00000| Untracked 
| 190|0x000000008be00000, 0x000000008be00000, 0x000000008bf00000|  0%| F|  |TAMS 0x000000008be00000, 0x000000008be00000| Untracked 
| 191|0x000000008bf00000, 0x000000008bf00000, 0x000000008c000000|  0%| F|  |TAMS 0x000000008bf00000, 0x000000008bf00000| Untracked 

Card table byte_map: [0x0000025ad2190000,0x0000025ad2590000] _byte_map_base: 0x0000025ad1d90000

Marking Bits (Prev, Next): (CMBitMap*) 0x0000025abe06ee50, (CMBitMap*) 0x0000025abe06ee90
 Prev Bits: [0x0000025ad2990000, 0x0000025ad4990000)
 Next Bits: [0x0000025ad4990000, 0x0000025ad6990000)

Polling page: 0x0000025abd7d0000

Metaspace:

Usage:
  Non-class:     81.24 MB used.
      Class:     12.89 MB used.
       Both:     94.13 MB used.

Virtual space:
  Non-class space:      128.00 MB reserved,      81.69 MB ( 64%) committed,  2 nodes.
      Class space:      416.00 MB reserved,      13.31 MB (  3%) committed,  1 nodes.
             Both:      544.00 MB reserved,      95.00 MB ( 17%) committed. 

Chunk freelists:
   Non-Class:  14.09 MB
       Class:  2.54 MB
        Both:  16.63 MB

MaxMetaspaceSize: 512.00 MB
CompressedClassSpaceSize: 416.00 MB
Initial GC threshold: 21.00 MB
Current GC threshold: 144.94 MB
CDS: off
MetaspaceReclaimPolicy: balanced
 - commit_granule_bytes: 65536.
 - commit_granule_words: 8192.
 - virtual_space_node_default_size: 8388608.
 - enlarge_chunks_in_place: 1.
 - new_chunks_are_fully_committed: 0.
 - uncommit_free_chunks: 1.
 - use_allocation_guard: 0.
 - handle_deallocations: 1.


Internal statistics:

num_allocs_failed_limit: 9.
num_arena_births: 1414.
num_arena_deaths: 0.
num_vsnodes_births: 3.
num_vsnodes_deaths: 0.
num_space_committed: 1520.
num_space_uncommitted: 0.
num_chunks_returned_to_freelist: 9.
num_chunks_taken_from_freelist: 5340.
num_chunk_merges: 9.
num_chunk_splits: 3320.
num_chunks_enlarged: 1976.
num_inconsistent_stats: 0.

CodeHeap 'non-profiled nmethods': size=127360Kb used=5760Kb max_used=5760Kb free=121599Kb
 bounds [0x0000025ac9890000, 0x0000025ac9e40000, 0x0000025ad14f0000]
CodeHeap 'profiled nmethods': size=127296Kb used=22441Kb max_used=22441Kb free=104854Kb
 bounds [0x0000025ac14f0000, 0x0000025ac2ae0000, 0x0000025ac9140000]
CodeHeap 'non-nmethods': size=7488Kb used=1732Kb max_used=2305Kb free=5755Kb
 bounds [0x0000025ac9140000, 0x0000025ac93b0000, 0x0000025ac9890000]
 total_blobs=12481 nmethods=11648 adapters=745
 compilation: enabled
              stopped_count=0, restarted_count=0
 full_count=0

Compilation events (20 events):
Event: 121.966 Thread 0x0000025ad9b94360 13686       3       java.math.BigInteger::implMontgomerySquare (19 bytes)
Event: 121.966 Thread 0x0000025ad9b94360 nmethod 13686 0x0000025ac2ad2f90 code [0x0000025ac2ad3140, 0x0000025ac2ad32b8]
Event: 121.966 Thread 0x0000025ad9b94360 13687       3       java.math.BigInteger::squareToLen (33 bytes)
Event: 121.966 Thread 0x0000025ad9b94360 nmethod 13687 0x0000025ac2ad3390 code [0x0000025ac2ad3540, 0x0000025ac2ad37d8]
Event: 121.966 Thread 0x0000025ad9b94360 13688       3       java.math.BigInteger::implSquareToLenChecks (206 bytes)
Event: 121.967 Thread 0x0000025ad9b94360 nmethod 13688 0x0000025ac2ad3910 code [0x0000025ac2ad3e20, 0x0000025ac2ad5d98]
Event: 121.974 Thread 0x0000025ad9b94360 13689       3       java.math.BigInteger::subN (46 bytes)
Event: 121.975 Thread 0x0000025ad9b94360 nmethod 13689 0x0000025ac2ad6890 code [0x0000025ac2ad6a40, 0x0000025ac2ad6c78]
Event: 121.980 Thread 0x0000025ad9b94360 13690 %     3       java.util.Arrays::hashCode @ 16 (44 bytes)
Event: 121.981 Thread 0x0000025ad9b94360 nmethod 13690% 0x0000025ac2ad6e10 code [0x0000025ac2ad6fc0, 0x0000025ac2ad7258]
Event: 121.985 Thread 0x0000025ad9b94360 13691       3       java.util.Hashtable::addEntry (87 bytes)
Event: 121.986 Thread 0x0000025ad9b94360 nmethod 13691 0x0000025ac2ad7390 code [0x0000025ac2ad7580, 0x0000025ac2ad7cb8]
Event: 121.986 Thread 0x0000025ad9b94360 13692       3       sun.security.util.SignatureFileVerifier::updateSigners (132 bytes)
Event: 121.987 Thread 0x0000025ad9b94360 nmethod 13692 0x0000025ac2ad7f10 code [0x0000025ac2ad81c0, 0x0000025ac2ad9338]
Event: 121.987 Thread 0x0000025ad9b94360 13693       3       sun.security.util.SignatureFileVerifier::matches (93 bytes)
Event: 121.987 Thread 0x0000025ad9b94360 nmethod 13693 0x0000025ac2ad9990 code [0x0000025ac2ad9bc0, 0x0000025ac2ada478]
Event: 121.988 Thread 0x0000025ad9b94360 13694       3       java.security.Provider$UString::hashCode (8 bytes)
Event: 121.988 Thread 0x0000025ad9b94360 nmethod 13694 0x0000025ac2ada790 code [0x0000025ac2ada940, 0x0000025ac2adaa88]
Event: 121.988 Thread 0x0000025ad9b94360 13695       3       sun.security.util.SecurityProviderConstants::getAliases (65 bytes)
Event: 121.989 Thread 0x0000025ad9b94360 nmethod 13695 0x0000025ac2adab90 code [0x0000025ac2adae00, 0x0000025ac2adb708]

GC Heap History (20 events):
Event: 111.393 GC heap after
{Heap after GC invocations=47 (full 0):
 garbage-first heap   total 132096K, used 75764K [0x0000000080000000, 0x0000000100000000)
  region size 1024K, 4 young (4096K), 4 survivors (4096K)
 Metaspace       used 86723K, committed 87552K, reserved 557056K
  class space    used 12151K, committed 12544K, reserved 425984K
}
Event: 111.645 GC heap before
{Heap before GC invocations=47 (full 0):
 garbage-first heap   total 132096K, used 77812K [0x0000000080000000, 0x0000000100000000)
  region size 1024K, 6 young (6144K), 4 survivors (4096K)
 Metaspace       used 86743K, committed 87552K, reserved 557056K
  class space    used 12152K, committed 12544K, reserved 425984K
}
Event: 111.663 GC heap after
{Heap after GC invocations=48 (full 0):
 garbage-first heap   total 132096K, used 76458K [0x0000000080000000, 0x0000000100000000)
  region size 1024K, 1 young (1024K), 1 survivors (1024K)
 Metaspace       used 86743K, committed 87552K, reserved 557056K
  class space    used 12152K, committed 12544K, reserved 425984K
}
Event: 112.324 GC heap before
{Heap before GC invocations=48 (full 0):
 garbage-first heap   total 132096K, used 108202K [0x0000000080000000, 0x0000000100000000)
  region size 1024K, 33 young (33792K), 1 survivors (1024K)
 Metaspace       used 87175K, committed 88000K, reserved 557056K
  class space    used 12174K, committed 12544K, reserved 425984K
}
Event: 112.358 GC heap after
{Heap after GC invocations=49 (full 0):
 garbage-first heap   total 158720K, used 79011K [0x0000000080000000, 0x0000000100000000)
  region size 1024K, 4 young (4096K), 4 survivors (4096K)
 Metaspace       used 87175K, committed 88000K, reserved 557056K
  class space    used 12174K, committed 12544K, reserved 425984K
}
Event: 112.830 GC heap before
{Heap before GC invocations=50 (full 0):
 garbage-first heap   total 196608K, used 126115K [0x0000000080000000, 0x0000000100000000)
  region size 1024K, 51 young (52224K), 4 survivors (4096K)
 Metaspace       used 87318K, committed 88064K, reserved 557056K
  class space    used 12177K, committed 12544K, reserved 425984K
}
Event: 112.848 GC heap after
{Heap after GC invocations=51 (full 0):
 garbage-first heap   total 196608K, used 80991K [0x0000000080000000, 0x0000000100000000)
  region size 1024K, 6 young (6144K), 6 survivors (6144K)
 Metaspace       used 87318K, committed 88064K, reserved 557056K
  class space    used 12177K, committed 12544K, reserved 425984K
}
Event: 112.960 GC heap before
{Heap before GC invocations=51 (full 0):
 garbage-first heap   total 196608K, used 83039K [0x0000000080000000, 0x0000000100000000)
  region size 1024K, 9 young (9216K), 6 survivors (6144K)
 Metaspace       used 87320K, committed 88064K, reserved 557056K
  class space    used 12177K, committed 12544K, reserved 425984K
}
Event: 113.143 GC heap after
{Heap after GC invocations=52 (full 0):
 garbage-first heap   total 196608K, used 79960K [0x0000000080000000, 0x0000000100000000)
  region size 1024K, 1 young (1024K), 1 survivors (1024K)
 Metaspace       used 87320K, committed 88064K, reserved 557056K
  class space    used 12177K, committed 12544K, reserved 425984K
}
Event: 116.928 GC heap before
{Heap before GC invocations=52 (full 0):
 garbage-first heap   total 196608K, used 154712K [0x0000000080000000, 0x0000000100000000)
  region size 1024K, 74 young (75776K), 1 survivors (1024K)
 Metaspace       used 87603K, committed 88384K, reserved 557056K
  class space    used 12214K, committed 12608K, reserved 425984K
}
Event: 116.936 GC heap after
{Heap after GC invocations=53 (full 0):
 garbage-first heap   total 196608K, used 83202K [0x0000000080000000, 0x0000000100000000)
  region size 1024K, 4 young (4096K), 4 survivors (4096K)
 Metaspace       used 87603K, committed 88384K, reserved 557056K
  class space    used 12214K, committed 12608K, reserved 425984K
}
Event: 118.830 GC heap before
{Heap before GC invocations=53 (full 0):
 garbage-first heap   total 196608K, used 106754K [0x0000000080000000, 0x0000000100000000)
  region size 1024K, 22 young (22528K), 4 survivors (4096K)
 Metaspace       used 87733K, committed 88640K, reserved 557056K
  class space    used 12236K, committed 12672K, reserved 425984K
}
Event: 118.838 GC heap after
{Heap after GC invocations=54 (full 0):
 garbage-first heap   total 196608K, used 94024K [0x0000000080000000, 0x0000000100000000)
  region size 1024K, 9 young (9216K), 9 survivors (9216K)
 Metaspace       used 87733K, committed 88640K, reserved 557056K
  class space    used 12236K, committed 12672K, reserved 425984K
}
Event: 119.193 GC heap before
{Heap before GC invocations=54 (full 0):
 garbage-first heap   total 196608K, used 101192K [0x0000000080000000, 0x0000000100000000)
  region size 1024K, 15 young (15360K), 9 survivors (9216K)
 Metaspace       used 88139K, committed 89024K, reserved 557056K
  class space    used 12313K, committed 12736K, reserved 425984K
}
Event: 119.251 GC heap after
{Heap after GC invocations=55 (full 0):
 garbage-first heap   total 196608K, used 96798K [0x0000000080000000, 0x0000000100000000)
  region size 1024K, 1 young (1024K), 1 survivors (1024K)
 Metaspace       used 88139K, committed 89024K, reserved 557056K
  class space    used 12313K, committed 12736K, reserved 425984K
}
Event: 120.910 GC heap before
{Heap before GC invocations=56 (full 0):
 garbage-first heap   total 196608K, used 142878K [0x0000000080000000, 0x0000000100000000)
  region size 1024K, 45 young (46080K), 1 survivors (1024K)
 Metaspace       used 92031K, committed 92928K, reserved 557056K
  class space    used 12741K, committed 13184K, reserved 425984K
}
Event: 120.913 GC heap after
{Heap after GC invocations=57 (full 0):
 garbage-first heap   total 196608K, used 100681K [0x0000000080000000, 0x0000000100000000)
  region size 1024K, 3 young (3072K), 3 survivors (3072K)
 Metaspace       used 92031K, committed 92928K, reserved 557056K
  class space    used 12741K, committed 13184K, reserved 425984K
}
Event: 121.155 GC heap before
{Heap before GC invocations=57 (full 0):
 garbage-first heap   total 196608K, used 105801K [0x0000000080000000, 0x0000000100000000)
  region size 1024K, 9 young (9216K), 3 survivors (3072K)
 Metaspace       used 92672K, committed 93568K, reserved 557056K
  class space    used 12813K, committed 13248K, reserved 425984K
}
Event: 121.160 GC heap after
{Heap after GC invocations=58 (full 0):
 garbage-first heap   total 196608K, used 98944K [0x0000000080000000, 0x0000000100000000)
  region size 1024K, 1 young (1024K), 1 survivors (1024K)
 Metaspace       used 92672K, committed 93568K, reserved 557056K
  class space    used 12813K, committed 13248K, reserved 425984K
}
Event: 122.007 GC heap before
{Heap before GC invocations=58 (full 0):
 garbage-first heap   total 196608K, used 129664K [0x0000000080000000, 0x0000000100000000)
  region size 1024K, 32 young (32768K), 1 survivors (1024K)
 Metaspace       used 96388K, committed 97280K, reserved 557056K
  class space    used 13201K, committed 13632K, reserved 425984K
}

Dll operation events (3 events):
Event: 0.030 Loaded shared library C:\Program Files\Android\Android Studio\jbr\bin\java.dll
Event: 0.253 Loaded shared library C:\Program Files\Android\Android Studio\jbr\bin\zip.dll
Event: 1.438 Loaded shared library C:\Program Files\Android\Android Studio\jbr\bin\verify.dll

Deoptimization events (20 events):
Event: 121.992 Thread 0x0000025adf78d960 Uncommon trap: trap_request=0xffffff45 fr.pc=0x0000025ac9a110f4 relative=0x0000000000000074
Event: 121.992 Thread 0x0000025adf78d960 Uncommon trap: reason=unstable_if action=reinterpret pc=0x0000025ac9a110f4 method=java.security.CodeSource.getCertificates()[Ljava/security/cert/Certificate; @ 22 c2
Event: 121.992 Thread 0x0000025adf78d960 DEOPT PACKING pc=0x0000025ac9a110f4 sp=0x0000009ae4aefba0
Event: 121.992 Thread 0x0000025adf78d960 DEOPT UNPACKING pc=0x0000025ac91969a3 sp=0x0000009ae4aefb30 mode 2
Event: 121.999 Thread 0x0000025adf78d960 Uncommon trap: trap_request=0xffffff45 fr.pc=0x0000025ac9e03a00 relative=0x0000000000001320
Event: 121.999 Thread 0x0000025adf78d960 Uncommon trap: reason=unstable_if action=reinterpret pc=0x0000025ac9e03a00 method=java.util.jar.JarFile.maybeInstantiateVerifier()V @ 4 c2
Event: 121.999 Thread 0x0000025adf78d960 DEOPT PACKING pc=0x0000025ac9e03a00 sp=0x0000009ae4aee170
Event: 121.999 Thread 0x0000025adf78d960 DEOPT UNPACKING pc=0x0000025ac91969a3 sp=0x0000009ae4aee138 mode 2
Event: 122.000 Thread 0x0000025adf78d960 Uncommon trap: trap_request=0xffffff45 fr.pc=0x0000025ac9bb2100 relative=0x00000000000001e0
Event: 122.000 Thread 0x0000025adf78d960 Uncommon trap: reason=unstable_if action=reinterpret pc=0x0000025ac9bb2100 method=java.security.CodeSource.matchCerts(Ljava/security/CodeSource;Z)Z @ 11 c2
Event: 122.000 Thread 0x0000025adf78d960 DEOPT PACKING pc=0x0000025ac9bb2100 sp=0x0000009ae4aee070
Event: 122.000 Thread 0x0000025adf78d960 DEOPT UNPACKING pc=0x0000025ac91969a3 sp=0x0000009ae4aedf80 mode 2
Event: 122.000 Thread 0x0000025adf78d960 Uncommon trap: trap_request=0xffffff45 fr.pc=0x0000025ac9b9676c relative=0x000000000000006c
Event: 122.000 Thread 0x0000025adf78d960 Uncommon trap: reason=unstable_if action=reinterpret pc=0x0000025ac9b9676c method=java.lang.ClassLoader.compareCerts([Ljava/security/cert/Certificate;[Ljava/security/cert/Certificate;)Z @ 2 c2
Event: 122.000 Thread 0x0000025adf78d960 DEOPT PACKING pc=0x0000025ac9b9676c sp=0x0000009ae4aee030
Event: 122.000 Thread 0x0000025adf78d960 DEOPT UNPACKING pc=0x0000025ac91969a3 sp=0x0000009ae4aedf88 mode 2
Event: 122.000 Thread 0x0000025adf78d960 Uncommon trap: trap_request=0xffffff45 fr.pc=0x0000025ac9e289a4 relative=0x0000000000000644
Event: 122.000 Thread 0x0000025adf78d960 Uncommon trap: reason=unstable_if action=reinterpret pc=0x0000025ac9e289a4 method=java.security.CodeSource.getCertificates()[Ljava/security/cert/Certificate; @ 4 c2
Event: 122.000 Thread 0x0000025adf78d960 DEOPT PACKING pc=0x0000025ac9e289a4 sp=0x0000009ae4aee0e0
Event: 122.000 Thread 0x0000025adf78d960 DEOPT UNPACKING pc=0x0000025ac91969a3 sp=0x0000009ae4aee060 mode 2

Classes unloaded (0 events):
No events

Classes redefined (0 events):
No events

Internal exceptions (20 events):
Event: 88.512 Thread 0x0000025ae185b610 Exception <a 'java/net/ConnectException'{0x0000000087691e68}: Connection refused: connect> (0x0000000087691e68) 
thrown [s\src\hotspot\share\prims\jni.cpp, line 550]
Event: 88.512 Thread 0x0000025ae185b610 Exception <a 'java/net/SocketException'{0x00000000876926f0}: Socket is not connected: shutdown> (0x00000000876926f0) 
thrown [s\src\hotspot\share\prims\jni.cpp, line 550]
Event: 88.577 Thread 0x0000025ae1857e60 Exception <a 'java/lang/InterruptedException'{0x00000000876a67f8}> (0x00000000876a67f8) 
thrown [s\src\hotspot\share\runtime\objectMonitor.cpp, line 1658]
Event: 110.622 Thread 0x0000025ae2989150 Exception <a 'sun/nio/fs/WindowsException'{0x0000000086b5b630}> (0x0000000086b5b630) 
thrown [s\src\hotspot\share\prims\jni.cpp, line 531]
Event: 110.623 Thread 0x0000025ae2989150 Exception <a 'sun/nio/fs/WindowsException'{0x0000000086b5d950}> (0x0000000086b5d950) 
thrown [s\src\hotspot\share\prims\jni.cpp, line 531]
Event: 110.623 Thread 0x0000025ae2989150 Exception <a 'sun/nio/fs/WindowsException'{0x0000000086b6f7a0}> (0x0000000086b6f7a0) 
thrown [s\src\hotspot\share\prims\jni.cpp, line 531]
Event: 110.624 Thread 0x0000025ae2989150 Exception <a 'sun/nio/fs/WindowsException'{0x0000000086b714f8}> (0x0000000086b714f8) 
thrown [s\src\hotspot\share\prims\jni.cpp, line 531]
Event: 110.679 Thread 0x0000025ae298e250 Exception <a 'sun/nio/fs/WindowsException'{0x0000000086b8cc20}> (0x0000000086b8cc20) 
thrown [s\src\hotspot\share\prims\jni.cpp, line 531]
Event: 110.680 Thread 0x0000025ae298e250 Exception <a 'sun/nio/fs/WindowsException'{0x0000000086b8ebd8}> (0x0000000086b8ebd8) 
thrown [s\src\hotspot\share\prims\jni.cpp, line 531]
Event: 110.680 Thread 0x0000025ae298e250 Exception <a 'sun/nio/fs/WindowsException'{0x0000000086b90a38}> (0x0000000086b90a38) 
thrown [s\src\hotspot\share\prims\jni.cpp, line 531]
Event: 112.211 Thread 0x0000025adfe80f40 Implicit null exception at 0x0000025ac98d94db to 0x0000025ac98d9564
Event: 112.511 Thread 0x0000025adfe888c0 Implicit null exception at 0x0000025ac9b52df6 to 0x0000025ac9b534cc
Event: 116.854 Thread 0x0000025adf78d960 Exception <a 'java/lang/NoSuchMethodError'{0x0000000087655140}: 'java.lang.Object java.lang.invoke.Invokers$Holder.invokeExact_MT(java.lang.Object, java.lang.Object, java.lang.Object, int, java.lang.Object, java.lang.Object)'> (0x0000000087655140) 
thrown [s\src\hotspot\share\interpreter\linkResolver.cpp, line 771]
Event: 118.955 Thread 0x0000025adf78d960 Exception <a 'java/lang/NoSuchMethodError'{0x000000008bff6b40}: 'void java.lang.invoke.Invokers$Holder.invoke_MT(java.lang.Object, java.lang.Object, java.lang.Object, java.lang.Object)'> (0x000000008bff6b40) 
thrown [s\src\hotspot\share\interpreter\linkResolver.cpp, line 771]
Event: 118.974 Thread 0x0000025adf78d960 Exception <a 'java/lang/NoSuchMethodError'{0x000000008be77fb8}: 'java.lang.Object java.lang.invoke.DirectMethodHandle$Holder.invokeStaticInit(java.lang.Object, java.lang.Object, java.lang.Object, java.lang.Object, java.lang.Object, java.lang.Object, java.lang.Object)'> (0x000000008be77fb8) 
thrown [s\src\hotspot\share\interpreter\linkResolver.cpp, line 771]
Event: 119.163 Thread 0x0000025adf78d960 Exception <a 'java/lang/ClassNotFoundException'{0x000000008bbe53e0}: org/gradle/api/internal/plugins/DefaultObjectConfigurationActionBeanInfo> (0x000000008bbe53e0) 
thrown [s\src\hotspot\share\classfile\systemDictionary.cpp, line 256]
Event: 119.166 Thread 0x0000025adf78d960 Exception <a 'java/lang/ClassNotFoundException'{0x000000008ba02c00}: org/gradle/api/internal/plugins/DefaultObjectConfigurationActionCustomizer> (0x000000008ba02c00) 
thrown [s\src\hotspot\share\classfile\systemDictionary.cpp, line 256]
Event: 120.484 Thread 0x0000025adf78d960 Exception <a 'java/lang/NoSuchMethodError'{0x000000008a71f0c0}: 'java.lang.Object java.lang.invoke.DirectMethodHandle$Holder.invokeSpecial(java.lang.Object, java.lang.Object, long, java.lang.Object, java.lang.Object, java.lang.Object, java.lang.Object, java.lang.Object, java.lang.Object, java.lang.Object, java.lang.Object, java.lang.Object)'> (0x000000008a71f0c0) 
thrown [s\src\hotspot\share\interpreter\linkResolver.cpp, line 771]
Event: 120.485 Thread 0x0000025adf78d960 Exception <a 'java/lang/NoSuchMethodError'{0x000000008a725050}: 'java.lang.Object java.lang.invoke.DelegatingMethodHandle$Holder.reinvoke_L(java.lang.Object, long, java.lang.Object, java.lang.Object, java.lang.Object, java.lang.Object, java.lang.Object, java.lang.Object, java.lang.Object, java.lang.Object, java.lang.Object)'> (0x000000008a725050) 
thrown [s\src\hotspot\share\interpreter\linkResolver.cpp, line 771]
Event: 121.905 Thread 0x0000025adf78d960 Implicit null exception at 0x0000025ac9a3f98c to 0x0000025ac9a3fabe

VM Operations (20 events):
Event: 119.251 Executing VM operation: G1TryInitiateConcMark done
Event: 119.305 Executing VM operation: G1PauseRemark
Event: 119.311 Executing VM operation: G1PauseRemark done
Event: 119.338 Executing VM operation: G1PauseCleanup
Event: 119.338 Executing VM operation: G1PauseCleanup done
Event: 120.225 Executing VM operation: HandshakeAllThreads
Event: 120.235 Executing VM operation: HandshakeAllThreads done
Event: 120.496 Executing VM operation: HandshakeAllThreads
Event: 120.497 Executing VM operation: HandshakeAllThreads done
Event: 120.497 Executing VM operation: Cleanup
Event: 120.497 Executing VM operation: Cleanup done
Event: 120.910 Executing VM operation: G1CollectForAllocation
Event: 120.913 Executing VM operation: G1CollectForAllocation done
Event: 121.155 Executing VM operation: G1CollectForAllocation
Event: 121.160 Executing VM operation: G1CollectForAllocation done
Event: 121.476 Executing VM operation: HandshakeAllThreads
Event: 121.476 Executing VM operation: HandshakeAllThreads done
Event: 121.787 Executing VM operation: HandshakeAllThreads
Event: 121.787 Executing VM operation: HandshakeAllThreads done
Event: 122.006 Executing VM operation: G1TryInitiateConcMark

Events (20 events):
Event: 121.981 loading class java/security/interfaces/ECKey
Event: 121.981 loading class java/security/interfaces/ECKey done
Event: 121.981 loading class java/security/interfaces/XECKey
Event: 121.981 loading class java/security/interfaces/XECKey done
Event: 121.981 loading class sun/security/util/KeyUtil
Event: 121.982 loading class sun/security/util/KeyUtil done
Event: 121.982 loading class sun/security/util/Length
Event: 121.982 loading class sun/security/util/Length done
Event: 121.982 loading class javax/crypto/SecretKey
Event: 121.983 loading class javax/crypto/SecretKey done
Event: 121.983 loading class java/util/Base64
Event: 121.984 loading class java/util/Base64 done
Event: 121.984 loading class java/util/Base64$Decoder
Event: 121.985 loading class java/util/Base64$Decoder done
Event: 121.985 loading class java/util/Base64$Encoder
Event: 121.985 loading class java/util/Base64$Encoder done
Event: 121.986 loading class java/util/jar/JarVerifier$VerifierStream
Event: 121.987 loading class java/util/jar/JarVerifier$VerifierStream done
Event: 121.987 loading class sun/security/util/ManifestEntryVerifier$SunProviderHolder
Event: 121.987 loading class sun/security/util/ManifestEntryVerifier$SunProviderHolder done


Dynamic libraries:
0x00007ff6039a0000 - 0x00007ff6039aa000 	C:\Program Files\Android\Android Studio\jbr\bin\java.exe
0x00007ffc26100000 - 0x00007ffc26309000 	C:\Windows\SYSTEM32\ntdll.dll
0x00007ffc24db0000 - 0x00007ffc24e6d000 	C:\Windows\System32\KERNEL32.DLL
0x00007ffc23720000 - 0x00007ffc23aa4000 	C:\Windows\System32\KERNELBASE.dll
0x00007ffc23ba0000 - 0x00007ffc23cb1000 	C:\Windows\System32\ucrtbase.dll
0x00007ffc0c3e0000 - 0x00007ffc0c3f7000 	C:\Program Files\Android\Android Studio\jbr\bin\jli.dll
0x00007ffc0d7d0000 - 0x00007ffc0d7eb000 	C:\Program Files\Android\Android Studio\jbr\bin\VCRUNTIME140.dll
0x00007ffc24eb0000 - 0x00007ffc2505d000 	C:\Windows\System32\USER32.dll
0x00007ffc23b70000 - 0x00007ffc23b96000 	C:\Windows\System32\win32u.dll
0x00007ffc0a4c0000 - 0x00007ffc0a765000 	C:\Windows\WinSxS\amd64_microsoft.windows.common-controls_6595b64144ccf1df_6.0.22000.120_none_9d947278b86cc467\COMCTL32.dll
0x00007ffc25ba0000 - 0x00007ffc25bca000 	C:\Windows\System32\GDI32.dll
0x00007ffc23600000 - 0x00007ffc2371e000 	C:\Windows\System32\gdi32full.dll
0x00007ffc23e30000 - 0x00007ffc23ecd000 	C:\Windows\System32\msvcp_win.dll
0x00007ffc25950000 - 0x00007ffc259f3000 	C:\Windows\System32\msvcrt.dll
0x00007ffc24e70000 - 0x00007ffc24ea1000 	C:\Windows\System32\IMM32.DLL
0x00007ffc1fb50000 - 0x00007ffc1fb5c000 	C:\Program Files\Android\Android Studio\jbr\bin\vcruntime140_1.dll
0x00007ffbdde30000 - 0x00007ffbddebd000 	C:\Program Files\Android\Android Studio\jbr\bin\msvcp140.dll
0x00007ffb2a7c0000 - 0x00007ffb2b443000 	C:\Program Files\Android\Android Studio\jbr\bin\server\jvm.dll
0x00007ffc258a0000 - 0x00007ffc2594e000 	C:\Windows\System32\ADVAPI32.dll
0x00007ffc250d0000 - 0x00007ffc2516e000 	C:\Windows\System32\sechost.dll
0x00007ffc24910000 - 0x00007ffc24a31000 	C:\Windows\System32\RPCRT4.dll
0x00007ffc22ea0000 - 0x00007ffc22eed000 	C:\Windows\SYSTEM32\POWRPROF.dll
0x00007ffc04b40000 - 0x00007ffc04b49000 	C:\Windows\SYSTEM32\WSOCK32.dll
0x00007ffc1bf80000 - 0x00007ffc1bfb3000 	C:\Windows\SYSTEM32\WINMM.dll
0x00007ffc1b5d0000 - 0x00007ffc1b5da000 	C:\Windows\SYSTEM32\VERSION.dll
0x00007ffc25060000 - 0x00007ffc250cf000 	C:\Windows\System32\WS2_32.dll
0x00007ffc22e80000 - 0x00007ffc22e93000 	C:\Windows\SYSTEM32\UMPDC.dll
0x00007ffc225c0000 - 0x00007ffc225d8000 	C:\Windows\SYSTEM32\kernel.appcore.dll
0x00007ffc1f3a0000 - 0x00007ffc1f3aa000 	C:\Program Files\Android\Android Studio\jbr\bin\jimage.dll
0x00007ffc20d60000 - 0x00007ffc20f81000 	C:\Windows\SYSTEM32\DBGHELP.DLL
0x00007ffc07590000 - 0x00007ffc075c1000 	C:\Windows\SYSTEM32\dbgcore.DLL
0x00007ffc23ed0000 - 0x00007ffc23f4f000 	C:\Windows\System32\bcryptPrimitives.dll
0x00007ffbe1e10000 - 0x00007ffbe1e1e000 	C:\Program Files\Android\Android Studio\jbr\bin\instrument.dll
0x00007ffc09220000 - 0x00007ffc09245000 	C:\Program Files\Android\Android Studio\jbr\bin\java.dll
0x00007ffc09200000 - 0x00007ffc09218000 	C:\Program Files\Android\Android Studio\jbr\bin\zip.dll
0x00007ffc23f50000 - 0x00007ffc24715000 	C:\Windows\System32\SHELL32.dll
0x00007ffc21620000 - 0x00007ffc21e82000 	C:\Windows\SYSTEM32\windows.storage.dll
0x00007ffc25bd0000 - 0x00007ffc25f46000 	C:\Windows\System32\combase.dll
0x00007ffc214b0000 - 0x00007ffc21617000 	C:\Windows\SYSTEM32\wintypes.dll
0x00007ffc25f50000 - 0x00007ffc2603a000 	C:\Windows\System32\SHCORE.dll
0x00007ffc24830000 - 0x00007ffc2488d000 	C:\Windows\System32\shlwapi.dll
0x00007ffc234c0000 - 0x00007ffc234e5000 	C:\Windows\SYSTEM32\profapi.dll
0x00007ffc08760000 - 0x00007ffc08779000 	C:\Program Files\Android\Android Studio\jbr\bin\net.dll
0x00007ffc1e610000 - 0x00007ffc1e724000 	C:\Windows\SYSTEM32\WINHTTP.dll
0x00007ffc22a60000 - 0x00007ffc22ac7000 	C:\Windows\system32\mswsock.dll
0x00007ffc06510000 - 0x00007ffc06526000 	C:\Program Files\Android\Android Studio\jbr\bin\nio.dll
0x00007ffc08750000 - 0x00007ffc08760000 	C:\Program Files\Android\Android Studio\jbr\bin\verify.dll
0x00007ffbb6050000 - 0x00007ffbb6077000 	C:\Users\HP PROBOOK\.gradle\native\1def1411415f61bf3af743bc5b6707747c0891f09f0c88961ee8f79bc544acac\windows-amd64\native-platform.dll
0x00007ffb43c30000 - 0x00007ffb43ca8000 	C:\Users\HP PROBOOK\.gradle\native\0.2.7\x86_64-windows-gnu\gradle-fileevents.dll
0x00007ffc063f0000 - 0x00007ffc063f9000 	C:\Program Files\Android\Android Studio\jbr\bin\management.dll
0x00007ffc063e0000 - 0x00007ffc063eb000 	C:\Program Files\Android\Android Studio\jbr\bin\management_ext.dll
0x00007ffc24da0000 - 0x00007ffc24da8000 	C:\Windows\System32\PSAPI.DLL
0x00007ffc220d0000 - 0x00007ffc220fd000 	C:\Windows\SYSTEM32\IPHLPAPI.DLL
0x00007ffc24900000 - 0x00007ffc24909000 	C:\Windows\System32\NSI.dll
0x00007ffc1e880000 - 0x00007ffc1e899000 	C:\Windows\SYSTEM32\dhcpcsvc6.DLL
0x00007ffc1e9e0000 - 0x00007ffc1e9fe000 	C:\Windows\SYSTEM32\dhcpcsvc.DLL
0x00007ffc22100000 - 0x00007ffc221e7000 	C:\Windows\SYSTEM32\DNSAPI.dll
0x00007ffc063d0000 - 0x00007ffc063d9000 	C:\Program Files\Android\Android Studio\jbr\bin\extnet.dll
0x00007ffc22d30000 - 0x00007ffc22d48000 	C:\Windows\SYSTEM32\CRYPTSP.dll
0x00007ffc22520000 - 0x00007ffc22555000 	C:\Windows\system32\rsaenh.dll
0x00007ffc22b00000 - 0x00007ffc22b2c000 	C:\Windows\SYSTEM32\USERENV.dll
0x00007ffc22f60000 - 0x00007ffc22f87000 	C:\Windows\SYSTEM32\bcrypt.dll
0x00007ffc22c50000 - 0x00007ffc22c5c000 	C:\Windows\SYSTEM32\CRYPTBASE.dll
0x00007ffbc0070000 - 0x00007ffbc0078000 	C:\Windows\system32\wshunix.dll
0x00007ffbfcad0000 - 0x00007ffbfcae7000 	C:\Windows\system32\napinsp.dll
0x00007ffbfcb30000 - 0x00007ffbfcb4b000 	C:\Windows\system32\pnrpnsp.dll
0x00007ffbfcb10000 - 0x00007ffbfcb22000 	C:\Windows\System32\winrnr.dll
0x00007ffbfcaf0000 - 0x00007ffbfcb05000 	C:\Windows\system32\wshbth.dll
0x00007ffbfcab0000 - 0x00007ffbfcacf000 	C:\Windows\system32\nlansp_c.dll
0x00007ffc1bd10000 - 0x00007ffc1bd1a000 	C:\Windows\System32\rasadhlp.dll
0x00007ffc1bac0000 - 0x00007ffc1bb41000 	C:\Windows\System32\fwpuclnt.dll
0x00007ffc06500000 - 0x00007ffc06507000 	C:\Program Files\Android\Android Studio\jbr\bin\rmi.dll

dbghelp: loaded successfully - version: 4.0.5 - missing functions: none
symbol engine: initialized successfully - sym options: 0x614 - pdb path: .;C:\Program Files\Android\Android Studio\jbr\bin;C:\Windows\SYSTEM32;C:\Windows\WinSxS\amd64_microsoft.windows.common-controls_6595b64144ccf1df_6.0.22000.120_none_9d947278b86cc467;C:\Program Files\Android\Android Studio\jbr\bin\server;C:\Users\HP PROBOOK\.gradle\native\1def1411415f61bf3af743bc5b6707747c0891f09f0c88961ee8f79bc544acac\windows-amd64;C:\Users\HP PROBOOK\.gradle\native\0.2.7\x86_64-windows-gnu

VM Arguments:
jvm_args: --add-opens=java.base/java.lang=ALL-UNNAMED --add-opens=java.base/java.lang.invoke=ALL-UNNAMED --add-opens=java.base/java.util=ALL-UNNAMED --add-opens=java.prefs/java.util.prefs=ALL-UNNAMED --add-exports=jdk.compiler/com.sun.tools.javac.api=ALL-UNNAMED --add-exports=jdk.compiler/com.sun.tools.javac.util=ALL-UNNAMED --add-opens=java.base/java.util=ALL-UNNAMED --add-opens=java.prefs/java.util.prefs=ALL-UNNAMED --add-opens=java.base/java.nio.charset=ALL-UNNAMED --add-opens=java.base/java.net=ALL-UNNAMED --add-opens=java.base/java.util.concurrent.atomic=ALL-UNNAMED --add-opens=java.xml/javax.xml.namespace=ALL-UNNAMED -XX:MaxMetaspaceSize=512m -XX:ReservedCodeCacheSize=256m -XX:+HeapDumpOnOutOfMemoryError -Xmx2048M -Dfile.encoding=windows-1256 -Duser.country=US -Duser.language=en -Duser.variant -javaagent:C:\Users\HP PROBOOK\.gradle\wrapper\dists\gradle-8.14-all\c2qonpi39x1mddn7hk5gh9iqj\gradle-8.14\lib\agents\gradle-instrumentation-agent-8.14.jar 
java_command: org.gradle.launcher.daemon.bootstrap.GradleDaemon 8.14
java_class_path (initial): C:\Users\HP PROBOOK\.gradle\wrapper\dists\gradle-8.14-all\c2qonpi39x1mddn7hk5gh9iqj\gradle-8.14\lib\gradle-daemon-main-8.14.jar
Launcher Type: SUN_STANDARD

[Global flags]
     intx CICompilerCount                          = 12                                        {product} {ergonomic}
   size_t CompressedClassSpaceSize                 = 436207616                                 {product} {ergonomic}
     uint ConcGCThreads                            = 3                                         {product} {ergonomic}
     uint G1ConcRefinementThreads                  = 13                                        {product} {ergonomic}
   size_t G1HeapRegionSize                         = 1048576                                   {product} {ergonomic}
    uintx GCDrainStackTargetSize                   = 64                                        {product} {ergonomic}
     bool HeapDumpOnOutOfMemoryError               = true                                   {manageable} {command line}
   size_t InitialHeapSize                          = 123731968                                 {product} {ergonomic}
   size_t MarkStackSize                            = 4194304                                   {product} {ergonomic}
   size_t MaxHeapSize                              = 2147483648                                {product} {command line}
   size_t MaxMetaspaceSize                         = 536870912                                 {product} {command line}
   size_t MaxNewSize                               = 1287651328                                {product} {ergonomic}
   size_t MinHeapDeltaBytes                        = 1048576                                   {product} {ergonomic}
   size_t MinHeapSize                              = 8388608                                   {product} {ergonomic}
    uintx NonNMethodCodeHeapSize                   = 7602480                                {pd product} {ergonomic}
    uintx NonProfiledCodeHeapSize                  = 130416488                              {pd product} {ergonomic}
    uintx ProfiledCodeHeapSize                     = 130416488                              {pd product} {ergonomic}
    uintx ReservedCodeCacheSize                    = 268435456                              {pd product} {command line}
     bool SegmentedCodeCache                       = true                                      {product} {ergonomic}
   size_t SoftMaxHeapSize                          = 2147483648                             {manageable} {ergonomic}
   double SweeperThreshold                         = 0.468750                                  {product} {ergonomic}
     bool UseCompressedClassPointers               = true                           {product lp64_product} {ergonomic}
     bool UseCompressedOops                        = true                           {product lp64_product} {ergonomic}
     bool UseG1GC                                  = true                                      {product} {ergonomic}
     bool UseLargePagesIndividualAllocation        = false                                  {pd product} {ergonomic}

Logging:
Log output configuration:
 #0: stdout all=warning uptime,level,tags
 #1: stderr all=off uptime,level,tags

Environment Variables:
JAVA_HOME=C:\Program Files\Android\Android Studio\jbr
CLASSPATH=C:\Users\HP PROBOOK\Desktop\smartcalm\android\\gradle\wrapper\gradle-wrapper.jar
PATH=C:\Program Files\Android\Android Studio\jbr\bin;C:\Users\HP PROBOOK\AppData\Local\Programs\Microsoft VS Code;C:\OracelDB\bin;C:\Program Files\Java\jdk-21.0.10\bin;C:\Windows\system32;C:\Windows;C:\Windows\System32\Wbem;C:\Windows\System32\WindowsPowerShell\v1.0\;C:\Windows\System32\OpenSSH\;C:\Program Files\Git\cmd;C:\Program Files\Git\mingw64\bin;C:\Program Files\Git\usr\bin;C:\Program Files\dotnet\;C:\Program Files\MATLAB\R2024b\bin;c:\Users\HP PROBOOK\Desktop\cursor\resources\app\bin;C:\Users\HP PROBOOK\AppData\Local\Programs\Eclipse Adoptium\jdk-25.0.2.10-hotspot\bin;C:\Users\HP PROBOOK\AppData\Local\Microsoft\WindowsApps;C:\src\flutter\bin;C:\Program Files\Android\Android Studio\bin;C:\Users\HP PROBOOK\AppData\Local\Programs\Microsoft VS Code\bin;C:\Users\HP PROBOOK\AppData\Local\Muse Hub\lib;C:\Users\HP PROBOOK\AppData\Local\Packages\PythonSoftwareFoundation.Python.3.13_qbz5n2kfra8p0\LocalCache\local-packages\Python313\Scripts;C:\Users\HP PROBOOK\Downloads\Redis-x64-3.2.100;C:\Users\HP PROBOOK\Desktop\cursor\resources\app\bin;C:\Users\HP PROBOOK\AppData\Local\Programs\cursor\resources\app\bin;C:\Users\HP PROBOOK\AppData\Local\Programs\Eclipse Adoptium\jdk-25.0.2.10-hotspot\bin;C:\Users\HP PROBOOK\AppData\Local\Microsoft\WindowsApps;C:\src\flutter\bin;C:\Program Files\Android\Android Studio\bin;C:\Users\HP PROBOOK\AppData\Local\Programs\Microsoft VS Code\bin;C:\Users\HP PROBOOK\AppData\Local\Muse Hub\lib;C:\Users\HP PROBOOK\AppData\Local\Packages\PythonSoftwareFoundation.Python.3.13_qbz5n2kfra8p0\LocalCache\local-packages\Python313\Scripts;C:\Users\HP PROBOOK\Downloads\Redis-x64-3.2.100;C:\Users\HP PROBOOK\Desktop\cursor\resources\app\bin;C:\Users\HP PROBOOK\AppData\Local\Programs\cursor\resources\app\bin;C:\Program Files\Java\latest\jdk-21\bin;;C:\src\flutter\bin\mingit\cmd;C:\src\flutter\bin\mingit\cmd
USERNAME=HP PROBOOK
OS=Windows_NT
PROCESSOR_IDENTIFIER=AMD64 Family 25 Model 80 Stepping 0, AuthenticAMD
TMP=C:\Users\HPPROB~1\AppData\Local\Temp
TEMP=C:\Users\HPPROB~1\AppData\Local\Temp



Periodic native trim disabled

JNI global refs:
JNI global refs: 36, weak refs: 6

JNI global refs memory usage: 843, weak refs: 841

Process memory usage:
Resident Set Size: 377572K (4% of 7668804K total physical memory with 69452K free physical memory)

OOME stack traces (most recent first):
Classloader memory used:
Loader org.gradle.internal.classloader.VisitableURLClassLoader                         : 5401K
Loader bootstrap                                                                       : 3097K
Loader org.gradle.internal.classloader.VisitableURLClassLoader$InstrumentingVisitableURLClassLoader: 1779K
Loader org.gradle.initialization.MixInLegacyTypesClassLoader                           : 1546K
Loader jdk.internal.reflect.DelegatingClassLoader                                      : 113K
Loader jdk.internal.loader.ClassLoaders$PlatformClassLoader                            : 66241B
Loader jdk.internal.loader.ClassLoaders$AppClassLoader                                 : 29445B
Loader org.gradle.internal.classloader.VisitableURLClassLoader                         : 17092B
Loader sun.reflect.misc.MethodUtil                                                     : 373B

Classes loaded by more than one classloader:
Class Program                                                                         : loaded 9 times (x 72B)
Class Settings_gradle                                                                 : loaded 3 times (x 126B)
Class Build_gradle$1                                                                  : loaded 3 times (x 72B)
Class Build_gradle                                                                    : loaded 3 times (x 128B)
Class com.google.common.collect.SingletonImmutableList                                : loaded 2 times (x 167B)
Class com.google.common.cache.CacheLoader$SupplierToCacheLoader                       : loaded 2 times (x 73B)
Class org.gradle.internal.classpath.ClassPath                                         : loaded 2 times (x 68B)
Class com.google.common.cache.RemovalListener                                         : loaded 2 times (x 68B)
Class org.gradle.api.internal.classpath.DefaultModuleRegistry                         : loaded 2 times (x 84B)
Class Settings_gradle$1$1                                                             : loaded 2 times (x 72B)
Class com.google.common.cache.CacheBuilder$OneWeigher                                 : loaded 2 times (x 80B)
Class org.gradle.api.Action                                                           : loaded 2 times (x 68B)
Class com.google.common.collect.ImmutableEntry                                        : loaded 2 times (x 80B)
Class com.google.common.cache.LocalCache$StrongEntry                                  : loaded 2 times (x 106B)
Class com.google.common.base.CharMatcher                                              : loaded 2 times (x 109B)
Class com.google.common.base.CharMatcher$IsNot                                        : loaded 2 times (x 109B)
Class org.jetbrains.kotlin.gradle.plugin.DefaultKotlinBasePlugin                      : loaded 2 times (x 80B)
Class [Lcom.google.common.cache.Weigher;                                              : loaded 2 times (x 67B)
Class com.google.common.collect.Iterators$ArrayItr                                    : loaded 2 times (x 95B)
Class com.google.common.cache.LocalCache$Segment                                      : loaded 2 times (x 152B)
Class org.gradle.api.internal.DefaultClassPathProvider                                : loaded 2 times (x 74B)
Class org.gradle.internal.installation.GradleInstallation$1                           : loaded 2 times (x 73B)
Class com.google.common.cache.LocalCache$AbstractReferenceEntry                       : loaded 2 times (x 105B)
Class com.google.common.util.concurrent.AbstractFuture$Failure                        : loaded 2 times (x 70B)
Class com.google.common.base.CharMatcher$BitSetMatcher                                : loaded 2 times (x 110B)
Class com.google.common.collect.ImmutableMap$IteratorBasedImmutableMap                : loaded 2 times (x 124B)
Class com.google.common.collect.ImmutableMap                                          : loaded 2 times (x 118B)
Class com.google.common.base.Converter                                                : loaded 2 times (x 88B)
Class com.google.common.collect.ImmutableSet$EmptySetBuilderImpl                      : loaded 2 times (x 74B)
Class com.google.common.base.Equivalence                                              : loaded 2 times (x 80B)
Class com.google.common.cache.LocalCache$EntryFactory$1                               : loaded 2 times (x 81B)
Class com.google.common.cache.LocalCache$EntryFactory$2                               : loaded 2 times (x 81B)
Class com.google.common.cache.LocalCache$EntryFactory$3                               : loaded 2 times (x 81B)
Class com.google.common.cache.LocalCache$EntryFactory$4                               : loaded 2 times (x 81B)
Class com.google.common.cache.LocalCache$EntryFactory$5                               : loaded 2 times (x 81B)
Class com.google.common.cache.LocalCache$EntryFactory$6                               : loaded 2 times (x 81B)
Class com.google.common.cache.LocalCache$EntryFactory$7                               : loaded 2 times (x 81B)
Class com.google.common.cache.LocalCache$EntryFactory$8                               : loaded 2 times (x 81B)
Class com.google.common.base.Predicate                                                : loaded 2 times (x 68B)
Class com.google.common.cache.LocalCache$StrongValueReference                         : loaded 2 times (x 88B)
Class org.gradle.internal.classloader.FilteringClassLoader                            : loaded 2 times (x 103B)
Class com.google.common.collect.RegularImmutableSet                                   : loaded 2 times (x 147B)
Class [Lcom.google.common.cache.LocalCache$Strength;                                  : loaded 2 times (x 67B)
Class org.gradle.internal.classpath.DefaultClassPath$ImmutableUniqueList$Builder      : loaded 2 times (x 73B)
Class com.google.common.collect.Maps$8                                                : loaded 2 times (x 80B)
Class [Lcom.google.common.cache.CacheBuilder$NullListener;                            : loaded 2 times (x 67B)
Class com.google.common.base.CharMatcher$InRange                                      : loaded 2 times (x 109B)
Class com.google.common.collect.BiMap                                                 : loaded 2 times (x 68B)
Class com.google.common.math.IntMath$1                                                : loaded 2 times (x 69B)
Class org.gradle.internal.classloader.ClassLoaderVisitor                              : loaded 2 times (x 74B)
Class com.google.common.cache.CacheBuilder$NullListener                               : loaded 2 times (x 80B)
Class com.google.common.math.MathPreconditions                                        : loaded 2 times (x 69B)
Class org.gradle.internal.service.DefaultServiceLocator                               : loaded 2 times (x 81B)
Class org.gradle.internal.service.UnknownServiceException                             : loaded 2 times (x 81B)
Class com.google.common.cache.CacheLoader$InvalidCacheLoadException                   : loaded 2 times (x 80B)
Class org.gradle.internal.classloader.DefaultClassLoaderFactory                       : loaded 2 times (x 80B)
Class com.google.common.collect.UnmodifiableIterator                                  : loaded 2 times (x 78B)
Class com.google.common.base.Stopwatch                                                : loaded 2 times (x 70B)
Class com.google.common.cache.LocalCache$LoadingValueReference                        : loaded 2 times (x 94B)
Class com.google.common.collect.Hashing                                               : loaded 2 times (x 69B)
Class com.google.common.base.FunctionalEquivalence                                    : loaded 2 times (x 81B)
Class com.google.common.cache.LocalCache$1                                            : loaded 2 times (x 87B)
Class com.google.common.cache.LocalCache$2                                            : loaded 2 times (x 140B)
Class org.gradle.internal.classloader.VisitableURLClassLoader$Spec                    : loaded 2 times (x 72B)
Class org.gradle.api.GradleException                                                  : loaded 2 times (x 80B)
Class org.gradle.api.internal.classpath.ModuleRegistry                                : loaded 2 times (x 68B)
Class com.google.common.cache.CacheBuilder                                            : loaded 2 times (x 70B)
Class com.google.common.collect.ImmutableCollection                                   : loaded 2 times (x 123B)
Class com.google.common.base.PairwiseEquivalence                                      : loaded 2 times (x 81B)
Class com.google.common.base.Ticker                                                   : loaded 2 times (x 70B)
Class org.gradle.api.internal.ClassPathProvider                                       : loaded 2 times (x 68B)
Class com.google.common.collect.RegularImmutableMap$Values                            : loaded 2 times (x 167B)
Class org.gradle.internal.classloader.ClasspathUtil$1                                 : loaded 2 times (x 74B)
Class com.google.common.collect.ImmutableEnumMap                                      : loaded 2 times (x 124B)
Class com.google.common.collect.ImmutableList$ReverseImmutableList                    : loaded 2 times (x 169B)
Class com.google.common.cache.AbstractCache$StatsCounter                              : loaded 2 times (x 68B)
Class com.google.common.cache.LocalCache$Strength$1                                   : loaded 2 times (x 79B)
Class com.google.common.cache.LocalCache$Strength$2                                   : loaded 2 times (x 79B)
Class com.google.common.cache.LocalCache$Strength$3                                   : loaded 2 times (x 79B)
Class org.gradle.internal.classloader.ClassLoaderFactory                              : loaded 2 times (x 68B)
Class com.google.common.util.concurrent.Uninterruptibles                              : loaded 2 times (x 69B)
Class com.google.common.collect.ImmutableList                                         : loaded 2 times (x 166B)
Class org.gradle.api.internal.classpath.ManifestUtil                                  : loaded 2 times (x 69B)
Class org.gradle.api.specs.Spec                                                       : loaded 2 times (x 68B)
Class com.google.common.cache.CacheLoader$UnsupportedLoadingOperationException        : loaded 2 times (x 80B)
Class com.google.common.util.concurrent.ListenableFuture                              : loaded 2 times (x 68B)
Class com.google.common.collect.Iterators$1                                           : loaded 2 times (x 79B)
Class com.google.common.collect.Iterators$4                                           : loaded 2 times (x 80B)
Class com.google.common.collect.RegularImmutableMap$BucketOverflowException           : loaded 2 times (x 80B)
Class com.google.common.collect.Iterators$5                                           : loaded 2 times (x 80B)
Class com.google.common.base.Equivalence$Equals                                       : loaded 2 times (x 80B)
Class com.google.common.base.Preconditions                                            : loaded 2 times (x 69B)
Class com.google.common.base.Function                                                 : loaded 2 times (x 68B)
Class com.google.common.collect.Iterators$9                                           : loaded 2 times (x 79B)
Class org.gradle.internal.IoActions                                                   : loaded 2 times (x 69B)
Class com.google.common.cache.ReferenceEntry                                          : loaded 2 times (x 68B)
Class com.google.common.collect.CollectPreconditions                                  : loaded 2 times (x 69B)
Class com.google.common.collect.RegularImmutableMap$KeySet                            : loaded 2 times (x 150B)
Class [Lcom.google.common.collect.AbstractMapEntry;                                   : loaded 2 times (x 67B)
Class com.google.common.collect.RegularImmutableMap                                   : loaded 2 times (x 119B)
Class com.google.common.collect.AbstractIndexedListIterator                           : loaded 2 times (x 94B)
Class org.gradle.api.internal.classpath.EffectiveClassPath                            : loaded 2 times (x 88B)
Class com.google.common.collect.UnmodifiableListIterator                              : loaded 2 times (x 93B)
Class com.google.common.cache.CacheLoader$FunctionToCacheLoader                       : loaded 2 times (x 73B)
Class com.google.common.cache.CacheBuilder$1                                          : loaded 2 times (x 83B)
Class com.google.common.cache.CacheBuilder$2                                          : loaded 2 times (x 77B)
Class com.google.common.collect.ImmutableList$1                                       : loaded 2 times (x 95B)
Class com.google.common.cache.CacheBuilder$3                                          : loaded 2 times (x 70B)
Class com.google.common.collect.ImmutableMapEntrySet$RegularEntrySet                  : loaded 2 times (x 150B)
Class [Lcom.google.common.cache.RemovalListener;                                      : loaded 2 times (x 67B)
Class [Lcom.google.common.collect.ImmutableMapEntry;                                  : loaded 2 times (x 67B)
Class org.gradle.internal.installation.CurrentGradleInstallation                      : loaded 2 times (x 71B)
Class org.gradle.internal.installation.CurrentGradleInstallationLocator               : loaded 2 times (x 69B)
Class [Lcom.google.common.cache.LocalCache$Segment;                                   : loaded 2 times (x 67B)
Class org.gradle.api.internal.classpath.Module                                        : loaded 2 times (x 68B)
Class com.google.common.collect.ImmutableSet$JdkBackedSetBuilderImpl                  : loaded 2 times (x 74B)
Class com.google.common.collect.ImmutableSet$RegularSetBuilderImpl                    : loaded 2 times (x 75B)
Class org.gradle.internal.service.CachingServiceLocator                               : loaded 2 times (x 80B)
Class [Lcom.google.common.collect.ImmutableEntry;                                     : loaded 2 times (x 67B)
Class org.gradle.internal.classpath.DefaultClassPath                                  : loaded 2 times (x 88B)
Class org.jetbrains.kotlin.gradle.plugin.KotlinBasePlugin                             : loaded 2 times (x 68B)
Class com.google.common.cache.LocalCache$LocalManualCache$1                           : loaded 2 times (x 73B)
Class org.jetbrains.kotlin.gradle.plugin.KotlinAndroidPluginWrapper                   : loaded 2 times (x 84B)
Class Build_gradle$2                                                                  : loaded 2 times (x 73B)
Class Build_gradle$3                                                                  : loaded 2 times (x 72B)
Class [Lcom.google.common.cache.LocalCache$EntryFactory;                              : loaded 2 times (x 67B)
Class com.google.common.base.CharMatcher$Is                                           : loaded 2 times (x 109B)
Class com.google.common.collect.RegularImmutableAsList                                : loaded 2 times (x 177B)
Class com.google.common.collect.PeekingIterator                                       : loaded 2 times (x 68B)
Class com.google.common.collect.ImmutableMapEntrySet                                  : loaded 2 times (x 150B)
Class com.google.common.cache.CacheLoader                                             : loaded 2 times (x 72B)
Class com.google.common.cache.Cache                                                   : loaded 2 times (x 68B)
Class org.gradle.internal.classloader.SystemClassLoaderSpec                           : loaded 2 times (x 69B)
Class com.google.common.util.concurrent.internal.InternalFutureFailureAccess          : loaded 2 times (x 70B)
Class com.google.common.collect.SingletonImmutableSet                                 : loaded 2 times (x 144B)
Class org.jetbrains.kotlin.gradle.plugin.KotlinBasePluginWrapper                      : loaded 2 times (x 84B)
Class com.google.common.collect.ImmutableMap$Builder                                  : loaded 2 times (x 80B)
Class [Lcom.google.common.cache.CacheBuilder$OneWeigher;                              : loaded 2 times (x 67B)
Class com.google.common.collect.Iterators                                             : loaded 2 times (x 69B)
Class com.google.common.base.CharMatcher$1                                            : loaded 2 times (x 111B)
Class com.google.common.cache.LocalCache$ComputingValueReference                      : loaded 2 times (x 94B)
Class org.gradle.api.UncheckedIOException                                             : loaded 2 times (x 80B)
Class com.google.common.base.CharMatcher$And                                          : loaded 2 times (x 110B)
Class com.google.common.collect.IndexedImmutableSet                                   : loaded 2 times (x 150B)
Class com.google.common.collect.IndexedImmutableSet$1                                 : loaded 2 times (x 173B)
Class com.google.common.collect.Iterators$MergingIterator                             : loaded 2 times (x 79B)
Class com.google.common.cache.LocalCache$Strength                                     : loaded 2 times (x 79B)
Class org.gradle.api.internal.classpath.GlobalCacheRootsProvider                      : loaded 2 times (x 68B)
Class com.google.common.collect.ImmutableList$SubList                                 : loaded 2 times (x 169B)
Class com.google.common.cache.LocalCache$ValueReference                               : loaded 2 times (x 68B)
Class org.gradle.internal.classloader.ClasspathUtil                                   : loaded 2 times (x 69B)
Class com.google.common.util.concurrent.AbstractFuture                                : loaded 2 times (x 93B)
Class com.google.common.base.Ticker$1                                                 : loaded 2 times (x 70B)
Class com.google.common.collect.Maps$BiMapConverter                                   : loaded 2 times (x 88B)
Class org.gradle.api.internal.DefaultClassPathRegistry                                : loaded 2 times (x 74B)
Class com.google.common.collect.Iterators$SingletonIterator                           : loaded 2 times (x 79B)
Class com.google.common.util.concurrent.AbstractFuture$Cancellation                   : loaded 2 times (x 70B)
Class com.google.common.collect.ImmutableSet$SetBuilderImpl                           : loaded 2 times (x 74B)
Class org.gradle.api.internal.classpath.DefaultModuleRegistry$DefaultModule           : loaded 2 times (x 84B)
Class com.google.common.collect.ImmutableMap$1                                        : loaded 2 times (x 79B)
Class com.google.common.base.CharMatcher$Or                                           : loaded 2 times (x 110B)
Class com.google.common.base.Suppliers$SupplierOfInstance                             : loaded 2 times (x 77B)
Class com.google.common.collect.Iterables                                             : loaded 2 times (x 69B)
Class org.gradle.api.internal.classpath.UnknownModuleException                        : loaded 2 times (x 80B)
Class com.google.common.util.concurrent.AbstractFuture$Listener                       : loaded 2 times (x 70B)
Class org.jetbrains.kotlin.gradle.plugin.AbstractKotlinAndroidPluginWrapper           : loaded 2 times (x 84B)
Class com.google.common.collect.Maps$EntryTransformer                                 : loaded 2 times (x 68B)
Class com.google.common.collect.ImmutableCollection$Builder                           : loaded 2 times (x 74B)
Class com.google.common.base.Suppliers                                                : loaded 2 times (x 69B)
Class com.google.common.cache.LoadingCache                                            : loaded 2 times (x 68B)
Class org.gradle.internal.service.ServiceLookupException                              : loaded 2 times (x 80B)
Class com.google.common.base.CharMatcher$NegatedFastMatcher                           : loaded 2 times (x 111B)
Class [Lorg.gradle.api.internal.ClassPathProvider;                                    : loaded 2 times (x 67B)
Class org.gradle.util.internal.GUtil                                                  : loaded 2 times (x 69B)
Class com.google.common.math.IntMath                                                  : loaded 2 times (x 69B)
Class com.google.common.collect.AbstractIterator                                      : loaded 2 times (x 80B)
Class org.gradle.internal.classloader.ClassLoaderSpec                                 : loaded 2 times (x 69B)
Class com.google.common.cache.LocalCache$LocalManualCache                             : loaded 2 times (x 97B)
Class com.google.common.collect.AbstractMapEntry                                      : loaded 2 times (x 79B)
Class com.google.common.base.CharMatcher$Negated                                      : loaded 2 times (x 111B)
Class com.google.common.cache.CacheLoader$1                                           : loaded 2 times (x 73B)
Class com.google.common.util.concurrent.AbstractFuture$TrustedFuture                  : loaded 2 times (x 95B)
Class org.gradle.internal.classloader.InstrumentingClassLoader                        : loaded 2 times (x 68B)
Class com.google.common.util.concurrent.LazyLogger                                    : loaded 2 times (x 70B)
Class com.google.common.collect.ImmutableSet$Builder                                  : loaded 2 times (x 83B)
Class com.google.common.base.CharMatcher$ForPredicate                                 : loaded 2 times (x 110B)
Class com.google.common.collect.ImmutableMap$MapViewOfValuesAsSingletonSets           : loaded 2 times (x 124B)
Class com.google.common.base.MoreObjects                                              : loaded 2 times (x 69B)
Class com.google.common.collect.SortedMapDifference                                   : loaded 2 times (x 68B)
Class com.google.common.cache.CacheStats                                              : loaded 2 times (x 69B)
Class org.gradle.internal.classloader.VisitableURLClassLoader                         : loaded 2 times (x 115B)
Class com.google.common.cache.LocalCache$LocalLoadingCache                            : loaded 2 times (x 132B)
Class com.google.common.base.Supplier                                                 : loaded 2 times (x 68B)
Class com.google.common.collect.ImmutableBiMap                                        : loaded 2 times (x 141B)
Class org.gradle.internal.Cast                                                        : loaded 2 times (x 69B)
Class com.google.common.collect.Maps                                                  : loaded 2 times (x 69B)
Class org.gradle.api.internal.ClassPathRegistry                                       : loaded 2 times (x 68B)
Class com.google.common.cache.LocalCache$EntryFactory                                 : loaded 2 times (x 81B)
Class com.google.common.util.concurrent.UncheckedExecutionException                   : loaded 2 times (x 80B)
Class com.google.common.collect.ImmutableSet                                          : loaded 2 times (x 143B)
Class org.gradle.internal.classloader.VisitableURLClassLoader$InstrumentingVisitableURLClassLoader: loaded 2 times (x 121B)
Class org.gradle.internal.classloader.ClassLoaderHierarchy                            : loaded 2 times (x 68B)
Class com.google.common.cache.Weigher                                                 : loaded 2 times (x 68B)
Class com.google.common.base.CharMatcher$NamedFastMatcher                             : loaded 2 times (x 110B)
Class org.gradle.internal.InternalTransformer                                         : loaded 2 times (x 68B)
Class org.gradle.internal.service.ServiceLocator                                      : loaded 2 times (x 68B)
Class Settings_gradle$1                                                               : loaded 2 times (x 72B)
Class com.google.common.util.concurrent.SettableFuture                                : loaded 2 times (x 95B)
Class com.google.common.collect.ImmutableMapEntry                                     : loaded 2 times (x 83B)
Class com.google.common.base.CharMatcher$FastMatcher                                  : loaded 2 times (x 109B)
Class org.gradle.internal.classpath.DefaultClassPath$ImmutableUniqueList              : loaded 2 times (x 159B)
Class org.gradle.internal.classpath.TransformedClassPath                              : loaded 2 times (x 94B)
Class com.google.common.collect.MapDifference                                         : loaded 2 times (x 68B)
Class com.google.common.util.concurrent.AbstractFuture$Trusted                        : loaded 2 times (x 68B)
Class org.gradle.internal.installation.GradleInstallation                             : loaded 2 times (x 73B)
Class com.google.common.collect.ImmutableAsList                                       : loaded 2 times (x 169B)
Class com.google.common.util.concurrent.ExecutionError                                : loaded 2 times (x 80B)
Class com.google.common.base.Equivalence$Identity                                     : loaded 2 times (x 80B)
Class com.google.common.base.CharMatcher$AnyOf                                        : loaded 2 times (x 110B)
Class com.google.common.base.CharMatcher$IsEither                                     : loaded 2 times (x 109B)
Class com.google.common.cache.LocalCache                                              : loaded 2 times (x 185B)
Class com.google.common.collect.RegularImmutableList                                  : loaded 2 times (x 173B)
Class com.google.common.collect.ImmutableSet$CachingAsList                            : loaded 2 times (x 146B)
Class com.google.common.collect.ImmutableMapEntry$NonTerminalImmutableMapEntry        : loaded 2 times (x 83B)


---------------  S Y S T E M  ---------------

OS:
 Windows 11 , 64 bit Build 22000 (10.0.22000.2538)
OS uptime: 2 days 16:37 hours
Hyper-V role detected

CPU: total 16 (initial active 16) (16 cores per cpu, 2 threads per core) family 25 model 80 stepping 0 microcode 0x0, cx8, cmov, fxsr, ht, mmx, 3dnowpref, sse, sse2, sse3, ssse3, sse4a, sse4.1, sse4.2, popcnt, lzcnt, tsc, tscinvbit, avx, avx2, aes, erms, clmul, bmi1, bmi2, adx, sha, fma, vzeroupper, clflush, clflushopt, hv
Processor Information for processor 0
  Max Mhz: 2000, Current Mhz: 1808, Mhz Limit: 2000
Processor Information for processor 1
  Max Mhz: 2000, Current Mhz: 2000, Mhz Limit: 2000
Processor Information for processor 2
  Max Mhz: 2000, Current Mhz: 2000, Mhz Limit: 2000
Processor Information for processor 3
  Max Mhz: 2000, Current Mhz: 1808, Mhz Limit: 2000
Processor Information for processor 4
  Max Mhz: 2000, Current Mhz: 2000, Mhz Limit: 2000
Processor Information for processor 5
  Max Mhz: 2000, Current Mhz: 2000, Mhz Limit: 2000
Processor Information for processor 6
  Max Mhz: 2000, Current Mhz: 1808, Mhz Limit: 2000
Processor Information for processor 7
  Max Mhz: 2000, Current Mhz: 2000, Mhz Limit: 2000
Processor Information for processor 8
  Max Mhz: 2000, Current Mhz: 1808, Mhz Limit: 2000
Processor Information for processor 9
  Max Mhz: 2000, Current Mhz: 2000, Mhz Limit: 2000
Processor Information for processor 10
  Max Mhz: 2000, Current Mhz: 2000, Mhz Limit: 2000
Processor Information for processor 11
  Max Mhz: 2000, Current Mhz: 2000, Mhz Limit: 2000
Processor Information for processor 12
  Max Mhz: 2000, Current Mhz: 1808, Mhz Limit: 2000
Processor Information for processor 13
  Max Mhz: 2000, Current Mhz: 2000, Mhz Limit: 2000
Processor Information for processor 14
  Max Mhz: 2000, Current Mhz: 1808, Mhz Limit: 2000
Processor Information for processor 15
  Max Mhz: 2000, Current Mhz: 2000, Mhz Limit: 2000

Memory: 4k page, system-wide physical 7489M (57M free)
TotalPageFile size 30017M (AvailPageFile size 0M)
current process WorkingSet (physical memory assigned to process): 369M, peak: 372M
current process commit charge ("private bytes"): 814M, peak: 821M

vm_info: OpenJDK 64-Bit Server VM (17.0.11+0--11852314) for windows-amd64 JRE (17.0.11+0--11852314), built on May 16 2024 21:29:20 by "androidbuild" with MS VC++ 16.10 / 16.11 (VS2019)

END.
